input	pcm	phbuf_hex_len	genphon_hex_len	phidx_count	pinyins
㐀	0	0	0	0	 
㐁	0	0	0	0	 
㐂	0	0	0	0	 
㐃	0	0	0	0	 
㐄	0	0	0	0	 
㐅	0	0	0	0	 
㐆	0	0	0	0	 
㐇	0	0	0	0	 
㐈	0	0	0	0	 
㐉	0	0	0	0	 
㐊	0	0	0	0	 
㐋	0	0	0	0	 
㐌	0	0	0	0	 
㐍	0	0	0	0	 
㐎	0	0	0	0	 
㐏	0	0	0	0	 
㐐	0	0	0	0	 
㐑	0	0	0	0	 
㐒	0	0	0	0	 
㐓	0	0	0	0	 
㐔	0	0	0	0	 
㐕	0	0	0	0	 
㐖	0	0	0	0	 
㐗	0	0	0	0	 
㐘	0	0	0	0	 
㐙	0	0	0	0	 
㐚	0	0	0	0	 
㐛	0	0	0	0	 
㐜	0	0	0	0	 
㐝	0	0	0	0	 
㐞	0	0	0	0	 
㐟	0	0	0	0	 
㐠	0	0	0	0	 
㐡	0	0	0	0	 
㐢	0	0	0	0	 
㐣	0	0	0	0	 
㐤	0	0	0	0	 
㐥	0	0	0	0	 
㐦	0	0	0	0	 
㐧	0	0	0	0	 
㐨	0	0	0	0	 
㐩	0	0	0	0	 
㐪	0	0	0	0	 
㐫	0	0	0	0	 
㐬	0	0	0	0	 
㐭	0	0	0	0	 
㐮	0	0	0	0	 
㐯	0	0	0	0	 
㐰	0	0	0	0	 
㐱	0	0	0	0	 
㐲	0	0	0	0	 
㐳	0	0	0	0	 
㐴	0	0	0	0	 
㐵	0	0	0	0	 
㐶	0	0	0	0	 
㐷	0	0	0	0	 
㐸	0	0	0	0	 
㐹	0	0	0	0	 
㐺	0	0	0	0	 
㐻	0	0	0	0	 
㐼	0	0	0	0	 
㐽	0	0	0	0	 
㐾	0	0	0	0	 
㐿	0	0	0	0	 
㑀	0	0	0	0	 
㑁	0	0	0	0	 
㑂	0	0	0	0	 
㑃	0	0	0	0	 
㑄	0	0	0	0	 
㑅	0	0	0	0	 
㑆	0	0	0	0	 
㑇	0	0	0	0	 
㑈	0	0	0	0	 
㑉	0	0	0	0	 
㑊	0	0	0	0	 
㑋	0	0	0	0	 
㑌	0	0	0	0	 
㑍	0	0	0	0	 
㑎	0	0	0	0	 
㑏	0	0	0	0	 
㑐	0	0	0	0	 
㑑	0	0	0	0	 
㑒	0	0	0	0	 
㑓	0	0	0	0	 
㑔	0	0	0	0	 
㑕	0	0	0	0	 
㑖	0	0	0	0	 
㑗	0	0	0	0	 
㑘	0	0	0	0	 
㑙	0	0	0	0	 
㑚	0	0	0	0	 
㑛	0	0	0	0	 
㑜	0	0	0	0	 
㑝	0	0	0	0	 
㑞	0	0	0	0	 
㑟	0	0	0	0	 
㑠	0	0	0	0	 
㑡	0	0	0	0	 
㑢	0	0	0	0	 
㑣	0	0	0	0	 
㑤	0	0	0	0	 
㑥	0	0	0	0	 
㑦	0	0	0	0	 
㑧	0	0	0	0	 
㑨	0	0	0	0	 
㑩	0	0	0	0	 
㑪	0	0	0	0	 
㑫	0	0	0	0	 
㑬	0	0	0	0	 
㑭	0	0	0	0	 
㑮	0	0	0	0	 
㑯	0	0	0	0	 
㑰	0	0	0	0	 
㑱	0	0	0	0	 
㑲	0	0	0	0	 
㑳	0	0	0	0	 
㑴	0	0	0	0	 
㑵	0	0	0	0	 
㑶	0	0	0	0	 
㑷	0	0	0	0	 
㑸	0	0	0	0	 
㑹	0	0	0	0	 
㑺	0	0	0	0	 
㑻	0	0	0	0	 
㑼	0	0	0	0	 
㑽	0	0	0	0	 
㑾	0	0	0	0	 
㑿	0	0	0	0	 
㒀	0	0	0	0	 
㒁	0	0	0	0	 
㒂	0	0	0	0	 
㒃	0	0	0	0	 
㒄	0	0	0	0	 
㒅	0	0	0	0	 
㒆	0	0	0	0	 
㒇	0	0	0	0	 
㒈	0	0	0	0	 
㒉	0	0	0	0	 
㒊	0	0	0	0	 
㒋	0	0	0	0	 
㒌	0	0	0	0	 
㒍	0	0	0	0	 
㒎	0	0	0	0	 
㒏	0	0	0	0	 
㒐	0	0	0	0	 
㒑	0	0	0	0	 
㒒	0	0	0	0	 
㒓	0	0	0	0	 
㒔	0	0	0	0	 
㒕	0	0	0	0	 
㒖	0	0	0	0	 
㒗	0	0	0	0	 
㒘	0	0	0	0	 
㒙	0	0	0	0	 
㒚	0	0	0	0	 
㒛	0	0	0	0	 
㒜	0	0	0	0	 
㒝	0	0	0	0	 
㒞	0	0	0	0	 
㒟	0	0	0	0	 
㒠	0	0	0	0	 
㒡	0	0	0	0	 
㒢	0	0	0	0	 
㒣	0	0	0	0	 
㒤	0	0	0	0	 
㒥	0	0	0	0	 
㒦	0	0	0	0	 
㒧	0	0	0	0	 
㒨	0	0	0	0	 
㒩	0	0	0	0	 
㒪	0	0	0	0	 
㒫	0	0	0	0	 
㒬	0	0	0	0	 
㒭	0	0	0	0	 
㒮	0	0	0	0	 
㒯	0	0	0	0	 
㒰	0	0	0	0	 
㒱	0	0	0	0	 
㒲	0	0	0	0	 
㒳	0	0	0	0	 
㒴	0	0	0	0	 
㒵	0	0	0	0	 
㒶	0	0	0	0	 
㒷	0	0	0	0	 
㒸	0	0	0	0	 
㒹	0	0	0	0	 
㒺	0	0	0	0	 
㒻	0	0	0	0	 
㒼	0	0	0	0	 
㒽	0	0	0	0	 
㒾	0	0	0	0	 
㒿	0	0	0	0	 
㓀	0	0	0	0	 
㓁	0	0	0	0	 
㓂	0	0	0	0	 
㓃	0	0	0	0	 
㓄	0	0	0	0	 
㓅	0	0	0	0	 
㓆	0	0	0	0	 
㓇	0	0	0	0	 
㓈	0	0	0	0	 
㓉	0	0	0	0	 
㓊	0	0	0	0	 
㓋	0	0	0	0	 
㓌	0	0	0	0	 
㓍	0	0	0	0	 
㓎	0	0	0	0	 
㓏	0	0	0	0	 
㓐	0	0	0	0	 
㓑	0	0	0	0	 
㓒	0	0	0	0	 
㓓	0	0	0	0	 
㓔	0	0	0	0	 
㓕	0	0	0	0	 
㓖	0	0	0	0	 
㓗	0	0	0	0	 
㓘	0	0	0	0	 
㓙	0	0	0	0	 
㓚	0	0	0	0	 
㓛	0	0	0	0	 
㓜	0	0	0	0	 
㓝	0	0	0	0	 
㓞	0	0	0	0	 
㓟	0	0	0	0	 
㓠	0	0	0	0	 
㓡	0	0	0	0	 
㓢	0	0	0	0	 
㓣	0	0	0	0	 
㓤	0	0	0	0	 
㓥	0	0	0	0	 
㓦	0	0	0	0	 
㓧	0	0	0	0	 
㓨	0	0	0	0	 
㓩	0	0	0	0	 
㓪	0	0	0	0	 
㓫	0	0	0	0	 
㓬	0	0	0	0	 
㓭	0	0	0	0	 
㓮	0	0	0	0	 
㓯	0	0	0	0	 
㓰	0	0	0	0	 
㓱	0	0	0	0	 
㓲	0	0	0	0	 
㓳	0	0	0	0	 
㓴	0	0	0	0	 
㓵	0	0	0	0	 
㓶	0	0	0	0	 
㓷	0	0	0	0	 
㓸	0	0	0	0	 
㓹	0	0	0	0	 
㓺	0	0	0	0	 
㓻	0	0	0	0	 
㓼	0	0	0	0	 
㓽	0	0	0	0	 
㓾	0	0	0	0	 
㓿	0	0	0	0	 
㔀	0	0	0	0	 
㔁	0	0	0	0	 
㔂	0	0	0	0	 
㔃	0	0	0	0	 
㔄	0	0	0	0	 
㔅	0	0	0	0	 
㔆	0	0	0	0	 
㔇	0	0	0	0	 
㔈	0	0	0	0	 
㔉	0	0	0	0	 
㔊	0	0	0	0	 
㔋	0	0	0	0	 
㔌	0	0	0	0	 
㔍	0	0	0	0	 
㔎	0	0	0	0	 
㔏	0	0	0	0	 
㔐	0	0	0	0	 
㔑	0	0	0	0	 
㔒	0	0	0	0	 
㔓	0	0	0	0	 
㔔	0	0	0	0	 
㔕	0	0	0	0	 
㔖	0	0	0	0	 
㔗	0	0	0	0	 
㔘	0	0	0	0	 
㔙	0	0	0	0	 
㔚	0	0	0	0	 
㔛	0	0	0	0	 
㔜	0	0	0	0	 
㔝	0	0	0	0	 
㔞	0	0	0	0	 
㔟	0	0	0	0	 
㔠	0	0	0	0	 
㔡	0	0	0	0	 
㔢	0	0	0	0	 
㔣	0	0	0	0	 
㔤	0	0	0	0	 
㔥	0	0	0	0	 
㔦	0	0	0	0	 
㔧	0	0	0	0	 
㔨	0	0	0	0	 
㔩	0	0	0	0	 
㔪	0	0	0	0	 
㔫	0	0	0	0	 
㔬	0	0	0	0	 
㔭	0	0	0	0	 
㔮	0	0	0	0	 
㔯	0	0	0	0	 
㔰	0	0	0	0	 
㔱	0	0	0	0	 
㔲	0	0	0	0	 
㔳	0	0	0	0	 
㔴	0	0	0	0	 
㔵	0	0	0	0	 
㔶	0	0	0	0	 
㔷	0	0	0	0	 
㔸	0	0	0	0	 
㔹	0	0	0	0	 
㔺	0	0	0	0	 
㔻	0	0	0	0	 
㔼	0	0	0	0	 
㔽	0	0	0	0	 
㔾	0	0	0	0	 
㔿	0	0	0	0	 
㕀	0	0	0	0	 
㕁	0	0	0	0	 
㕂	0	0	0	0	 
㕃	0	0	0	0	 
㕄	0	0	0	0	 
㕅	0	0	0	0	 
㕆	0	0	0	0	 
㕇	0	0	0	0	 
㕈	0	0	0	0	 
㕉	0	0	0	0	 
㕊	0	0	0	0	 
㕋	0	0	0	0	 
㕌	0	0	0	0	 
㕍	0	0	0	0	 
㕎	0	0	0	0	 
㕏	0	0	0	0	 
㕐	0	0	0	0	 
㕑	0	0	0	0	 
㕒	0	0	0	0	 
㕓	0	0	0	0	 
㕔	0	0	0	0	 
㕕	0	0	0	0	 
㕖	0	0	0	0	 
㕗	0	0	0	0	 
㕘	0	0	0	0	 
㕙	0	0	0	0	 
㕚	0	0	0	0	 
㕛	0	0	0	0	 
㕜	0	0	0	0	 
㕝	0	0	0	0	 
㕞	0	0	0	0	 
㕟	0	0	0	0	 
㕠	0	0	0	0	 
㕡	0	0	0	0	 
㕢	0	0	0	0	 
㕣	0	0	0	0	 
㕤	0	0	0	0	 
㕥	0	0	0	0	 
㕦	0	0	0	0	 
㕧	0	0	0	0	 
㕨	0	0	0	0	 
㕩	0	0	0	0	 
㕪	0	0	0	0	 
㕫	0	0	0	0	 
㕬	0	0	0	0	 
㕭	0	0	0	0	 
㕮	0	0	0	0	 
㕯	0	0	0	0	 
㕰	0	0	0	0	 
㕱	0	0	0	0	 
㕲	0	0	0	0	 
㕳	0	0	0	0	 
㕴	0	0	0	0	 
㕵	0	0	0	0	 
㕶	0	0	0	0	 
㕷	0	0	0	0	 
㕸	0	0	0	0	 
㕹	0	0	0	0	 
㕺	0	0	0	0	 
㕻	0	0	0	0	 
㕼	0	0	0	0	 
㕽	0	0	0	0	 
㕾	0	0	0	0	 
㕿	0	0	0	0	 
㖀	0	0	0	0	 
㖁	0	0	0	0	 
㖂	0	0	0	0	 
㖃	0	0	0	0	 
㖄	0	0	0	0	 
㖅	0	0	0	0	 
㖆	0	0	0	0	 
㖇	0	0	0	0	 
㖈	0	0	0	0	 
㖉	0	0	0	0	 
㖊	0	0	0	0	 
㖋	0	0	0	0	 
㖌	0	0	0	0	 
㖍	0	0	0	0	 
㖎	0	0	0	0	 
㖏	0	0	0	0	 
㖐	0	0	0	0	 
㖑	0	0	0	0	 
㖒	0	0	0	0	 
㖓	0	0	0	0	 
㖔	0	0	0	0	 
㖕	0	0	0	0	 
㖖	0	0	0	0	 
㖗	0	0	0	0	 
㖘	0	0	0	0	 
㖙	0	0	0	0	 
㖚	0	0	0	0	 
㖛	0	0	0	0	 
㖜	0	0	0	0	 
㖝	0	0	0	0	 
㖞	0	0	0	0	 
㖟	0	0	0	0	 
㖠	0	0	0	0	 
㖡	0	0	0	0	 
㖢	0	0	0	0	 
㖣	0	0	0	0	 
㖤	0	0	0	0	 
㖥	0	0	0	0	 
㖦	0	0	0	0	 
㖧	0	0	0	0	 
㖨	0	0	0	0	 
㖩	0	0	0	0	 
㖪	0	0	0	0	 
㖫	0	0	0	0	 
㖬	0	0	0	0	 
㖭	0	0	0	0	 
㖮	0	0	0	0	 
㖯	0	0	0	0	 
㖰	0	0	0	0	 
㖱	0	0	0	0	 
㖲	0	0	0	0	 
㖳	0	0	0	0	 
㖴	0	0	0	0	 
㖵	0	0	0	0	 
㖶	0	0	0	0	 
㖷	0	0	0	0	 
㖸	0	0	0	0	 
㖹	0	0	0	0	 
㖺	0	0	0	0	 
㖻	0	0	0	0	 
㖼	0	0	0	0	 
㖽	0	0	0	0	 
㖾	0	0	0	0	 
㖿	0	0	0	0	 
㗀	0	0	0	0	 
㗁	0	0	0	0	 
㗂	0	0	0	0	 
㗃	0	0	0	0	 
㗄	0	0	0	0	 
㗅	0	0	0	0	 
㗆	0	0	0	0	 
㗇	0	0	0	0	 
㗈	0	0	0	0	 
㗉	0	0	0	0	 
㗊	0	0	0	0	 
㗋	0	0	0	0	 
㗌	0	0	0	0	 
㗍	0	0	0	0	 
㗎	0	0	0	0	 
㗏	0	0	0	0	 
㗐	0	0	0	0	 
㗑	0	0	0	0	 
㗒	0	0	0	0	 
㗓	0	0	0	0	 
㗔	0	0	0	0	 
㗕	0	0	0	0	 
㗖	0	0	0	0	 
㗗	0	0	0	0	 
㗘	0	0	0	0	 
㗙	0	0	0	0	 
㗚	0	0	0	0	 
㗛	0	0	0	0	 
㗜	0	0	0	0	 
㗝	0	0	0	0	 
㗞	0	0	0	0	 
㗟	0	0	0	0	 
㗠	0	0	0	0	 
㗡	0	0	0	0	 
㗢	0	0	0	0	 
㗣	0	0	0	0	 
㗤	0	0	0	0	 
㗥	0	0	0	0	 
㗦	0	0	0	0	 
㗧	0	0	0	0	 
㗨	0	0	0	0	 
㗩	0	0	0	0	 
㗪	0	0	0	0	 
㗫	0	0	0	0	 
㗬	0	0	0	0	 
㗭	0	0	0	0	 
㗮	0	0	0	0	 
㗯	0	0	0	0	 
㗰	0	0	0	0	 
㗱	0	0	0	0	 
㗲	0	0	0	0	 
㗳	0	0	0	0	 
㗴	0	0	0	0	 
㗵	0	0	0	0	 
㗶	0	0	0	0	 
㗷	0	0	0	0	 
㗸	0	0	0	0	 
㗹	0	0	0	0	 
㗺	0	0	0	0	 
㗻	0	0	0	0	 
㗼	0	0	0	0	 
㗽	0	0	0	0	 
㗾	0	0	0	0	 
㗿	0	0	0	0	 
㘀	0	0	0	0	 
㘁	0	0	0	0	 
㘂	0	0	0	0	 
㘃	0	0	0	0	 
㘄	0	0	0	0	 
㘅	0	0	0	0	 
㘆	0	0	0	0	 
㘇	0	0	0	0	 
㘈	0	0	0	0	 
㘉	0	0	0	0	 
㘊	0	0	0	0	 
㘋	0	0	0	0	 
㘌	0	0	0	0	 
㘍	0	0	0	0	 
㘎	0	0	0	0	 
㘏	0	0	0	0	 
㘐	0	0	0	0	 
㘑	0	0	0	0	 
㘒	0	0	0	0	 
㘓	0	0	0	0	 
㘔	0	0	0	0	 
㘕	0	0	0	0	 
㘖	0	0	0	0	 
㘗	0	0	0	0	 
㘘	0	0	0	0	 
㘙	0	0	0	0	 
㘚	0	0	0	0	 
㘛	0	0	0	0	 
㘜	0	0	0	0	 
㘝	0	0	0	0	 
㘞	0	0	0	0	 
㘟	0	0	0	0	 
㘠	0	0	0	0	 
㘡	0	0	0	0	 
㘢	0	0	0	0	 
㘣	0	0	0	0	 
㘤	0	0	0	0	 
㘥	0	0	0	0	 
㘦	0	0	0	0	 
㘧	0	0	0	0	 
㘨	0	0	0	0	 
㘩	0	0	0	0	 
㘪	0	0	0	0	 
㘫	0	0	0	0	 
㘬	0	0	0	0	 
㘭	0	0	0	0	 
㘮	0	0	0	0	 
㘯	0	0	0	0	 
㘰	0	0	0	0	 
㘱	0	0	0	0	 
㘲	0	0	0	0	 
㘳	0	0	0	0	 
㘴	0	0	0	0	 
㘵	0	0	0	0	 
㘶	0	0	0	0	 
㘷	0	0	0	0	 
㘸	0	0	0	0	 
㘹	0	0	0	0	 
㘺	0	0	0	0	 
㘻	0	0	0	0	 
㘼	0	0	0	0	 
㘽	0	0	0	0	 
㘾	0	0	0	0	 
㘿	0	0	0	0	 
㙀	0	0	0	0	 
㙁	0	0	0	0	 
㙂	0	0	0	0	 
㙃	0	0	0	0	 
㙄	0	0	0	0	 
㙅	0	0	0	0	 
㙆	0	0	0	0	 
㙇	0	0	0	0	 
㙈	0	0	0	0	 
㙉	0	0	0	0	 
㙊	0	0	0	0	 
㙋	0	0	0	0	 
㙌	0	0	0	0	 
㙍	0	0	0	0	 
㙎	0	0	0	0	 
㙏	0	0	0	0	 
㙐	0	0	0	0	 
㙑	0	0	0	0	 
㙒	0	0	0	0	 
㙓	0	0	0	0	 
㙔	0	0	0	0	 
㙕	0	0	0	0	 
㙖	0	0	0	0	 
㙗	0	0	0	0	 
㙘	0	0	0	0	 
㙙	0	0	0	0	 
㙚	0	0	0	0	 
㙛	0	0	0	0	 
㙜	0	0	0	0	 
㙝	0	0	0	0	 
㙞	0	0	0	0	 
㙟	0	0	0	0	 
㙠	0	0	0	0	 
㙡	0	0	0	0	 
㙢	0	0	0	0	 
㙣	0	0	0	0	 
㙤	0	0	0	0	 
㙥	0	0	0	0	 
㙦	0	0	0	0	 
㙧	0	0	0	0	 
㙨	0	0	0	0	 
㙩	0	0	0	0	 
㙪	0	0	0	0	 
㙫	0	0	0	0	 
㙬	0	0	0	0	 
㙭	0	0	0	0	 
㙮	0	0	0	0	 
㙯	0	0	0	0	 
㙰	0	0	0	0	 
㙱	0	0	0	0	 
㙲	0	0	0	0	 
㙳	0	0	0	0	 
㙴	0	0	0	0	 
㙵	0	0	0	0	 
㙶	0	0	0	0	 
㙷	0	0	0	0	 
㙸	0	0	0	0	 
㙹	0	0	0	0	 
㙺	0	0	0	0	 
㙻	0	0	0	0	 
㙼	0	0	0	0	 
㙽	0	0	0	0	 
㙾	0	0	0	0	 
㙿	0	0	0	0	 
㚀	0	0	0	0	 
㚁	0	0	0	0	 
㚂	0	0	0	0	 
㚃	0	0	0	0	 
㚄	0	0	0	0	 
㚅	0	0	0	0	 
㚆	0	0	0	0	 
㚇	0	0	0	0	 
㚈	0	0	0	0	 
㚉	0	0	0	0	 
㚊	0	0	0	0	 
㚋	0	0	0	0	 
㚌	0	0	0	0	 
㚍	0	0	0	0	 
㚎	0	0	0	0	 
㚏	0	0	0	0	 
㚐	0	0	0	0	 
㚑	0	0	0	0	 
㚒	0	0	0	0	 
㚓	0	0	0	0	 
㚔	0	0	0	0	 
㚕	0	0	0	0	 
㚖	0	0	0	0	 
㚗	0	0	0	0	 
㚘	0	0	0	0	 
㚙	0	0	0	0	 
㚚	0	0	0	0	 
㚛	0	0	0	0	 
㚜	0	0	0	0	 
㚝	0	0	0	0	 
㚞	0	0	0	0	 
㚟	0	0	0	0	 
㚠	0	0	0	0	 
㚡	0	0	0	0	 
㚢	0	0	0	0	 
㚣	0	0	0	0	 
㚤	0	0	0	0	 
㚥	0	0	0	0	 
㚦	0	0	0	0	 
㚧	0	0	0	0	 
㚨	0	0	0	0	 
㚩	0	0	0	0	 
㚪	0	0	0	0	 
㚫	0	0	0	0	 
㚬	0	0	0	0	 
㚭	0	0	0	0	 
㚮	0	0	0	0	 
㚯	0	0	0	0	 
㚰	0	0	0	0	 
㚱	0	0	0	0	 
㚲	0	0	0	0	 
㚳	0	0	0	0	 
㚴	0	0	0	0	 
㚵	0	0	0	0	 
㚶	0	0	0	0	 
㚷	0	0	0	0	 
㚸	0	0	0	0	 
㚹	0	0	0	0	 
㚺	0	0	0	0	 
㚻	0	0	0	0	 
㚼	0	0	0	0	 
㚽	0	0	0	0	 
㚾	0	0	0	0	 
㚿	0	0	0	0	 
㛀	0	0	0	0	 
㛁	0	0	0	0	 
㛂	0	0	0	0	 
㛃	0	0	0	0	 
㛄	0	0	0	0	 
㛅	0	0	0	0	 
㛆	0	0	0	0	 
㛇	0	0	0	0	 
㛈	0	0	0	0	 
㛉	0	0	0	0	 
㛊	0	0	0	0	 
㛋	0	0	0	0	 
㛌	0	0	0	0	 
㛍	0	0	0	0	 
㛎	0	0	0	0	 
㛏	0	0	0	0	 
㛐	0	0	0	0	 
㛑	0	0	0	0	 
㛒	0	0	0	0	 
㛓	0	0	0	0	 
㛔	0	0	0	0	 
㛕	0	0	0	0	 
㛖	0	0	0	0	 
㛗	0	0	0	0	 
㛘	0	0	0	0	 
㛙	0	0	0	0	 
㛚	0	0	0	0	 
㛛	0	0	0	0	 
㛜	0	0	0	0	 
㛝	0	0	0	0	 
㛞	0	0	0	0	 
㛟	0	0	0	0	 
㛠	0	0	0	0	 
㛡	0	0	0	0	 
㛢	0	0	0	0	 
㛣	0	0	0	0	 
㛤	0	0	0	0	 
㛥	0	0	0	0	 
㛦	0	0	0	0	 
㛧	0	0	0	0	 
㛨	0	0	0	0	 
㛩	0	0	0	0	 
㛪	0	0	0	0	 
㛫	0	0	0	0	 
㛬	0	0	0	0	 
㛭	0	0	0	0	 
㛮	0	0	0	0	 
㛯	0	0	0	0	 
㛰	0	0	0	0	 
㛱	0	0	0	0	 
㛲	0	0	0	0	 
㛳	0	0	0	0	 
㛴	0	0	0	0	 
㛵	0	0	0	0	 
㛶	0	0	0	0	 
㛷	0	0	0	0	 
㛸	0	0	0	0	 
㛹	0	0	0	0	 
㛺	0	0	0	0	 
㛻	0	0	0	0	 
㛼	0	0	0	0	 
㛽	0	0	0	0	 
㛾	0	0	0	0	 
㛿	0	0	0	0	 
㜀	0	0	0	0	 
㜁	0	0	0	0	 
㜂	0	0	0	0	 
㜃	0	0	0	0	 
㜄	0	0	0	0	 
㜅	0	0	0	0	 
㜆	0	0	0	0	 
㜇	0	0	0	0	 
㜈	0	0	0	0	 
㜉	0	0	0	0	 
㜊	0	0	0	0	 
㜋	0	0	0	0	 
㜌	0	0	0	0	 
㜍	0	0	0	0	 
㜎	0	0	0	0	 
㜏	0	0	0	0	 
㜐	0	0	0	0	 
㜑	0	0	0	0	 
㜒	0	0	0	0	 
㜓	0	0	0	0	 
㜔	0	0	0	0	 
㜕	0	0	0	0	 
㜖	0	0	0	0	 
㜗	0	0	0	0	 
㜘	0	0	0	0	 
㜙	0	0	0	0	 
㜚	0	0	0	0	 
㜛	0	0	0	0	 
㜜	0	0	0	0	 
㜝	0	0	0	0	 
㜞	0	0	0	0	 
㜟	0	0	0	0	 
㜠	0	0	0	0	 
㜡	0	0	0	0	 
㜢	0	0	0	0	 
㜣	0	0	0	0	 
㜤	0	0	0	0	 
㜥	0	0	0	0	 
㜦	0	0	0	0	 
㜧	0	0	0	0	 
㜨	0	0	0	0	 
㜩	0	0	0	0	 
㜪	0	0	0	0	 
㜫	0	0	0	0	 
㜬	0	0	0	0	 
㜭	0	0	0	0	 
㜮	0	0	0	0	 
㜯	0	0	0	0	 
㜰	0	0	0	0	 
㜱	0	0	0	0	 
㜲	0	0	0	0	 
㜳	0	0	0	0	 
㜴	0	0	0	0	 
㜵	0	0	0	0	 
㜶	0	0	0	0	 
㜷	0	0	0	0	 
㜸	0	0	0	0	 
㜹	0	0	0	0	 
㜺	0	0	0	0	 
㜻	0	0	0	0	 
㜼	0	0	0	0	 
㜽	0	0	0	0	 
㜾	0	0	0	0	 
㜿	0	0	0	0	 
㝀	0	0	0	0	 
㝁	0	0	0	0	 
㝂	0	0	0	0	 
㝃	0	0	0	0	 
㝄	0	0	0	0	 
㝅	0	0	0	0	 
㝆	0	0	0	0	 
㝇	0	0	0	0	 
㝈	0	0	0	0	 
㝉	0	0	0	0	 
㝊	0	0	0	0	 
㝋	0	0	0	0	 
㝌	0	0	0	0	 
㝍	0	0	0	0	 
㝎	0	0	0	0	 
㝏	0	0	0	0	 
㝐	0	0	0	0	 
㝑	0	0	0	0	 
㝒	0	0	0	0	 
㝓	0	0	0	0	 
㝔	0	0	0	0	 
㝕	0	0	0	0	 
㝖	0	0	0	0	 
㝗	0	0	0	0	 
㝘	0	0	0	0	 
㝙	0	0	0	0	 
㝚	0	0	0	0	 
㝛	0	0	0	0	 
㝜	0	0	0	0	 
㝝	0	0	0	0	 
㝞	0	0	0	0	 
㝟	0	0	0	0	 
㝠	0	0	0	0	 
㝡	0	0	0	0	 
㝢	0	0	0	0	 
㝣	0	0	0	0	 
㝤	0	0	0	0	 
㝥	0	0	0	0	 
㝦	0	0	0	0	 
㝧	0	0	0	0	 
㝨	0	0	0	0	 
㝩	0	0	0	0	 
㝪	0	0	0	0	 
㝫	0	0	0	0	 
㝬	0	0	0	0	 
㝭	0	0	0	0	 
㝮	0	0	0	0	 
㝯	0	0	0	0	 
㝰	0	0	0	0	 
㝱	0	0	0	0	 
㝲	0	0	0	0	 
㝳	0	0	0	0	 
㝴	0	0	0	0	 
㝵	0	0	0	0	 
㝶	0	0	0	0	 
㝷	0	0	0	0	 
㝸	0	0	0	0	 
㝹	0	0	0	0	 
㝺	0	0	0	0	 
㝻	0	0	0	0	 
㝼	0	0	0	0	 
㝽	0	0	0	0	 
㝾	0	0	0	0	 
㝿	0	0	0	0	 
㞀	0	0	0	0	 
㞁	0	0	0	0	 
㞂	0	0	0	0	 
㞃	0	0	0	0	 
㞄	0	0	0	0	 
㞅	0	0	0	0	 
㞆	0	0	0	0	 
㞇	0	0	0	0	 
㞈	0	0	0	0	 
㞉	0	0	0	0	 
㞊	0	0	0	0	 
㞋	0	0	0	0	 
㞌	0	0	0	0	 
㞍	0	0	0	0	 
㞎	0	0	0	0	 
㞏	0	0	0	0	 
㞐	0	0	0	0	 
㞑	0	0	0	0	 
㞒	0	0	0	0	 
㞓	0	0	0	0	 
㞔	0	0	0	0	 
㞕	0	0	0	0	 
㞖	0	0	0	0	 
㞗	0	0	0	0	 
㞘	0	0	0	0	 
㞙	0	0	0	0	 
㞚	0	0	0	0	 
㞛	0	0	0	0	 
㞜	0	0	0	0	 
㞝	0	0	0	0	 
㞞	0	0	0	0	 
㞟	0	0	0	0	 
㞠	0	0	0	0	 
㞡	0	0	0	0	 
㞢	0	0	0	0	 
㞣	0	0	0	0	 
㞤	0	0	0	0	 
㞥	0	0	0	0	 
㞦	0	0	0	0	 
㞧	0	0	0	0	 
㞨	0	0	0	0	 
㞩	0	0	0	0	 
㞪	0	0	0	0	 
㞫	0	0	0	0	 
㞬	0	0	0	0	 
㞭	0	0	0	0	 
㞮	0	0	0	0	 
㞯	0	0	0	0	 
㞰	0	0	0	0	 
㞱	0	0	0	0	 
㞲	0	0	0	0	 
㞳	0	0	0	0	 
㞴	0	0	0	0	 
㞵	0	0	0	0	 
㞶	0	0	0	0	 
㞷	0	0	0	0	 
㞸	0	0	0	0	 
㞹	0	0	0	0	 
㞺	0	0	0	0	 
㞻	0	0	0	0	 
㞼	0	0	0	0	 
㞽	0	0	0	0	 
㞾	0	0	0	0	 
㞿	0	0	0	0	 
㟀	0	0	0	0	 
㟁	0	0	0	0	 
㟂	0	0	0	0	 
㟃	0	0	0	0	 
㟄	0	0	0	0	 
㟅	0	0	0	0	 
㟆	0	0	0	0	 
㟇	0	0	0	0	 
㟈	0	0	0	0	 
㟉	0	0	0	0	 
㟊	0	0	0	0	 
㟋	0	0	0	0	 
㟌	0	0	0	0	 
㟍	0	0	0	0	 
㟎	0	0	0	0	 
㟏	0	0	0	0	 
㟐	0	0	0	0	 
㟑	0	0	0	0	 
㟒	0	0	0	0	 
㟓	0	0	0	0	 
㟔	0	0	0	0	 
㟕	0	0	0	0	 
㟖	0	0	0	0	 
㟗	0	0	0	0	 
㟘	0	0	0	0	 
㟙	0	0	0	0	 
㟚	0	0	0	0	 
㟛	0	0	0	0	 
㟜	0	0	0	0	 
㟝	0	0	0	0	 
㟞	0	0	0	0	 
㟟	0	0	0	0	 
㟠	0	0	0	0	 
㟡	0	0	0	0	 
㟢	0	0	0	0	 
㟣	0	0	0	0	 
㟤	0	0	0	0	 
㟥	0	0	0	0	 
㟦	0	0	0	0	 
㟧	0	0	0	0	 
㟨	0	0	0	0	 
㟩	0	0	0	0	 
㟪	0	0	0	0	 
㟫	0	0	0	0	 
㟬	0	0	0	0	 
㟭	0	0	0	0	 
㟮	0	0	0	0	 
㟯	0	0	0	0	 
㟰	0	0	0	0	 
㟱	0	0	0	0	 
㟲	0	0	0	0	 
㟳	0	0	0	0	 
㟴	0	0	0	0	 
㟵	0	0	0	0	 
㟶	0	0	0	0	 
㟷	0	0	0	0	 
㟸	0	0	0	0	 
㟹	0	0	0	0	 
㟺	0	0	0	0	 
㟻	0	0	0	0	 
㟼	0	0	0	0	 
㟽	0	0	0	0	 
㟾	0	0	0	0	 
㟿	0	0	0	0	 
㠀	0	0	0	0	 
㠁	0	0	0	0	 
㠂	0	0	0	0	 
㠃	0	0	0	0	 
㠄	0	0	0	0	 
㠅	0	0	0	0	 
㠆	0	0	0	0	 
㠇	0	0	0	0	 
㠈	0	0	0	0	 
㠉	0	0	0	0	 
㠊	0	0	0	0	 
㠋	0	0	0	0	 
㠌	0	0	0	0	 
㠍	0	0	0	0	 
㠎	0	0	0	0	 
㠏	0	0	0	0	 
㠐	0	0	0	0	 
㠑	0	0	0	0	 
㠒	0	0	0	0	 
㠓	0	0	0	0	 
㠔	0	0	0	0	 
㠕	0	0	0	0	 
㠖	0	0	0	0	 
㠗	0	0	0	0	 
㠘	0	0	0	0	 
㠙	0	0	0	0	 
㠚	0	0	0	0	 
㠛	0	0	0	0	 
㠜	0	0	0	0	 
㠝	0	0	0	0	 
㠞	0	0	0	0	 
㠟	0	0	0	0	 
㠠	0	0	0	0	 
㠡	0	0	0	0	 
㠢	0	0	0	0	 
㠣	0	0	0	0	 
㠤	0	0	0	0	 
㠥	0	0	0	0	 
㠦	0	0	0	0	 
㠧	0	0	0	0	 
㠨	0	0	0	0	 
㠩	0	0	0	0	 
㠪	0	0	0	0	 
㠫	0	0	0	0	 
㠬	0	0	0	0	 
㠭	0	0	0	0	 
㠮	0	0	0	0	 
㠯	0	0	0	0	 
㠰	0	0	0	0	 
㠱	0	0	0	0	 
㠲	0	0	0	0	 
㠳	0	0	0	0	 
㠴	0	0	0	0	 
㠵	0	0	0	0	 
㠶	0	0	0	0	 
㠷	0	0	0	0	 
㠸	0	0	0	0	 
㠹	0	0	0	0	 
㠺	0	0	0	0	 
㠻	0	0	0	0	 
㠼	0	0	0	0	 
㠽	0	0	0	0	 
㠾	0	0	0	0	 
㠿	0	0	0	0	 
㡀	0	0	0	0	 
㡁	0	0	0	0	 
㡂	0	0	0	0	 
㡃	0	0	0	0	 
㡄	0	0	0	0	 
㡅	0	0	0	0	 
㡆	0	0	0	0	 
㡇	0	0	0	0	 
㡈	0	0	0	0	 
㡉	0	0	0	0	 
㡊	0	0	0	0	 
㡋	0	0	0	0	 
㡌	0	0	0	0	 
㡍	0	0	0	0	 
㡎	0	0	0	0	 
㡏	0	0	0	0	 
㡐	0	0	0	0	 
㡑	0	0	0	0	 
㡒	0	0	0	0	 
㡓	0	0	0	0	 
㡔	0	0	0	0	 
㡕	0	0	0	0	 
㡖	0	0	0	0	 
㡗	0	0	0	0	 
㡘	0	0	0	0	 
㡙	0	0	0	0	 
㡚	0	0	0	0	 
㡛	0	0	0	0	 
㡜	0	0	0	0	 
㡝	0	0	0	0	 
㡞	0	0	0	0	 
㡟	0	0	0	0	 
㡠	0	0	0	0	 
㡡	0	0	0	0	 
㡢	0	0	0	0	 
㡣	0	0	0	0	 
㡤	0	0	0	0	 
㡥	0	0	0	0	 
㡦	0	0	0	0	 
㡧	0	0	0	0	 
㡨	0	0	0	0	 
㡩	0	0	0	0	 
㡪	0	0	0	0	 
㡫	0	0	0	0	 
㡬	0	0	0	0	 
㡭	0	0	0	0	 
㡮	0	0	0	0	 
㡯	0	0	0	0	 
㡰	0	0	0	0	 
㡱	0	0	0	0	 
㡲	0	0	0	0	 
㡳	0	0	0	0	 
㡴	0	0	0	0	 
㡵	0	0	0	0	 
㡶	0	0	0	0	 
㡷	0	0	0	0	 
㡸	0	0	0	0	 
㡹	0	0	0	0	 
㡺	0	0	0	0	 
㡻	0	0	0	0	 
㡼	0	0	0	0	 
㡽	0	0	0	0	 
㡾	0	0	0	0	 
㡿	0	0	0	0	 
㢀	0	0	0	0	 
㢁	0	0	0	0	 
㢂	0	0	0	0	 
㢃	0	0	0	0	 
㢄	0	0	0	0	 
㢅	0	0	0	0	 
㢆	0	0	0	0	 
㢇	0	0	0	0	 
㢈	0	0	0	0	 
㢉	0	0	0	0	 
㢊	0	0	0	0	 
㢋	0	0	0	0	 
㢌	0	0	0	0	 
㢍	0	0	0	0	 
㢎	0	0	0	0	 
㢏	0	0	0	0	 
㢐	0	0	0	0	 
㢑	0	0	0	0	 
㢒	0	0	0	0	 
㢓	0	0	0	0	 
㢔	0	0	0	0	 
㢕	0	0	0	0	 
㢖	0	0	0	0	 
㢗	0	0	0	0	 
㢘	0	0	0	0	 
㢙	0	0	0	0	 
㢚	0	0	0	0	 
㢛	0	0	0	0	 
㢜	0	0	0	0	 
㢝	0	0	0	0	 
㢞	0	0	0	0	 
㢟	0	0	0	0	 
㢠	0	0	0	0	 
㢡	0	0	0	0	 
㢢	0	0	0	0	 
㢣	0	0	0	0	 
㢤	0	0	0	0	 
㢥	0	0	0	0	 
㢦	0	0	0	0	 
㢧	0	0	0	0	 
㢨	0	0	0	0	 
㢩	0	0	0	0	 
㢪	0	0	0	0	 
㢫	0	0	0	0	 
㢬	0	0	0	0	 
㢭	0	0	0	0	 
㢮	0	0	0	0	 
㢯	0	0	0	0	 
㢰	0	0	0	0	 
㢱	0	0	0	0	 
㢲	0	0	0	0	 
㢳	0	0	0	0	 
㢴	0	0	0	0	 
㢵	0	0	0	0	 
㢶	0	0	0	0	 
㢷	0	0	0	0	 
㢸	0	0	0	0	 
㢹	0	0	0	0	 
㢺	0	0	0	0	 
㢻	0	0	0	0	 
㢼	0	0	0	0	 
㢽	0	0	0	0	 
㢾	0	0	0	0	 
㢿	0	0	0	0	 
㣀	0	0	0	0	 
㣁	0	0	0	0	 
㣂	0	0	0	0	 
㣃	0	0	0	0	 
㣄	0	0	0	0	 
㣅	0	0	0	0	 
㣆	0	0	0	0	 
㣇	0	0	0	0	 
㣈	0	0	0	0	 
㣉	0	0	0	0	 
㣊	0	0	0	0	 
㣋	0	0	0	0	 
㣌	0	0	0	0	 
㣍	0	0	0	0	 
㣎	0	0	0	0	 
㣏	0	0	0	0	 
㣐	0	0	0	0	 
㣑	0	0	0	0	 
㣒	0	0	0	0	 
㣓	0	0	0	0	 
㣔	0	0	0	0	 
㣕	0	0	0	0	 
㣖	0	0	0	0	 
㣗	0	0	0	0	 
㣘	0	0	0	0	 
㣙	0	0	0	0	 
㣚	0	0	0	0	 
㣛	0	0	0	0	 
㣜	0	0	0	0	 
㣝	0	0	0	0	 
㣞	0	0	0	0	 
㣟	0	0	0	0	 
㣠	0	0	0	0	 
㣡	0	0	0	0	 
㣢	0	0	0	0	 
㣣	0	0	0	0	 
㣤	0	0	0	0	 
㣥	0	0	0	0	 
㣦	0	0	0	0	 
㣧	0	0	0	0	 
㣨	0	0	0	0	 
㣩	0	0	0	0	 
㣪	0	0	0	0	 
㣫	0	0	0	0	 
㣬	0	0	0	0	 
㣭	0	0	0	0	 
㣮	0	0	0	0	 
㣯	0	0	0	0	 
㣰	0	0	0	0	 
㣱	0	0	0	0	 
㣲	0	0	0	0	 
㣳	0	0	0	0	 
㣴	0	0	0	0	 
㣵	0	0	0	0	 
㣶	0	0	0	0	 
㣷	0	0	0	0	 
㣸	0	0	0	0	 
㣹	0	0	0	0	 
㣺	0	0	0	0	 
㣻	0	0	0	0	 
㣼	0	0	0	0	 
㣽	0	0	0	0	 
㣾	0	0	0	0	 
㣿	0	0	0	0	 
㤀	0	0	0	0	 
㤁	0	0	0	0	 
㤂	0	0	0	0	 
㤃	0	0	0	0	 
㤄	0	0	0	0	 
㤅	0	0	0	0	 
㤆	0	0	0	0	 
㤇	0	0	0	0	 
㤈	0	0	0	0	 
㤉	0	0	0	0	 
㤊	0	0	0	0	 
㤋	0	0	0	0	 
㤌	0	0	0	0	 
㤍	0	0	0	0	 
㤎	0	0	0	0	 
㤏	0	0	0	0	 
㤐	0	0	0	0	 
㤑	0	0	0	0	 
㤒	0	0	0	0	 
㤓	0	0	0	0	 
㤔	0	0	0	0	 
㤕	0	0	0	0	 
㤖	0	0	0	0	 
㤗	12991	0	0	0	 
㤘	0	0	0	0	 
㤙	0	0	0	0	 
㤚	0	0	0	0	 
㤛	0	0	0	0	 
㤜	0	0	0	0	 
㤝	0	0	0	0	 
㤞	0	0	0	0	 
㤟	0	0	0	0	 
㤠	0	0	0	0	 
㤡	0	0	0	0	 
㤢	0	0	0	0	 
㤣	0	0	0	0	 
㤤	0	0	0	0	 
㤥	0	0	0	0	 
㤦	0	0	0	0	 
㤧	0	0	0	0	 
㤨	0	0	0	0	 
㤩	0	0	0	0	 
㤪	0	0	0	0	 
㤫	0	0	0	0	 
㤬	0	0	0	0	 
㤭	0	0	0	0	 
㤮	0	0	0	0	 
㤯	0	0	0	0	 
㤰	0	0	0	0	 
㤱	0	0	0	0	 
㤲	0	0	0	0	 
㤳	0	0	0	0	 
㤴	0	0	0	0	 
㤵	0	0	0	0	 
㤶	0	0	0	0	 
㤷	0	0	0	0	 
㤸	0	0	0	0	 
㤹	0	0	0	0	 
㤺	0	0	0	0	 
㤻	0	0	0	0	 
㤼	0	0	0	0	 
㤽	0	0	0	0	 
㤾	0	0	0	0	 
㤿	0	0	0	0	 
㥀	0	0	0	0	 
㥁	0	0	0	0	 
㥂	0	0	0	0	 
㥃	0	0	0	0	 
㥄	0	0	0	0	 
㥅	0	0	0	0	 
㥆	0	0	0	0	 
㥇	0	0	0	0	 
㥈	0	0	0	0	 
㥉	0	0	0	0	 
㥊	0	0	0	0	 
㥋	0	0	0	0	 
㥌	0	0	0	0	 
㥍	0	0	0	0	 
㥎	0	0	0	0	 
㥏	0	0	0	0	 
㥐	0	0	0	0	 
㥑	0	0	0	0	 
㥒	0	0	0	0	 
㥓	0	0	0	0	 
㥔	0	0	0	0	 
㥕	0	0	0	0	 
㥖	0	0	0	0	 
㥗	0	0	0	0	 
㥘	0	0	0	0	 
㥙	0	0	0	0	 
㥚	0	0	0	0	 
㥛	0	0	0	0	 
㥜	0	0	0	0	 
㥝	0	0	0	0	 
㥞	0	0	0	0	 
㥟	0	0	0	0	 
㥠	0	0	0	0	 
㥡	0	0	0	0	 
㥢	0	0	0	0	 
㥣	0	0	0	0	 
㥤	0	0	0	0	 
㥥	0	0	0	0	 
㥦	0	0	0	0	 
㥧	0	0	0	0	 
㥨	0	0	0	0	 
㥩	0	0	0	0	 
㥪	0	0	0	0	 
㥫	0	0	0	0	 
㥬	0	0	0	0	 
㥭	0	0	0	0	 
㥮	0	0	0	0	 
㥯	0	0	0	0	 
㥰	0	0	0	0	 
㥱	0	0	0	0	 
㥲	0	0	0	0	 
㥳	0	0	0	0	 
㥴	0	0	0	0	 
㥵	0	0	0	0	 
㥶	0	0	0	0	 
㥷	0	0	0	0	 
㥸	0	0	0	0	 
㥹	0	0	0	0	 
㥺	0	0	0	0	 
㥻	0	0	0	0	 
㥼	0	0	0	0	 
㥽	0	0	0	0	 
㥾	0	0	0	0	 
㥿	0	0	0	0	 
㦀	0	0	0	0	 
㦁	0	0	0	0	 
㦂	0	0	0	0	 
㦃	0	0	0	0	 
㦄	0	0	0	0	 
㦅	0	0	0	0	 
㦆	0	0	0	0	 
㦇	0	0	0	0	 
㦈	0	0	0	0	 
㦉	0	0	0	0	 
㦊	0	0	0	0	 
㦋	0	0	0	0	 
㦌	0	0	0	0	 
㦍	0	0	0	0	 
㦎	0	0	0	0	 
㦏	0	0	0	0	 
㦐	0	0	0	0	 
㦑	0	0	0	0	 
㦒	0	0	0	0	 
㦓	0	0	0	0	 
㦔	0	0	0	0	 
㦕	0	0	0	0	 
㦖	0	0	0	0	 
㦗	0	0	0	0	 
㦘	0	0	0	0	 
㦙	0	0	0	0	 
㦚	0	0	0	0	 
㦛	0	0	0	0	 
㦜	0	0	0	0	 
㦝	0	0	0	0	 
㦞	0	0	0	0	 
㦟	0	0	0	0	 
㦠	0	0	0	0	 
㦡	0	0	0	0	 
㦢	0	0	0	0	 
㦣	0	0	0	0	 
㦤	0	0	0	0	 
㦥	0	0	0	0	 
㦦	0	0	0	0	 
㦧	0	0	0	0	 
㦨	0	0	0	0	 
㦩	0	0	0	0	 
㦪	0	0	0	0	 
㦫	0	0	0	0	 
㦬	0	0	0	0	 
㦭	0	0	0	0	 
㦮	0	0	0	0	 
㦯	0	0	0	0	 
㦰	0	0	0	0	 
㦱	0	0	0	0	 
㦲	0	0	0	0	 
㦳	0	0	0	0	 
㦴	0	0	0	0	 
㦵	0	0	0	0	 
㦶	0	0	0	0	 
㦷	0	0	0	0	 
㦸	0	0	0	0	 
㦹	0	0	0	0	 
㦺	0	0	0	0	 
㦻	0	0	0	0	 
㦼	0	0	0	0	 
㦽	0	0	0	0	 
㦾	0	0	0	0	 
㦿	0	0	0	0	 
㧀	0	0	0	0	 
㧁	0	0	0	0	 
㧂	0	0	0	0	 
㧃	0	0	0	0	 
㧄	0	0	0	0	 
㧅	0	0	0	0	 
㧆	0	0	0	0	 
㧇	0	0	0	0	 
㧈	0	0	0	0	 
㧉	0	0	0	0	 
㧊	0	0	0	0	 
㧋	0	0	0	0	 
㧌	0	0	0	0	 
㧍	0	0	0	0	 
㧎	0	0	0	0	 
㧏	0	0	0	0	 
㧐	0	0	0	0	 
㧑	0	0	0	0	 
㧒	0	0	0	0	 
㧓	0	0	0	0	 
㧔	0	0	0	0	 
㧕	0	0	0	0	 
㧖	0	0	0	0	 
㧗	0	0	0	0	 
㧘	0	0	0	0	 
㧙	0	0	0	0	 
㧚	0	0	0	0	 
㧛	0	0	0	0	 
㧜	0	0	0	0	 
㧝	0	0	0	0	 
㧞	0	0	0	0	 
㧟	0	0	0	0	 
㧠	0	0	0	0	 
㧡	0	0	0	0	 
㧢	0	0	0	0	 
㧣	0	0	0	0	 
㧤	0	0	0	0	 
㧥	0	0	0	0	 
㧦	0	0	0	0	 
㧧	0	0	0	0	 
㧨	0	0	0	0	 
㧩	0	0	0	0	 
㧪	0	0	0	0	 
㧫	0	0	0	0	 
㧬	0	0	0	0	 
㧭	0	0	0	0	 
㧮	0	0	0	0	 
㧯	0	0	0	0	 
㧰	0	0	0	0	 
㧱	0	0	0	0	 
㧲	0	0	0	0	 
㧳	0	0	0	0	 
㧴	0	0	0	0	 
㧵	0	0	0	0	 
㧶	0	0	0	0	 
㧷	0	0	0	0	 
㧸	0	0	0	0	 
㧹	0	0	0	0	 
㧺	0	0	0	0	 
㧻	0	0	0	0	 
㧼	0	0	0	0	 
㧽	0	0	0	0	 
㧾	0	0	0	0	 
㧿	0	0	0	0	 
㨀	0	0	0	0	 
㨁	0	0	0	0	 
㨂	0	0	0	0	 
㨃	0	0	0	0	 
㨄	0	0	0	0	 
㨅	0	0	0	0	 
㨆	0	0	0	0	 
㨇	0	0	0	0	 
㨈	0	0	0	0	 
㨉	0	0	0	0	 
㨊	0	0	0	0	 
㨋	0	0	0	0	 
㨌	0	0	0	0	 
㨍	0	0	0	0	 
㨎	0	0	0	0	 
㨏	0	0	0	0	 
㨐	0	0	0	0	 
㨑	0	0	0	0	 
㨒	0	0	0	0	 
㨓	0	0	0	0	 
㨔	0	0	0	0	 
㨕	0	0	0	0	 
㨖	0	0	0	0	 
㨗	0	0	0	0	 
㨘	0	0	0	0	 
㨙	0	0	0	0	 
㨚	0	0	0	0	 
㨛	0	0	0	0	 
㨜	0	0	0	0	 
㨝	0	0	0	0	 
㨞	0	0	0	0	 
㨟	0	0	0	0	 
㨠	0	0	0	0	 
㨡	0	0	0	0	 
㨢	0	0	0	0	 
㨣	0	0	0	0	 
㨤	0	0	0	0	 
㨥	0	0	0	0	 
㨦	0	0	0	0	 
㨧	0	0	0	0	 
㨨	0	0	0	0	 
㨩	0	0	0	0	 
㨪	0	0	0	0	 
㨫	0	0	0	0	 
㨬	0	0	0	0	 
㨭	0	0	0	0	 
㨮	0	0	0	0	 
㨯	0	0	0	0	 
㨰	0	0	0	0	 
㨱	0	0	0	0	 
㨲	0	0	0	0	 
㨳	0	0	0	0	 
㨴	0	0	0	0	 
㨵	0	0	0	0	 
㨶	0	0	0	0	 
㨷	0	0	0	0	 
㨸	0	0	0	0	 
㨹	0	0	0	0	 
㨺	0	0	0	0	 
㨻	0	0	0	0	 
㨼	0	0	0	0	 
㨽	0	0	0	0	 
㨾	0	0	0	0	 
㨿	0	0	0	0	 
㩀	0	0	0	0	 
㩁	0	0	0	0	 
㩂	0	0	0	0	 
㩃	0	0	0	0	 
㩄	0	0	0	0	 
㩅	0	0	0	0	 
㩆	0	0	0	0	 
㩇	0	0	0	0	 
㩈	0	0	0	0	 
㩉	0	0	0	0	 
㩊	0	0	0	0	 
㩋	0	0	0	0	 
㩌	0	0	0	0	 
㩍	0	0	0	0	 
㩎	0	0	0	0	 
㩏	0	0	0	0	 
㩐	0	0	0	0	 
㩑	0	0	0	0	 
㩒	0	0	0	0	 
㩓	0	0	0	0	 
㩔	0	0	0	0	 
㩕	0	0	0	0	 
㩖	0	0	0	0	 
㩗	0	0	0	0	 
㩘	0	0	0	0	 
㩙	0	0	0	0	 
㩚	0	0	0	0	 
㩛	0	0	0	0	 
㩜	0	0	0	0	 
㩝	0	0	0	0	 
㩞	0	0	0	0	 
㩟	0	0	0	0	 
㩠	0	0	0	0	 
㩡	0	0	0	0	 
㩢	0	0	0	0	 
㩣	0	0	0	0	 
㩤	0	0	0	0	 
㩥	0	0	0	0	 
㩦	0	0	0	0	 
㩧	0	0	0	0	 
㩨	0	0	0	0	 
㩩	0	0	0	0	 
㩪	0	0	0	0	 
㩫	0	0	0	0	 
㩬	0	0	0	0	 
㩭	0	0	0	0	 
㩮	0	0	0	0	 
㩯	0	0	0	0	 
㩰	0	0	0	0	 
㩱	0	0	0	0	 
㩲	0	0	0	0	 
㩳	0	0	0	0	 
㩴	0	0	0	0	 
㩵	0	0	0	0	 
㩶	0	0	0	0	 
㩷	0	0	0	0	 
㩸	0	0	0	0	 
㩹	0	0	0	0	 
㩺	0	0	0	0	 
㩻	0	0	0	0	 
㩼	0	0	0	0	 
㩽	0	0	0	0	 
㩾	0	0	0	0	 
㩿	0	0	0	0	 
㪀	0	0	0	0	 
㪁	0	0	0	0	 
㪂	0	0	0	0	 
㪃	0	0	0	0	 
㪄	0	0	0	0	 
㪅	0	0	0	0	 
㪆	0	0	0	0	 
㪇	0	0	0	0	 
㪈	0	0	0	0	 
㪉	0	0	0	0	 
㪊	0	0	0	0	 
㪋	0	0	0	0	 
㪌	0	0	0	0	 
㪍	0	0	0	0	 
㪎	0	0	0	0	 
㪏	0	0	0	0	 
㪐	0	0	0	0	 
㪑	0	0	0	0	 
㪒	0	0	0	0	 
㪓	0	0	0	0	 
㪔	0	0	0	0	 
㪕	0	0	0	0	 
㪖	0	0	0	0	 
㪗	0	0	0	0	 
㪘	0	0	0	0	 
㪙	0	0	0	0	 
㪚	0	0	0	0	 
㪛	0	0	0	0	 
㪜	0	0	0	0	 
㪝	0	0	0	0	 
㪞	0	0	0	0	 
㪟	0	0	0	0	 
㪠	0	0	0	0	 
㪡	0	0	0	0	 
㪢	0	0	0	0	 
㪣	0	0	0	0	 
㪤	0	0	0	0	 
㪥	0	0	0	0	 
㪦	0	0	0	0	 
㪧	0	0	0	0	 
㪨	0	0	0	0	 
㪩	0	0	0	0	 
㪪	0	0	0	0	 
㪫	0	0	0	0	 
㪬	0	0	0	0	 
㪭	0	0	0	0	 
㪮	0	0	0	0	 
㪯	0	0	0	0	 
㪰	0	0	0	0	 
㪱	0	0	0	0	 
㪲	0	0	0	0	 
㪳	0	0	0	0	 
㪴	0	0	0	0	 
㪵	0	0	0	0	 
㪶	0	0	0	0	 
㪷	0	0	0	0	 
㪸	0	0	0	0	 
㪹	0	0	0	0	 
㪺	0	0	0	0	 
㪻	0	0	0	0	 
㪼	0	0	0	0	 
㪽	0	0	0	0	 
㪾	0	0	0	0	 
㪿	0	0	0	0	 
㫀	0	0	0	0	 
㫁	0	0	0	0	 
㫂	0	0	0	0	 
㫃	0	0	0	0	 
㫄	0	0	0	0	 
㫅	0	0	0	0	 
㫆	0	0	0	0	 
㫇	0	0	0	0	 
㫈	0	0	0	0	 
㫉	0	0	0	0	 
㫊	0	0	0	0	 
㫋	0	0	0	0	 
㫌	0	0	0	0	 
㫍	0	0	0	0	 
㫎	0	0	0	0	 
㫏	0	0	0	0	 
㫐	0	0	0	0	 
㫑	0	0	0	0	 
㫒	0	0	0	0	 
㫓	0	0	0	0	 
㫔	0	0	0	0	 
㫕	0	0	0	0	 
㫖	0	0	0	0	 
㫗	0	0	0	0	 
㫘	0	0	0	0	 
㫙	0	0	0	0	 
㫚	0	0	0	0	 
㫛	0	0	0	0	 
㫜	0	0	0	0	 
㫝	0	0	0	0	 
㫞	0	0	0	0	 
㫟	0	0	0	0	 
㫠	0	0	0	0	 
㫡	0	0	0	0	 
㫢	0	0	0	0	 
㫣	0	0	0	0	 
㫤	0	0	0	0	 
㫥	0	0	0	0	 
㫦	0	0	0	0	 
㫧	0	0	0	0	 
㫨	0	0	0	0	 
㫩	0	0	0	0	 
㫪	0	0	0	0	 
㫫	0	0	0	0	 
㫬	0	0	0	0	 
㫭	0	0	0	0	 
㫮	0	0	0	0	 
㫯	0	0	0	0	 
㫰	0	0	0	0	 
㫱	0	0	0	0	 
㫲	0	0	0	0	 
㫳	0	0	0	0	 
㫴	0	0	0	0	 
㫵	0	0	0	0	 
㫶	0	0	0	0	 
㫷	0	0	0	0	 
㫸	0	0	0	0	 
㫹	0	0	0	0	 
㫺	0	0	0	0	 
㫻	0	0	0	0	 
㫼	0	0	0	0	 
㫽	0	0	0	0	 
㫾	0	0	0	0	 
㫿	0	0	0	0	 
㬀	0	0	0	0	 
㬁	0	0	0	0	 
㬂	0	0	0	0	 
㬃	0	0	0	0	 
㬄	0	0	0	0	 
㬅	0	0	0	0	 
㬆	0	0	0	0	 
㬇	0	0	0	0	 
㬈	0	0	0	0	 
㬉	0	0	0	0	 
㬊	0	0	0	0	 
㬋	0	0	0	0	 
㬌	0	0	0	0	 
㬍	0	0	0	0	 
㬎	0	0	0	0	 
㬏	0	0	0	0	 
㬐	0	0	0	0	 
㬑	0	0	0	0	 
㬒	0	0	0	0	 
㬓	0	0	0	0	 
㬔	0	0	0	0	 
㬕	0	0	0	0	 
㬖	0	0	0	0	 
㬗	0	0	0	0	 
㬘	0	0	0	0	 
㬙	0	0	0	0	 
㬚	0	0	0	0	 
㬛	0	0	0	0	 
㬜	0	0	0	0	 
㬝	0	0	0	0	 
㬞	0	0	0	0	 
㬟	0	0	0	0	 
㬠	0	0	0	0	 
㬡	0	0	0	0	 
㬢	0	0	0	0	 
㬣	0	0	0	0	 
㬤	0	0	0	0	 
㬥	0	0	0	0	 
㬦	0	0	0	0	 
㬧	0	0	0	0	 
㬨	0	0	0	0	 
㬩	0	0	0	0	 
㬪	0	0	0	0	 
㬫	0	0	0	0	 
㬬	0	0	0	0	 
㬭	0	0	0	0	 
㬮	0	0	0	0	 
㬯	0	0	0	0	 
㬰	0	0	0	0	 
㬱	0	0	0	0	 
㬲	0	0	0	0	 
㬳	0	0	0	0	 
㬴	0	0	0	0	 
㬵	0	0	0	0	 
㬶	0	0	0	0	 
㬷	0	0	0	0	 
㬸	0	0	0	0	 
㬹	0	0	0	0	 
㬺	0	0	0	0	 
㬻	0	0	0	0	 
㬼	0	0	0	0	 
㬽	0	0	0	0	 
㬾	0	0	0	0	 
㬿	0	0	0	0	 
㭀	0	0	0	0	 
㭁	0	0	0	0	 
㭂	0	0	0	0	 
㭃	0	0	0	0	 
㭄	0	0	0	0	 
㭅	0	0	0	0	 
㭆	0	0	0	0	 
㭇	0	0	0	0	 
㭈	0	0	0	0	 
㭉	0	0	0	0	 
㭊	0	0	0	0	 
㭋	0	0	0	0	 
㭌	0	0	0	0	 
㭍	0	0	0	0	 
㭎	0	0	0	0	 
㭏	0	0	0	0	 
㭐	0	0	0	0	 
㭑	0	0	0	0	 
㭒	0	0	0	0	 
㭓	0	0	0	0	 
㭔	0	0	0	0	 
㭕	0	0	0	0	 
㭖	0	0	0	0	 
㭗	0	0	0	0	 
㭘	0	0	0	0	 
㭙	0	0	0	0	 
㭚	0	0	0	0	 
㭛	0	0	0	0	 
㭜	0	0	0	0	 
㭝	0	0	0	0	 
㭞	0	0	0	0	 
㭟	0	0	0	0	 
㭠	0	0	0	0	 
㭡	0	0	0	0	 
㭢	0	0	0	0	 
㭣	0	0	0	0	 
㭤	0	0	0	0	 
㭥	0	0	0	0	 
㭦	0	0	0	0	 
㭧	0	0	0	0	 
㭨	0	0	0	0	 
㭩	0	0	0	0	 
㭪	0	0	0	0	 
㭫	0	0	0	0	 
㭬	0	0	0	0	 
㭭	0	0	0	0	 
㭮	0	0	0	0	 
㭯	0	0	0	0	 
㭰	0	0	0	0	 
㭱	0	0	0	0	 
㭲	0	0	0	0	 
㭳	0	0	0	0	 
㭴	0	0	0	0	 
㭵	0	0	0	0	 
㭶	0	0	0	0	 
㭷	0	0	0	0	 
㭸	0	0	0	0	 
㭹	0	0	0	0	 
㭺	0	0	0	0	 
㭻	0	0	0	0	 
㭼	0	0	0	0	 
㭽	0	0	0	0	 
㭾	0	0	0	0	 
㭿	0	0	0	0	 
㮀	0	0	0	0	 
㮁	0	0	0	0	 
㮂	0	0	0	0	 
㮃	0	0	0	0	 
㮄	0	0	0	0	 
㮅	0	0	0	0	 
㮆	0	0	0	0	 
㮇	0	0	0	0	 
㮈	0	0	0	0	 
㮉	0	0	0	0	 
㮊	0	0	0	0	 
㮋	0	0	0	0	 
㮌	0	0	0	0	 
㮍	0	0	0	0	 
㮎	0	0	0	0	 
㮏	0	0	0	0	 
㮐	0	0	0	0	 
㮑	0	0	0	0	 
㮒	0	0	0	0	 
㮓	0	0	0	0	 
㮔	0	0	0	0	 
㮕	0	0	0	0	 
㮖	0	0	0	0	 
㮗	0	0	0	0	 
㮘	0	0	0	0	 
㮙	0	0	0	0	 
㮚	0	0	0	0	 
㮛	0	0	0	0	 
㮜	0	0	0	0	 
㮝	0	0	0	0	 
㮞	0	0	0	0	 
㮟	0	0	0	0	 
㮠	0	0	0	0	 
㮡	0	0	0	0	 
㮢	0	0	0	0	 
㮣	0	0	0	0	 
㮤	0	0	0	0	 
㮥	0	0	0	0	 
㮦	0	0	0	0	 
㮧	0	0	0	0	 
㮨	0	0	0	0	 
㮩	0	0	0	0	 
㮪	0	0	0	0	 
㮫	0	0	0	0	 
㮬	0	0	0	0	 
㮭	0	0	0	0	 
㮮	0	0	0	0	 
㮯	0	0	0	0	 
㮰	0	0	0	0	 
㮱	0	0	0	0	 
㮲	0	0	0	0	 
㮳	0	0	0	0	 
㮴	0	0	0	0	 
㮵	0	0	0	0	 
㮶	0	0	0	0	 
㮷	0	0	0	0	 
㮸	0	0	0	0	 
㮹	0	0	0	0	 
㮺	0	0	0	0	 
㮻	0	0	0	0	 
㮼	0	0	0	0	 
㮽	0	0	0	0	 
㮾	0	0	0	0	 
㮿	0	0	0	0	 
㯀	0	0	0	0	 
㯁	0	0	0	0	 
㯂	0	0	0	0	 
㯃	0	0	0	0	 
㯄	0	0	0	0	 
㯅	0	0	0	0	 
㯆	0	0	0	0	 
㯇	0	0	0	0	 
㯈	0	0	0	0	 
㯉	0	0	0	0	 
㯊	0	0	0	0	 
㯋	0	0	0	0	 
㯌	0	0	0	0	 
㯍	0	0	0	0	 
㯎	0	0	0	0	 
㯏	0	0	0	0	 
㯐	0	0	0	0	 
㯑	0	0	0	0	 
㯒	0	0	0	0	 
㯓	0	0	0	0	 
㯔	0	0	0	0	 
㯕	0	0	0	0	 
㯖	0	0	0	0	 
㯗	0	0	0	0	 
㯘	0	0	0	0	 
㯙	0	0	0	0	 
㯚	0	0	0	0	 
㯛	0	0	0	0	 
㯜	0	0	0	0	 
㯝	0	0	0	0	 
㯞	0	0	0	0	 
㯟	0	0	0	0	 
㯠	0	0	0	0	 
㯡	0	0	0	0	 
㯢	0	0	0	0	 
㯣	0	0	0	0	 
㯤	0	0	0	0	 
㯥	0	0	0	0	 
㯦	0	0	0	0	 
㯧	0	0	0	0	 
㯨	0	0	0	0	 
㯩	0	0	0	0	 
㯪	0	0	0	0	 
㯫	0	0	0	0	 
㯬	0	0	0	0	 
㯭	0	0	0	0	 
㯮	0	0	0	0	 
㯯	0	0	0	0	 
㯰	0	0	0	0	 
㯱	0	0	0	0	 
㯲	0	0	0	0	 
㯳	0	0	0	0	 
㯴	0	0	0	0	 
㯵	0	0	0	0	 
㯶	0	0	0	0	 
㯷	0	0	0	0	 
㯸	0	0	0	0	 
㯹	0	0	0	0	 
㯺	0	0	0	0	 
㯻	0	0	0	0	 
㯼	0	0	0	0	 
㯽	0	0	0	0	 
㯾	0	0	0	0	 
㯿	0	0	0	0	 
㰀	0	0	0	0	 
㰁	0	0	0	0	 
㰂	0	0	0	0	 
㰃	0	0	0	0	 
㰄	0	0	0	0	 
㰅	0	0	0	0	 
㰆	0	0	0	0	 
㰇	0	0	0	0	 
㰈	0	0	0	0	 
㰉	0	0	0	0	 
㰊	0	0	0	0	 
㰋	0	0	0	0	 
㰌	0	0	0	0	 
㰍	0	0	0	0	 
㰎	0	0	0	0	 
㰏	0	0	0	0	 
㰐	0	0	0	0	 
㰑	0	0	0	0	 
㰒	0	0	0	0	 
㰓	0	0	0	0	 
㰔	0	0	0	0	 
㰕	0	0	0	0	 
㰖	0	0	0	0	 
㰗	0	0	0	0	 
㰘	0	0	0	0	 
㰙	0	0	0	0	 
㰚	0	0	0	0	 
㰛	0	0	0	0	 
㰜	0	0	0	0	 
㰝	0	0	0	0	 
㰞	0	0	0	0	 
㰟	0	0	0	0	 
㰠	0	0	0	0	 
㰡	0	0	0	0	 
㰢	0	0	0	0	 
㰣	0	0	0	0	 
㰤	0	0	0	0	 
㰥	0	0	0	0	 
㰦	0	0	0	0	 
㰧	0	0	0	0	 
㰨	0	0	0	0	 
㰩	0	0	0	0	 
㰪	0	0	0	0	 
㰫	0	0	0	0	 
㰬	0	0	0	0	 
㰭	0	0	0	0	 
㰮	0	0	0	0	 
㰯	0	0	0	0	 
㰰	0	0	0	0	 
㰱	0	0	0	0	 
㰲	0	0	0	0	 
㰳	0	0	0	0	 
㰴	0	0	0	0	 
㰵	0	0	0	0	 
㰶	0	0	0	0	 
㰷	0	0	0	0	 
㰸	0	0	0	0	 
㰹	0	0	0	0	 
㰺	0	0	0	0	 
㰻	0	0	0	0	 
㰼	0	0	0	0	 
㰽	0	0	0	0	 
㰾	0	0	0	0	 
㰿	0	0	0	0	 
㱀	0	0	0	0	 
㱁	0	0	0	0	 
㱂	0	0	0	0	 
㱃	0	0	0	0	 
㱄	0	0	0	0	 
㱅	0	0	0	0	 
㱆	0	0	0	0	 
㱇	0	0	0	0	 
㱈	0	0	0	0	 
㱉	0	0	0	0	 
㱊	0	0	0	0	 
㱋	0	0	0	0	 
㱌	0	0	0	0	 
㱍	0	0	0	0	 
㱎	0	0	0	0	 
㱏	0	0	0	0	 
㱐	0	0	0	0	 
㱑	0	0	0	0	 
㱒	0	0	0	0	 
㱓	0	0	0	0	 
㱔	0	0	0	0	 
㱕	0	0	0	0	 
㱖	0	0	0	0	 
㱗	0	0	0	0	 
㱘	0	0	0	0	 
㱙	0	0	0	0	 
㱚	0	0	0	0	 
㱛	0	0	0	0	 
㱜	0	0	0	0	 
㱝	0	0	0	0	 
㱞	0	0	0	0	 
㱟	0	0	0	0	 
㱠	0	0	0	0	 
㱡	0	0	0	0	 
㱢	0	0	0	0	 
㱣	0	0	0	0	 
㱤	0	0	0	0	 
㱥	0	0	0	0	 
㱦	0	0	0	0	 
㱧	0	0	0	0	 
㱨	0	0	0	0	 
㱩	0	0	0	0	 
㱪	0	0	0	0	 
㱫	0	0	0	0	 
㱬	0	0	0	0	 
㱭	0	0	0	0	 
㱮	0	0	0	0	 
㱯	0	0	0	0	 
㱰	0	0	0	0	 
㱱	0	0	0	0	 
㱲	0	0	0	0	 
㱳	0	0	0	0	 
㱴	0	0	0	0	 
㱵	0	0	0	0	 
㱶	0	0	0	0	 
㱷	0	0	0	0	 
㱸	0	0	0	0	 
㱹	0	0	0	0	 
㱺	0	0	0	0	 
㱻	0	0	0	0	 
㱼	0	0	0	0	 
㱽	0	0	0	0	 
㱾	0	0	0	0	 
㱿	0	0	0	0	 
㲀	0	0	0	0	 
㲁	0	0	0	0	 
㲂	0	0	0	0	 
㲃	0	0	0	0	 
㲄	0	0	0	0	 
㲅	0	0	0	0	 
㲆	0	0	0	0	 
㲇	0	0	0	0	 
㲈	0	0	0	0	 
㲉	0	0	0	0	 
㲊	0	0	0	0	 
㲋	0	0	0	0	 
㲌	0	0	0	0	 
㲍	0	0	0	0	 
㲎	0	0	0	0	 
㲏	0	0	0	0	 
㲐	0	0	0	0	 
㲑	0	0	0	0	 
㲒	0	0	0	0	 
㲓	0	0	0	0	 
㲔	0	0	0	0	 
㲕	0	0	0	0	 
㲖	0	0	0	0	 
㲗	0	0	0	0	 
㲘	0	0	0	0	 
㲙	0	0	0	0	 
㲚	0	0	0	0	 
㲛	0	0	0	0	 
㲜	0	0	0	0	 
㲝	0	0	0	0	 
㲞	0	0	0	0	 
㲟	0	0	0	0	 
㲠	0	0	0	0	 
㲡	0	0	0	0	 
㲢	0	0	0	0	 
㲣	0	0	0	0	 
㲤	0	0	0	0	 
㲥	0	0	0	0	 
㲦	0	0	0	0	 
㲧	0	0	0	0	 
㲨	0	0	0	0	 
㲩	0	0	0	0	 
㲪	0	0	0	0	 
㲫	0	0	0	0	 
㲬	0	0	0	0	 
㲭	0	0	0	0	 
㲮	0	0	0	0	 
㲯	0	0	0	0	 
㲰	0	0	0	0	 
㲱	0	0	0	0	 
㲲	0	0	0	0	 
㲳	0	0	0	0	 
㲴	0	0	0	0	 
㲵	0	0	0	0	 
㲶	0	0	0	0	 
㲷	0	0	0	0	 
㲸	0	0	0	0	 
㲹	0	0	0	0	 
㲺	0	0	0	0	 
㲻	0	0	0	0	 
㲼	0	0	0	0	 
㲽	0	0	0	0	 
㲾	0	0	0	0	 
㲿	0	0	0	0	 
㳀	0	0	0	0	 
㳁	0	0	0	0	 
㳂	0	0	0	0	 
㳃	0	0	0	0	 
㳄	0	0	0	0	 
㳅	0	0	0	0	 
㳆	0	0	0	0	 
㳇	0	0	0	0	 
㳈	0	0	0	0	 
㳉	0	0	0	0	 
㳊	0	0	0	0	 
㳋	0	0	0	0	 
㳌	0	0	0	0	 
㳍	0	0	0	0	 
㳎	0	0	0	0	 
㳏	0	0	0	0	 
㳐	0	0	0	0	 
㳑	0	0	0	0	 
㳒	0	0	0	0	 
㳓	0	0	0	0	 
㳔	0	0	0	0	 
㳕	0	0	0	0	 
㳖	0	0	0	0	 
㳗	0	0	0	0	 
㳘	0	0	0	0	 
㳙	0	0	0	0	 
㳚	0	0	0	0	 
㳛	0	0	0	0	 
㳜	0	0	0	0	 
㳝	0	0	0	0	 
㳞	0	0	0	0	 
㳟	0	0	0	0	 
㳠	0	0	0	0	 
㳡	0	0	0	0	 
㳢	0	0	0	0	 
㳣	0	0	0	0	 
㳤	0	0	0	0	 
㳥	0	0	0	0	 
㳦	0	0	0	0	 
㳧	0	0	0	0	 
㳨	0	0	0	0	 
㳩	0	0	0	0	 
㳪	0	0	0	0	 
㳫	0	0	0	0	 
㳬	0	0	0	0	 
㳭	0	0	0	0	 
㳮	0	0	0	0	 
㳯	0	0	0	0	 
㳰	0	0	0	0	 
㳱	0	0	0	0	 
㳲	0	0	0	0	 
㳳	0	0	0	0	 
㳴	0	0	0	0	 
㳵	0	0	0	0	 
㳶	0	0	0	0	 
㳷	0	0	0	0	 
㳸	0	0	0	0	 
㳹	0	0	0	0	 
㳺	0	0	0	0	 
㳻	0	0	0	0	 
㳼	0	0	0	0	 
㳽	0	0	0	0	 
㳾	0	0	0	0	 
㳿	0	0	0	0	 
㴀	0	0	0	0	 
㴁	0	0	0	0	 
㴂	0	0	0	0	 
㴃	0	0	0	0	 
㴄	0	0	0	0	 
㴅	0	0	0	0	 
㴆	0	0	0	0	 
㴇	0	0	0	0	 
㴈	0	0	0	0	 
㴉	0	0	0	0	 
㴊	0	0	0	0	 
㴋	0	0	0	0	 
㴌	0	0	0	0	 
㴍	0	0	0	0	 
㴎	0	0	0	0	 
㴏	0	0	0	0	 
㴐	0	0	0	0	 
㴑	0	0	0	0	 
㴒	0	0	0	0	 
㴓	0	0	0	0	 
㴔	0	0	0	0	 
㴕	0	0	0	0	 
㴖	0	0	0	0	 
㴗	0	0	0	0	 
㴘	0	0	0	0	 
㴙	0	0	0	0	 
㴚	0	0	0	0	 
㴛	0	0	0	0	 
㴜	0	0	0	0	 
㴝	0	0	0	0	 
㴞	0	0	0	0	 
㴟	0	0	0	0	 
㴠	0	0	0	0	 
㴡	0	0	0	0	 
㴢	0	0	0	0	 
㴣	0	0	0	0	 
㴤	0	0	0	0	 
㴥	0	0	0	0	 
㴦	0	0	0	0	 
㴧	0	0	0	0	 
㴨	0	0	0	0	 
㴩	0	0	0	0	 
㴪	0	0	0	0	 
㴫	0	0	0	0	 
㴬	0	0	0	0	 
㴭	0	0	0	0	 
㴮	0	0	0	0	 
㴯	0	0	0	0	 
㴰	0	0	0	0	 
㴱	0	0	0	0	 
㴲	0	0	0	0	 
㴳	0	0	0	0	 
㴴	0	0	0	0	 
㴵	0	0	0	0	 
㴶	0	0	0	0	 
㴷	0	0	0	0	 
㴸	0	0	0	0	 
㴹	0	0	0	0	 
㴺	0	0	0	0	 
㴻	0	0	0	0	 
㴼	0	0	0	0	 
㴽	0	0	0	0	 
㴾	0	0	0	0	 
㴿	0	0	0	0	 
㵀	0	0	0	0	 
㵁	0	0	0	0	 
㵂	0	0	0	0	 
㵃	0	0	0	0	 
㵄	0	0	0	0	 
㵅	0	0	0	0	 
㵆	0	0	0	0	 
㵇	0	0	0	0	 
㵈	0	0	0	0	 
㵉	0	0	0	0	 
㵊	0	0	0	0	 
㵋	0	0	0	0	 
㵌	0	0	0	0	 
㵍	0	0	0	0	 
㵎	0	0	0	0	 
㵏	0	0	0	0	 
㵐	0	0	0	0	 
㵑	0	0	0	0	 
㵒	0	0	0	0	 
㵓	0	0	0	0	 
㵔	0	0	0	0	 
㵕	0	0	0	0	 
㵖	0	0	0	0	 
㵗	0	0	0	0	 
㵘	0	0	0	0	 
㵙	0	0	0	0	 
㵚	0	0	0	0	 
㵛	0	0	0	0	 
㵜	0	0	0	0	 
㵝	0	0	0	0	 
㵞	0	0	0	0	 
㵟	0	0	0	0	 
㵠	0	0	0	0	 
㵡	0	0	0	0	 
㵢	0	0	0	0	 
㵣	0	0	0	0	 
㵤	0	0	0	0	 
㵥	0	0	0	0	 
㵦	0	0	0	0	 
㵧	0	0	0	0	 
㵨	0	0	0	0	 
㵩	0	0	0	0	 
㵪	0	0	0	0	 
㵫	0	0	0	0	 
㵬	0	0	0	0	 
㵭	0	0	0	0	 
㵮	0	0	0	0	 
㵯	0	0	0	0	 
㵰	0	0	0	0	 
㵱	0	0	0	0	 
㵲	0	0	0	0	 
㵳	0	0	0	0	 
㵴	0	0	0	0	 
㵵	0	0	0	0	 
㵶	0	0	0	0	 
㵷	0	0	0	0	 
㵸	0	0	0	0	 
㵹	0	0	0	0	 
㵺	0	0	0	0	 
㵻	0	0	0	0	 
㵼	0	0	0	0	 
㵽	0	0	0	0	 
㵾	0	0	0	0	 
㵿	0	0	0	0	 
㶀	0	0	0	0	 
㶁	0	0	0	0	 
㶂	0	0	0	0	 
㶃	0	0	0	0	 
㶄	0	0	0	0	 
㶅	0	0	0	0	 
㶆	0	0	0	0	 
㶇	0	0	0	0	 
㶈	0	0	0	0	 
㶉	0	0	0	0	 
㶊	0	0	0	0	 
㶋	0	0	0	0	 
㶌	0	0	0	0	 
㶍	0	0	0	0	 
㶎	0	0	0	0	 
㶏	0	0	0	0	 
㶐	0	0	0	0	 
㶑	0	0	0	0	 
㶒	0	0	0	0	 
㶓	0	0	0	0	 
㶔	0	0	0	0	 
㶕	0	0	0	0	 
㶖	0	0	0	0	 
㶗	0	0	0	0	 
㶘	0	0	0	0	 
㶙	0	0	0	0	 
㶚	0	0	0	0	 
㶛	0	0	0	0	 
㶜	0	0	0	0	 
㶝	0	0	0	0	 
㶞	0	0	0	0	 
㶟	0	0	0	0	 
㶠	0	0	0	0	 
㶡	0	0	0	0	 
㶢	0	0	0	0	 
㶣	0	0	0	0	 
㶤	0	0	0	0	 
㶥	0	0	0	0	 
㶦	0	0	0	0	 
㶧	0	0	0	0	 
㶨	0	0	0	0	 
㶩	0	0	0	0	 
㶪	0	0	0	0	 
㶫	0	0	0	0	 
㶬	0	0	0	0	 
㶭	0	0	0	0	 
㶮	0	0	0	0	 
㶯	0	0	0	0	 
㶰	0	0	0	0	 
㶱	0	0	0	0	 
㶲	0	0	0	0	 
㶳	0	0	0	0	 
㶴	0	0	0	0	 
㶵	0	0	0	0	 
㶶	0	0	0	0	 
㶷	0	0	0	0	 
㶸	0	0	0	0	 
㶹	0	0	0	0	 
㶺	0	0	0	0	 
㶻	0	0	0	0	 
㶼	0	0	0	0	 
㶽	0	0	0	0	 
㶾	0	0	0	0	 
㶿	0	0	0	0	 
㷀	0	0	0	0	 
㷁	0	0	0	0	 
㷂	0	0	0	0	 
㷃	0	0	0	0	 
㷄	0	0	0	0	 
㷅	0	0	0	0	 
㷆	0	0	0	0	 
㷇	0	0	0	0	 
㷈	0	0	0	0	 
㷉	0	0	0	0	 
㷊	0	0	0	0	 
㷋	0	0	0	0	 
㷌	0	0	0	0	 
㷍	0	0	0	0	 
㷎	0	0	0	0	 
㷏	0	0	0	0	 
㷐	0	0	0	0	 
㷑	0	0	0	0	 
㷒	0	0	0	0	 
㷓	0	0	0	0	 
㷔	0	0	0	0	 
㷕	0	0	0	0	 
㷖	0	0	0	0	 
㷗	0	0	0	0	 
㷘	0	0	0	0	 
㷙	0	0	0	0	 
㷚	0	0	0	0	 
㷛	0	0	0	0	 
㷜	0	0	0	0	 
㷝	0	0	0	0	 
㷞	0	0	0	0	 
㷟	0	0	0	0	 
㷠	0	0	0	0	 
㷡	0	0	0	0	 
㷢	0	0	0	0	 
㷣	0	0	0	0	 
㷤	0	0	0	0	 
㷥	0	0	0	0	 
㷦	0	0	0	0	 
㷧	0	0	0	0	 
㷨	0	0	0	0	 
㷩	0	0	0	0	 
㷪	0	0	0	0	 
㷫	0	0	0	0	 
㷬	0	0	0	0	 
㷭	0	0	0	0	 
㷮	0	0	0	0	 
㷯	0	0	0	0	 
㷰	0	0	0	0	 
㷱	0	0	0	0	 
㷲	0	0	0	0	 
㷳	0	0	0	0	 
㷴	0	0	0	0	 
㷵	0	0	0	0	 
㷶	0	0	0	0	 
㷷	0	0	0	0	 
㷸	0	0	0	0	 
㷹	0	0	0	0	 
㷺	0	0	0	0	 
㷻	0	0	0	0	 
㷼	0	0	0	0	 
㷽	0	0	0	0	 
㷾	0	0	0	0	 
㷿	0	0	0	0	 
㸀	0	0	0	0	 
㸁	0	0	0	0	 
㸂	0	0	0	0	 
㸃	0	0	0	0	 
㸄	0	0	0	0	 
㸅	0	0	0	0	 
㸆	0	0	0	0	 
㸇	0	0	0	0	 
㸈	0	0	0	0	 
㸉	0	0	0	0	 
㸊	0	0	0	0	 
㸋	0	0	0	0	 
㸌	0	0	0	0	 
㸍	0	0	0	0	 
㸎	0	0	0	0	 
㸏	0	0	0	0	 
㸐	0	0	0	0	 
㸑	0	0	0	0	 
㸒	0	0	0	0	 
㸓	0	0	0	0	 
㸔	0	0	0	0	 
㸕	0	0	0	0	 
㸖	0	0	0	0	 
㸗	0	0	0	0	 
㸘	0	0	0	0	 
㸙	0	0	0	0	 
㸚	0	0	0	0	 
㸛	0	0	0	0	 
㸜	0	0	0	0	 
㸝	0	0	0	0	 
㸞	0	0	0	0	 
㸟	0	0	0	0	 
㸠	0	0	0	0	 
㸡	0	0	0	0	 
㸢	0	0	0	0	 
㸣	0	0	0	0	 
㸤	0	0	0	0	 
㸥	0	0	0	0	 
㸦	0	0	0	0	 
㸧	0	0	0	0	 
㸨	0	0	0	0	 
㸩	0	0	0	0	 
㸪	0	0	0	0	 
㸫	0	0	0	0	 
㸬	0	0	0	0	 
㸭	0	0	0	0	 
㸮	0	0	0	0	 
㸯	0	0	0	0	 
㸰	0	0	0	0	 
㸱	0	0	0	0	 
㸲	0	0	0	0	 
㸳	0	0	0	0	 
㸴	0	0	0	0	 
㸵	0	0	0	0	 
㸶	0	0	0	0	 
㸷	0	0	0	0	 
㸸	0	0	0	0	 
㸹	0	0	0	0	 
㸺	0	0	0	0	 
㸻	0	0	0	0	 
㸼	0	0	0	0	 
㸽	0	0	0	0	 
㸾	0	0	0	0	 
㸿	0	0	0	0	 
㹀	0	0	0	0	 
㹁	0	0	0	0	 
㹂	0	0	0	0	 
㹃	0	0	0	0	 
㹄	0	0	0	0	 
㹅	0	0	0	0	 
㹆	0	0	0	0	 
㹇	0	0	0	0	 
㹈	0	0	0	0	 
㹉	0	0	0	0	 
㹊	0	0	0	0	 
㹋	0	0	0	0	 
㹌	0	0	0	0	 
㹍	0	0	0	0	 
㹎	0	0	0	0	 
㹏	0	0	0	0	 
㹐	0	0	0	0	 
㹑	0	0	0	0	 
㹒	0	0	0	0	 
㹓	0	0	0	0	 
㹔	0	0	0	0	 
㹕	0	0	0	0	 
㹖	0	0	0	0	 
㹗	0	0	0	0	 
㹘	0	0	0	0	 
㹙	0	0	0	0	 
㹚	0	0	0	0	 
㹛	0	0	0	0	 
㹜	0	0	0	0	 
㹝	0	0	0	0	 
㹞	0	0	0	0	 
㹟	0	0	0	0	 
㹠	0	0	0	0	 
㹡	0	0	0	0	 
㹢	0	0	0	0	 
㹣	0	0	0	0	 
㹤	0	0	0	0	 
㹥	0	0	0	0	 
㹦	0	0	0	0	 
㹧	0	0	0	0	 
㹨	0	0	0	0	 
㹩	0	0	0	0	 
㹪	0	0	0	0	 
㹫	0	0	0	0	 
㹬	0	0	0	0	 
㹭	0	0	0	0	 
㹮	0	0	0	0	 
㹯	0	0	0	0	 
㹰	0	0	0	0	 
㹱	0	0	0	0	 
㹲	0	0	0	0	 
㹳	0	0	0	0	 
㹴	0	0	0	0	 
㹵	0	0	0	0	 
㹶	0	0	0	0	 
㹷	0	0	0	0	 
㹸	0	0	0	0	 
㹹	0	0	0	0	 
㹺	0	0	0	0	 
㹻	0	0	0	0	 
㹼	0	0	0	0	 
㹽	0	0	0	0	 
㹾	0	0	0	0	 
㹿	0	0	0	0	 
㺀	0	0	0	0	 
㺁	0	0	0	0	 
㺂	0	0	0	0	 
㺃	0	0	0	0	 
㺄	0	0	0	0	 
㺅	0	0	0	0	 
㺆	0	0	0	0	 
㺇	0	0	0	0	 
㺈	0	0	0	0	 
㺉	0	0	0	0	 
㺊	0	0	0	0	 
㺋	0	0	0	0	 
㺌	0	0	0	0	 
㺍	0	0	0	0	 
㺎	0	0	0	0	 
㺏	0	0	0	0	 
㺐	0	0	0	0	 
㺑	0	0	0	0	 
㺒	0	0	0	0	 
㺓	0	0	0	0	 
㺔	0	0	0	0	 
㺕	0	0	0	0	 
㺖	0	0	0	0	 
㺗	0	0	0	0	 
㺘	0	0	0	0	 
㺙	0	0	0	0	 
㺚	0	0	0	0	 
㺛	0	0	0	0	 
㺜	0	0	0	0	 
㺝	0	0	0	0	 
㺞	0	0	0	0	 
㺟	0	0	0	0	 
㺠	0	0	0	0	 
㺡	0	0	0	0	 
㺢	0	0	0	0	 
㺣	0	0	0	0	 
㺤	0	0	0	0	 
㺥	0	0	0	0	 
㺦	0	0	0	0	 
㺧	0	0	0	0	 
㺨	0	0	0	0	 
㺩	0	0	0	0	 
㺪	0	0	0	0	 
㺫	0	0	0	0	 
㺬	0	0	0	0	 
㺭	0	0	0	0	 
㺮	0	0	0	0	 
㺯	0	0	0	0	 
㺰	0	0	0	0	 
㺱	0	0	0	0	 
㺲	0	0	0	0	 
㺳	0	0	0	0	 
㺴	0	0	0	0	 
㺵	0	0	0	0	 
㺶	0	0	0	0	 
㺷	0	0	0	0	 
㺸	0	0	0	0	 
㺹	0	0	0	0	 
㺺	0	0	0	0	 
㺻	0	0	0	0	 
㺼	0	0	0	0	 
㺽	0	0	0	0	 
㺾	0	0	0	0	 
㺿	0	0	0	0	 
㻀	0	0	0	0	 
㻁	0	0	0	0	 
㻂	0	0	0	0	 
㻃	0	0	0	0	 
㻄	0	0	0	0	 
㻅	0	0	0	0	 
㻆	0	0	0	0	 
㻇	0	0	0	0	 
㻈	0	0	0	0	 
㻉	0	0	0	0	 
㻊	0	0	0	0	 
㻋	0	0	0	0	 
㻌	0	0	0	0	 
㻍	0	0	0	0	 
㻎	0	0	0	0	 
㻏	0	0	0	0	 
㻐	0	0	0	0	 
㻑	0	0	0	0	 
㻒	0	0	0	0	 
㻓	0	0	0	0	 
㻔	0	0	0	0	 
㻕	0	0	0	0	 
㻖	0	0	0	0	 
㻗	0	0	0	0	 
㻘	0	0	0	0	 
㻙	0	0	0	0	 
㻚	0	0	0	0	 
㻛	0	0	0	0	 
㻜	0	0	0	0	 
㻝	0	0	0	0	 
㻞	0	0	0	0	 
㻟	0	0	0	0	 
㻠	0	0	0	0	 
㻡	0	0	0	0	 
㻢	0	0	0	0	 
㻣	0	0	0	0	 
㻤	0	0	0	0	 
㻥	0	0	0	0	 
㻦	0	0	0	0	 
㻧	0	0	0	0	 
㻨	0	0	0	0	 
㻩	0	0	0	0	 
㻪	0	0	0	0	 
㻫	0	0	0	0	 
㻬	0	0	0	0	 
㻭	0	0	0	0	 
㻮	0	0	0	0	 
㻯	0	0	0	0	 
㻰	0	0	0	0	 
㻱	0	0	0	0	 
㻲	0	0	0	0	 
㻳	0	0	0	0	 
㻴	0	0	0	0	 
㻵	0	0	0	0	 
㻶	0	0	0	0	 
㻷	0	0	0	0	 
㻸	0	0	0	0	 
㻹	0	0	0	0	 
㻺	0	0	0	0	 
㻻	0	0	0	0	 
㻼	0	0	0	0	 
㻽	0	0	0	0	 
㻾	0	0	0	0	 
㻿	0	0	0	0	 
㼀	0	0	0	0	 
㼁	0	0	0	0	 
㼂	0	0	0	0	 
㼃	0	0	0	0	 
㼄	0	0	0	0	 
㼅	0	0	0	0	 
㼆	0	0	0	0	 
㼇	0	0	0	0	 
㼈	0	0	0	0	 
㼉	0	0	0	0	 
㼊	0	0	0	0	 
㼋	0	0	0	0	 
㼌	0	0	0	0	 
㼍	0	0	0	0	 
㼎	0	0	0	0	 
㼏	0	0	0	0	 
㼐	0	0	0	0	 
㼑	0	0	0	0	 
㼒	0	0	0	0	 
㼓	0	0	0	0	 
㼔	0	0	0	0	 
㼕	0	0	0	0	 
㼖	0	0	0	0	 
㼗	0	0	0	0	 
㼘	0	0	0	0	 
㼙	0	0	0	0	 
㼚	0	0	0	0	 
㼛	0	0	0	0	 
㼜	0	0	0	0	 
㼝	0	0	0	0	 
㼞	0	0	0	0	 
㼟	0	0	0	0	 
㼠	0	0	0	0	 
㼡	0	0	0	0	 
㼢	0	0	0	0	 
㼣	0	0	0	0	 
㼤	0	0	0	0	 
㼥	0	0	0	0	 
㼦	0	0	0	0	 
㼧	0	0	0	0	 
㼨	0	0	0	0	 
㼩	0	0	0	0	 
㼪	0	0	0	0	 
㼫	0	0	0	0	 
㼬	0	0	0	0	 
㼭	0	0	0	0	 
㼮	0	0	0	0	 
㼯	0	0	0	0	 
㼰	0	0	0	0	 
㼱	0	0	0	0	 
㼲	0	0	0	0	 
㼳	0	0	0	0	 
㼴	0	0	0	0	 
㼵	0	0	0	0	 
㼶	0	0	0	0	 
㼷	0	0	0	0	 
㼸	0	0	0	0	 
㼹	0	0	0	0	 
㼺	0	0	0	0	 
㼻	0	0	0	0	 
㼼	0	0	0	0	 
㼽	0	0	0	0	 
㼾	0	0	0	0	 
㼿	0	0	0	0	 
㽀	0	0	0	0	 
㽁	0	0	0	0	 
㽂	0	0	0	0	 
㽃	0	0	0	0	 
㽄	0	0	0	0	 
㽅	0	0	0	0	 
㽆	0	0	0	0	 
㽇	0	0	0	0	 
㽈	0	0	0	0	 
㽉	0	0	0	0	 
㽊	0	0	0	0	 
㽋	0	0	0	0	 
㽌	0	0	0	0	 
㽍	0	0	0	0	 
㽎	0	0	0	0	 
㽏	0	0	0	0	 
㽐	0	0	0	0	 
㽑	0	0	0	0	 
㽒	0	0	0	0	 
㽓	0	0	0	0	 
㽔	0	0	0	0	 
㽕	0	0	0	0	 
㽖	0	0	0	0	 
㽗	0	0	0	0	 
㽘	0	0	0	0	 
㽙	0	0	0	0	 
㽚	0	0	0	0	 
㽛	0	0	0	0	 
㽜	0	0	0	0	 
㽝	0	0	0	0	 
㽞	0	0	0	0	 
㽟	0	0	0	0	 
㽠	0	0	0	0	 
㽡	0	0	0	0	 
㽢	0	0	0	0	 
㽣	0	0	0	0	 
㽤	0	0	0	0	 
㽥	0	0	0	0	 
㽦	0	0	0	0	 
㽧	0	0	0	0	 
㽨	0	0	0	0	 
㽩	0	0	0	0	 
㽪	0	0	0	0	 
㽫	0	0	0	0	 
㽬	0	0	0	0	 
㽭	0	0	0	0	 
㽮	0	0	0	0	 
㽯	0	0	0	0	 
㽰	0	0	0	0	 
㽱	0	0	0	0	 
㽲	0	0	0	0	 
㽳	0	0	0	0	 
㽴	0	0	0	0	 
㽵	0	0	0	0	 
㽶	0	0	0	0	 
㽷	0	0	0	0	 
㽸	0	0	0	0	 
㽹	0	0	0	0	 
㽺	0	0	0	0	 
㽻	0	0	0	0	 
㽼	0	0	0	0	 
㽽	0	0	0	0	 
㽾	0	0	0	0	 
㽿	0	0	0	0	 
㾀	0	0	0	0	 
㾁	0	0	0	0	 
㾂	0	0	0	0	 
㾃	0	0	0	0	 
㾄	0	0	0	0	 
㾅	0	0	0	0	 
㾆	0	0	0	0	 
㾇	0	0	0	0	 
㾈	0	0	0	0	 
㾉	0	0	0	0	 
㾊	0	0	0	0	 
㾋	0	0	0	0	 
㾌	0	0	0	0	 
㾍	0	0	0	0	 
㾎	0	0	0	0	 
㾏	0	0	0	0	 
㾐	0	0	0	0	 
㾑	0	0	0	0	 
㾒	0	0	0	0	 
㾓	0	0	0	0	 
㾔	0	0	0	0	 
㾕	0	0	0	0	 
㾖	0	0	0	0	 
㾗	0	0	0	0	 
㾘	0	0	0	0	 
㾙	0	0	0	0	 
㾚	0	0	0	0	 
㾛	0	0	0	0	 
㾜	0	0	0	0	 
㾝	0	0	0	0	 
㾞	0	0	0	0	 
㾟	0	0	0	0	 
㾠	0	0	0	0	 
㾡	0	0	0	0	 
㾢	0	0	0	0	 
㾣	0	0	0	0	 
㾤	0	0	0	0	 
㾥	0	0	0	0	 
㾦	0	0	0	0	 
㾧	0	0	0	0	 
㾨	0	0	0	0	 
㾩	0	0	0	0	 
㾪	0	0	0	0	 
㾫	0	0	0	0	 
㾬	0	0	0	0	 
㾭	0	0	0	0	 
㾮	0	0	0	0	 
㾯	0	0	0	0	 
㾰	0	0	0	0	 
㾱	0	0	0	0	 
㾲	0	0	0	0	 
㾳	0	0	0	0	 
㾴	0	0	0	0	 
㾵	0	0	0	0	 
㾶	0	0	0	0	 
㾷	0	0	0	0	 
㾸	0	0	0	0	 
㾹	0	0	0	0	 
㾺	0	0	0	0	 
㾻	0	0	0	0	 
㾼	0	0	0	0	 
㾽	0	0	0	0	 
㾾	0	0	0	0	 
㾿	0	0	0	0	 
㿀	0	0	0	0	 
㿁	0	0	0	0	 
㿂	0	0	0	0	 
㿃	0	0	0	0	 
㿄	0	0	0	0	 
㿅	0	0	0	0	 
㿆	0	0	0	0	 
㿇	0	0	0	0	 
㿈	0	0	0	0	 
㿉	0	0	0	0	 
㿊	0	0	0	0	 
㿋	0	0	0	0	 
㿌	0	0	0	0	 
㿍	0	0	0	0	 
㿎	0	0	0	0	 
㿏	0	0	0	0	 
㿐	0	0	0	0	 
㿑	0	0	0	0	 
㿒	0	0	0	0	 
㿓	0	0	0	0	 
㿔	0	0	0	0	 
㿕	0	0	0	0	 
㿖	0	0	0	0	 
㿗	0	0	0	0	 
㿘	0	0	0	0	 
㿙	0	0	0	0	 
㿚	0	0	0	0	 
㿛	0	0	0	0	 
㿜	0	0	0	0	 
㿝	0	0	0	0	 
㿞	0	0	0	0	 
㿟	0	0	0	0	 
㿠	0	0	0	0	 
㿡	0	0	0	0	 
㿢	0	0	0	0	 
㿣	0	0	0	0	 
㿤	0	0	0	0	 
㿥	0	0	0	0	 
㿦	0	0	0	0	 
㿧	0	0	0	0	 
㿨	0	0	0	0	 
㿩	0	0	0	0	 
㿪	0	0	0	0	 
㿫	0	0	0	0	 
㿬	0	0	0	0	 
㿭	0	0	0	0	 
㿮	0	0	0	0	 
㿯	0	0	0	0	 
㿰	0	0	0	0	 
㿱	0	0	0	0	 
㿲	0	0	0	0	 
㿳	0	0	0	0	 
㿴	0	0	0	0	 
㿵	0	0	0	0	 
㿶	0	0	0	0	 
㿷	0	0	0	0	 
㿸	0	0	0	0	 
㿹	0	0	0	0	 
㿺	0	0	0	0	 
㿻	0	0	0	0	 
㿼	0	0	0	0	 
㿽	0	0	0	0	 
㿾	0	0	0	0	 
㿿	0	0	0	0	 
䀀	0	0	0	0	 
䀁	0	0	0	0	 
䀂	0	0	0	0	 
䀃	0	0	0	0	 
䀄	0	0	0	0	 
䀅	0	0	0	0	 
䀆	0	0	0	0	 
䀇	0	0	0	0	 
䀈	0	0	0	0	 
䀉	0	0	0	0	 
䀊	0	0	0	0	 
䀋	0	0	0	0	 
䀌	0	0	0	0	 
䀍	0	0	0	0	 
䀎	0	0	0	0	 
䀏	0	0	0	0	 
䀐	0	0	0	0	 
䀑	0	0	0	0	 
䀒	0	0	0	0	 
䀓	0	0	0	0	 
䀔	0	0	0	0	 
䀕	0	0	0	0	 
䀖	0	0	0	0	 
䀗	0	0	0	0	 
䀘	0	0	0	0	 
䀙	0	0	0	0	 
䀚	0	0	0	0	 
䀛	0	0	0	0	 
䀜	0	0	0	0	 
䀝	0	0	0	0	 
䀞	0	0	0	0	 
䀟	0	0	0	0	 
䀠	0	0	0	0	 
䀡	0	0	0	0	 
䀢	0	0	0	0	 
䀣	0	0	0	0	 
䀤	0	0	0	0	 
䀥	0	0	0	0	 
䀦	0	0	0	0	 
䀧	0	0	0	0	 
䀨	0	0	0	0	 
䀩	0	0	0	0	 
䀪	0	0	0	0	 
䀫	0	0	0	0	 
䀬	0	0	0	0	 
䀭	0	0	0	0	 
䀮	0	0	0	0	 
䀯	0	0	0	0	 
䀰	0	0	0	0	 
䀱	0	0	0	0	 
䀲	0	0	0	0	 
䀳	0	0	0	0	 
䀴	0	0	0	0	 
䀵	0	0	0	0	 
䀶	0	0	0	0	 
䀷	0	0	0	0	 
䀸	0	0	0	0	 
䀹	0	0	0	0	 
䀺	0	0	0	0	 
䀻	0	0	0	0	 
䀼	0	0	0	0	 
䀽	0	0	0	0	 
䀾	0	0	0	0	 
䀿	0	0	0	0	 
䁀	0	0	0	0	 
䁁	0	0	0	0	 
䁂	0	0	0	0	 
䁃	0	0	0	0	 
䁄	0	0	0	0	 
䁅	0	0	0	0	 
䁆	0	0	0	0	 
䁇	0	0	0	0	 
䁈	0	0	0	0	 
䁉	0	0	0	0	 
䁊	0	0	0	0	 
䁋	0	0	0	0	 
䁌	0	0	0	0	 
䁍	0	0	0	0	 
䁎	0	0	0	0	 
䁏	0	0	0	0	 
䁐	0	0	0	0	 
䁑	0	0	0	0	 
䁒	0	0	0	0	 
䁓	0	0	0	0	 
䁔	0	0	0	0	 
䁕	0	0	0	0	 
䁖	0	0	0	0	 
䁗	0	0	0	0	 
䁘	0	0	0	0	 
䁙	0	0	0	0	 
䁚	0	0	0	0	 
䁛	0	0	0	0	 
䁜	0	0	0	0	 
䁝	0	0	0	0	 
䁞	0	0	0	0	 
䁟	0	0	0	0	 
䁠	0	0	0	0	 
䁡	0	0	0	0	 
䁢	0	0	0	0	 
䁣	0	0	0	0	 
䁤	0	0	0	0	 
䁥	0	0	0	0	 
䁦	0	0	0	0	 
䁧	0	0	0	0	 
䁨	0	0	0	0	 
䁩	0	0	0	0	 
䁪	0	0	0	0	 
䁫	0	0	0	0	 
䁬	0	0	0	0	 
䁭	0	0	0	0	 
䁮	0	0	0	0	 
䁯	0	0	0	0	 
䁰	0	0	0	0	 
䁱	0	0	0	0	 
䁲	0	0	0	0	 
䁳	0	0	0	0	 
䁴	0	0	0	0	 
䁵	0	0	0	0	 
䁶	0	0	0	0	 
䁷	0	0	0	0	 
䁸	0	0	0	0	 
䁹	0	0	0	0	 
䁺	0	0	0	0	 
䁻	0	0	0	0	 
䁼	0	0	0	0	 
䁽	0	0	0	0	 
䁾	0	0	0	0	 
䁿	0	0	0	0	 
䂀	0	0	0	0	 
䂁	0	0	0	0	 
䂂	0	0	0	0	 
䂃	0	0	0	0	 
䂄	0	0	0	0	 
䂅	0	0	0	0	 
䂆	0	0	0	0	 
䂇	0	0	0	0	 
䂈	0	0	0	0	 
䂉	0	0	0	0	 
䂊	0	0	0	0	 
䂋	0	0	0	0	 
䂌	0	0	0	0	 
䂍	0	0	0	0	 
䂎	0	0	0	0	 
䂏	0	0	0	0	 
䂐	0	0	0	0	 
䂑	0	0	0	0	 
䂒	0	0	0	0	 
䂓	0	0	0	0	 
䂔	0	0	0	0	 
䂕	0	0	0	0	 
䂖	0	0	0	0	 
䂗	0	0	0	0	 
䂘	0	0	0	0	 
䂙	0	0	0	0	 
䂚	0	0	0	0	 
䂛	0	0	0	0	 
䂜	0	0	0	0	 
䂝	0	0	0	0	 
䂞	0	0	0	0	 
䂟	0	0	0	0	 
䂠	0	0	0	0	 
䂡	0	0	0	0	 
䂢	0	0	0	0	 
䂣	0	0	0	0	 
䂤	0	0	0	0	 
䂥	0	0	0	0	 
䂦	0	0	0	0	 
䂧	0	0	0	0	 
䂨	0	0	0	0	 
䂩	0	0	0	0	 
䂪	0	0	0	0	 
䂫	0	0	0	0	 
䂬	0	0	0	0	 
䂭	0	0	0	0	 
䂮	0	0	0	0	 
䂯	0	0	0	0	 
䂰	0	0	0	0	 
䂱	0	0	0	0	 
䂲	0	0	0	0	 
䂳	0	0	0	0	 
䂴	0	0	0	0	 
䂵	0	0	0	0	 
䂶	0	0	0	0	 
䂷	0	0	0	0	 
䂸	0	0	0	0	 
䂹	0	0	0	0	 
䂺	0	0	0	0	 
䂻	0	0	0	0	 
䂼	0	0	0	0	 
䂽	0	0	0	0	 
䂾	0	0	0	0	 
䂿	0	0	0	0	 
䃀	0	0	0	0	 
䃁	0	0	0	0	 
䃂	0	0	0	0	 
䃃	0	0	0	0	 
䃄	0	0	0	0	 
䃅	0	0	0	0	 
䃆	0	0	0	0	 
䃇	0	0	0	0	 
䃈	0	0	0	0	 
䃉	0	0	0	0	 
䃊	0	0	0	0	 
䃋	0	0	0	0	 
䃌	0	0	0	0	 
䃍	0	0	0	0	 
䃎	0	0	0	0	 
䃏	0	0	0	0	 
䃐	0	0	0	0	 
䃑	0	0	0	0	 
䃒	0	0	0	0	 
䃓	0	0	0	0	 
䃔	0	0	0	0	 
䃕	0	0	0	0	 
䃖	0	0	0	0	 
䃗	0	0	0	0	 
䃘	0	0	0	0	 
䃙	0	0	0	0	 
䃚	0	0	0	0	 
䃛	0	0	0	0	 
䃜	0	0	0	0	 
䃝	0	0	0	0	 
䃞	0	0	0	0	 
䃟	0	0	0	0	 
䃠	0	0	0	0	 
䃡	0	0	0	0	 
䃢	0	0	0	0	 
䃣	0	0	0	0	 
䃤	0	0	0	0	 
䃥	0	0	0	0	 
䃦	0	0	0	0	 
䃧	0	0	0	0	 
䃨	0	0	0	0	 
䃩	0	0	0	0	 
䃪	0	0	0	0	 
䃫	0	0	0	0	 
䃬	0	0	0	0	 
䃭	0	0	0	0	 
䃮	0	0	0	0	 
䃯	0	0	0	0	 
䃰	0	0	0	0	 
䃱	0	0	0	0	 
䃲	0	0	0	0	 
䃳	0	0	0	0	 
䃴	0	0	0	0	 
䃵	0	0	0	0	 
䃶	0	0	0	0	 
䃷	0	0	0	0	 
䃸	0	0	0	0	 
䃹	0	0	0	0	 
䃺	0	0	0	0	 
䃻	0	0	0	0	 
䃼	0	0	0	0	 
䃽	0	0	0	0	 
䃾	0	0	0	0	 
䃿	0	0	0	0	 
䄀	0	0	0	0	 
䄁	0	0	0	0	 
䄂	0	0	0	0	 
䄃	0	0	0	0	 
䄄	0	0	0	0	 
䄅	0	0	0	0	 
䄆	0	0	0	0	 
䄇	0	0	0	0	 
䄈	0	0	0	0	 
䄉	0	0	0	0	 
䄊	0	0	0	0	 
䄋	0	0	0	0	 
䄌	0	0	0	0	 
䄍	0	0	0	0	 
䄎	0	0	0	0	 
䄏	0	0	0	0	 
䄐	0	0	0	0	 
䄑	0	0	0	0	 
䄒	0	0	0	0	 
䄓	0	0	0	0	 
䄔	0	0	0	0	 
䄕	0	0	0	0	 
䄖	0	0	0	0	 
䄗	0	0	0	0	 
䄘	0	0	0	0	 
䄙	0	0	0	0	 
䄚	0	0	0	0	 
䄛	0	0	0	0	 
䄜	0	0	0	0	 
䄝	0	0	0	0	 
䄞	0	0	0	0	 
䄟	0	0	0	0	 
䄠	0	0	0	0	 
䄡	0	0	0	0	 
䄢	0	0	0	0	 
䄣	0	0	0	0	 
䄤	0	0	0	0	 
䄥	0	0	0	0	 
䄦	0	0	0	0	 
䄧	0	0	0	0	 
䄨	0	0	0	0	 
䄩	0	0	0	0	 
䄪	0	0	0	0	 
䄫	0	0	0	0	 
䄬	0	0	0	0	 
䄭	0	0	0	0	 
䄮	0	0	0	0	 
䄯	0	0	0	0	 
䄰	0	0	0	0	 
䄱	0	0	0	0	 
䄲	0	0	0	0	 
䄳	0	0	0	0	 
䄴	0	0	0	0	 
䄵	0	0	0	0	 
䄶	0	0	0	0	 
䄷	0	0	0	0	 
䄸	0	0	0	0	 
䄹	0	0	0	0	 
䄺	0	0	0	0	 
䄻	0	0	0	0	 
䄼	0	0	0	0	 
䄽	0	0	0	0	 
䄾	0	0	0	0	 
䄿	0	0	0	0	 
䅀	0	0	0	0	 
䅁	0	0	0	0	 
䅂	0	0	0	0	 
䅃	0	0	0	0	 
䅄	0	0	0	0	 
䅅	0	0	0	0	 
䅆	0	0	0	0	 
䅇	0	0	0	0	 
䅈	0	0	0	0	 
䅉	0	0	0	0	 
䅊	0	0	0	0	 
䅋	0	0	0	0	 
䅌	0	0	0	0	 
䅍	0	0	0	0	 
䅎	0	0	0	0	 
䅏	0	0	0	0	 
䅐	0	0	0	0	 
䅑	0	0	0	0	 
䅒	0	0	0	0	 
䅓	0	0	0	0	 
䅔	0	0	0	0	 
䅕	0	0	0	0	 
䅖	0	0	0	0	 
䅗	0	0	0	0	 
䅘	0	0	0	0	 
䅙	0	0	0	0	 
䅚	0	0	0	0	 
䅛	0	0	0	0	 
䅜	0	0	0	0	 
䅝	0	0	0	0	 
䅞	0	0	0	0	 
䅟	0	0	0	0	 
䅠	0	0	0	0	 
䅡	0	0	0	0	 
䅢	0	0	0	0	 
䅣	0	0	0	0	 
䅤	0	0	0	0	 
䅥	0	0	0	0	 
䅦	0	0	0	0	 
䅧	0	0	0	0	 
䅨	0	0	0	0	 
䅩	0	0	0	0	 
䅪	0	0	0	0	 
䅫	0	0	0	0	 
䅬	0	0	0	0	 
䅭	0	0	0	0	 
䅮	0	0	0	0	 
䅯	0	0	0	0	 
䅰	0	0	0	0	 
䅱	0	0	0	0	 
䅲	0	0	0	0	 
䅳	0	0	0	0	 
䅴	0	0	0	0	 
䅵	0	0	0	0	 
䅶	0	0	0	0	 
䅷	0	0	0	0	 
䅸	0	0	0	0	 
䅹	0	0	0	0	 
䅺	0	0	0	0	 
䅻	0	0	0	0	 
䅼	0	0	0	0	 
䅽	0	0	0	0	 
䅾	0	0	0	0	 
䅿	0	0	0	0	 
䆀	0	0	0	0	 
䆁	0	0	0	0	 
䆂	0	0	0	0	 
䆃	0	0	0	0	 
䆄	0	0	0	0	 
䆅	0	0	0	0	 
䆆	0	0	0	0	 
䆇	0	0	0	0	 
䆈	0	0	0	0	 
䆉	0	0	0	0	 
䆊	0	0	0	0	 
䆋	0	0	0	0	 
䆌	0	0	0	0	 
䆍	0	0	0	0	 
䆎	0	0	0	0	 
䆏	0	0	0	0	 
䆐	0	0	0	0	 
䆑	0	0	0	0	 
䆒	0	0	0	0	 
䆓	0	0	0	0	 
䆔	0	0	0	0	 
䆕	0	0	0	0	 
䆖	0	0	0	0	 
䆗	0	0	0	0	 
䆘	0	0	0	0	 
䆙	0	0	0	0	 
䆚	0	0	0	0	 
䆛	0	0	0	0	 
䆜	0	0	0	0	 
䆝	0	0	0	0	 
䆞	0	0	0	0	 
䆟	0	0	0	0	 
䆠	0	0	0	0	 
䆡	0	0	0	0	 
䆢	0	0	0	0	 
䆣	0	0	0	0	 
䆤	0	0	0	0	 
䆥	0	0	0	0	 
䆦	0	0	0	0	 
䆧	0	0	0	0	 
䆨	0	0	0	0	 
䆩	0	0	0	0	 
䆪	0	0	0	0	 
䆫	0	0	0	0	 
䆬	0	0	0	0	 
䆭	0	0	0	0	 
䆮	0	0	0	0	 
䆯	0	0	0	0	 
䆰	0	0	0	0	 
䆱	0	0	0	0	 
䆲	0	0	0	0	 
䆳	0	0	0	0	 
䆴	0	0	0	0	 
䆵	0	0	0	0	 
䆶	0	0	0	0	 
䆷	0	0	0	0	 
䆸	0	0	0	0	 
䆹	0	0	0	0	 
䆺	0	0	0	0	 
䆻	0	0	0	0	 
䆼	0	0	0	0	 
䆽	0	0	0	0	 
䆾	0	0	0	0	 
䆿	0	0	0	0	 
䇀	0	0	0	0	 
䇁	0	0	0	0	 
䇂	0	0	0	0	 
䇃	0	0	0	0	 
䇄	0	0	0	0	 
䇅	0	0	0	0	 
䇆	0	0	0	0	 
䇇	0	0	0	0	 
䇈	0	0	0	0	 
䇉	0	0	0	0	 
䇊	0	0	0	0	 
䇋	0	0	0	0	 
䇌	0	0	0	0	 
䇍	0	0	0	0	 
䇎	0	0	0	0	 
䇏	0	0	0	0	 
䇐	0	0	0	0	 
䇑	0	0	0	0	 
䇒	0	0	0	0	 
䇓	0	0	0	0	 
䇔	0	0	0	0	 
䇕	0	0	0	0	 
䇖	0	0	0	0	 
䇗	0	0	0	0	 
䇘	0	0	0	0	 
䇙	0	0	0	0	 
䇚	0	0	0	0	 
䇛	0	0	0	0	 
䇜	0	0	0	0	 
䇝	0	0	0	0	 
䇞	0	0	0	0	 
䇟	0	0	0	0	 
䇠	0	0	0	0	 
䇡	0	0	0	0	 
䇢	0	0	0	0	 
䇣	0	0	0	0	 
䇤	0	0	0	0	 
䇥	0	0	0	0	 
䇦	0	0	0	0	 
䇧	0	0	0	0	 
䇨	0	0	0	0	 
䇩	0	0	0	0	 
䇪	0	0	0	0	 
䇫	0	0	0	0	 
䇬	0	0	0	0	 
䇭	0	0	0	0	 
䇮	0	0	0	0	 
䇯	0	0	0	0	 
䇰	0	0	0	0	 
䇱	0	0	0	0	 
䇲	0	0	0	0	 
䇳	0	0	0	0	 
䇴	0	0	0	0	 
䇵	0	0	0	0	 
䇶	0	0	0	0	 
䇷	0	0	0	0	 
䇸	0	0	0	0	 
䇹	0	0	0	0	 
䇺	0	0	0	0	 
䇻	0	0	0	0	 
䇼	0	0	0	0	 
䇽	0	0	0	0	 
䇾	0	0	0	0	 
䇿	0	0	0	0	 
䈀	0	0	0	0	 
䈁	0	0	0	0	 
䈂	0	0	0	0	 
䈃	0	0	0	0	 
䈄	0	0	0	0	 
䈅	0	0	0	0	 
䈆	0	0	0	0	 
䈇	0	0	0	0	 
䈈	0	0	0	0	 
䈉	0	0	0	0	 
䈊	0	0	0	0	 
䈋	0	0	0	0	 
䈌	0	0	0	0	 
䈍	0	0	0	0	 
䈎	0	0	0	0	 
䈏	0	0	0	0	 
䈐	0	0	0	0	 
䈑	0	0	0	0	 
䈒	0	0	0	0	 
䈓	0	0	0	0	 
䈔	0	0	0	0	 
䈕	0	0	0	0	 
䈖	0	0	0	0	 
䈗	0	0	0	0	 
䈘	0	0	0	0	 
䈙	0	0	0	0	 
䈚	0	0	0	0	 
䈛	0	0	0	0	 
䈜	0	0	0	0	 
䈝	0	0	0	0	 
䈞	0	0	0	0	 
䈟	0	0	0	0	 
䈠	0	0	0	0	 
䈡	0	0	0	0	 
䈢	0	0	0	0	 
䈣	0	0	0	0	 
䈤	0	0	0	0	 
䈥	0	0	0	0	 
䈦	0	0	0	0	 
䈧	0	0	0	0	 
䈨	0	0	0	0	 
䈩	0	0	0	0	 
䈪	0	0	0	0	 
䈫	0	0	0	0	 
䈬	0	0	0	0	 
䈭	0	0	0	0	 
䈮	0	0	0	0	 
䈯	0	0	0	0	 
䈰	0	0	0	0	 
䈱	0	0	0	0	 
䈲	0	0	0	0	 
䈳	0	0	0	0	 
䈴	0	0	0	0	 
䈵	0	0	0	0	 
䈶	0	0	0	0	 
䈷	0	0	0	0	 
䈸	0	0	0	0	 
䈹	0	0	0	0	 
䈺	0	0	0	0	 
䈻	0	0	0	0	 
䈼	0	0	0	0	 
䈽	0	0	0	0	 
䈾	0	0	0	0	 
䈿	0	0	0	0	 
䉀	0	0	0	0	 
䉁	0	0	0	0	 
䉂	0	0	0	0	 
䉃	0	0	0	0	 
䉄	0	0	0	0	 
䉅	0	0	0	0	 
䉆	0	0	0	0	 
䉇	0	0	0	0	 
䉈	0	0	0	0	 
䉉	0	0	0	0	 
䉊	0	0	0	0	 
䉋	0	0	0	0	 
䉌	0	0	0	0	 
䉍	0	0	0	0	 
䉎	0	0	0	0	 
䉏	0	0	0	0	 
䉐	0	0	0	0	 
䉑	0	0	0	0	 
䉒	0	0	0	0	 
䉓	0	0	0	0	 
䉔	0	0	0	0	 
䉕	0	0	0	0	 
䉖	0	0	0	0	 
䉗	0	0	0	0	 
䉘	0	0	0	0	 
䉙	0	0	0	0	 
䉚	0	0	0	0	 
䉛	0	0	0	0	 
䉜	0	0	0	0	 
䉝	0	0	0	0	 
䉞	0	0	0	0	 
䉟	0	0	0	0	 
䉠	0	0	0	0	 
䉡	0	0	0	0	 
䉢	0	0	0	0	 
䉣	0	0	0	0	 
䉤	0	0	0	0	 
䉥	0	0	0	0	 
䉦	0	0	0	0	 
䉧	0	0	0	0	 
䉨	0	0	0	0	 
䉩	0	0	0	0	 
䉪	0	0	0	0	 
䉫	0	0	0	0	 
䉬	0	0	0	0	 
䉭	0	0	0	0	 
䉮	0	0	0	0	 
䉯	0	0	0	0	 
䉰	0	0	0	0	 
䉱	0	0	0	0	 
䉲	0	0	0	0	 
䉳	0	0	0	0	 
䉴	0	0	0	0	 
䉵	0	0	0	0	 
䉶	0	0	0	0	 
䉷	0	0	0	0	 
䉸	0	0	0	0	 
䉹	0	0	0	0	 
䉺	0	0	0	0	 
䉻	0	0	0	0	 
䉼	0	0	0	0	 
䉽	0	0	0	0	 
䉾	0	0	0	0	 
䉿	0	0	0	0	 
䊀	0	0	0	0	 
䊁	0	0	0	0	 
䊂	0	0	0	0	 
䊃	0	0	0	0	 
䊄	0	0	0	0	 
䊅	0	0	0	0	 
䊆	0	0	0	0	 
䊇	0	0	0	0	 
䊈	0	0	0	0	 
䊉	0	0	0	0	 
䊊	0	0	0	0	 
䊋	0	0	0	0	 
䊌	0	0	0	0	 
䊍	0	0	0	0	 
䊎	0	0	0	0	 
䊏	0	0	0	0	 
䊐	0	0	0	0	 
䊑	0	0	0	0	 
䊒	0	0	0	0	 
䊓	0	0	0	0	 
䊔	0	0	0	0	 
䊕	0	0	0	0	 
䊖	0	0	0	0	 
䊗	0	0	0	0	 
䊘	0	0	0	0	 
䊙	0	0	0	0	 
䊚	0	0	0	0	 
䊛	0	0	0	0	 
䊜	0	0	0	0	 
䊝	0	0	0	0	 
䊞	0	0	0	0	 
䊟	0	0	0	0	 
䊠	0	0	0	0	 
䊡	0	0	0	0	 
䊢	0	0	0	0	 
䊣	0	0	0	0	 
䊤	0	0	0	0	 
䊥	0	0	0	0	 
䊦	0	0	0	0	 
䊧	0	0	0	0	 
䊨	0	0	0	0	 
䊩	0	0	0	0	 
䊪	0	0	0	0	 
䊫	0	0	0	0	 
䊬	0	0	0	0	 
䊭	0	0	0	0	 
䊮	0	0	0	0	 
䊯	0	0	0	0	 
䊰	0	0	0	0	 
䊱	0	0	0	0	 
䊲	0	0	0	0	 
䊳	0	0	0	0	 
䊴	0	0	0	0	 
䊵	0	0	0	0	 
䊶	0	0	0	0	 
䊷	0	0	0	0	 
䊸	0	0	0	0	 
䊹	0	0	0	0	 
䊺	0	0	0	0	 
䊻	0	0	0	0	 
䊼	0	0	0	0	 
䊽	0	0	0	0	 
䊾	0	0	0	0	 
䊿	0	0	0	0	 
䋀	0	0	0	0	 
䋁	0	0	0	0	 
䋂	0	0	0	0	 
䋃	0	0	0	0	 
䋄	0	0	0	0	 
䋅	0	0	0	0	 
䋆	0	0	0	0	 
䋇	0	0	0	0	 
䋈	0	0	0	0	 
䋉	0	0	0	0	 
䋊	0	0	0	0	 
䋋	0	0	0	0	 
䋌	0	0	0	0	 
䋍	0	0	0	0	 
䋎	0	0	0	0	 
䋏	0	0	0	0	 
䋐	0	0	0	0	 
䋑	0	0	0	0	 
䋒	0	0	0	0	 
䋓	0	0	0	0	 
䋔	0	0	0	0	 
䋕	0	0	0	0	 
䋖	0	0	0	0	 
䋗	0	0	0	0	 
䋘	0	0	0	0	 
䋙	0	0	0	0	 
䋚	0	0	0	0	 
䋛	0	0	0	0	 
䋜	0	0	0	0	 
䋝	0	0	0	0	 
䋞	0	0	0	0	 
䋟	0	0	0	0	 
䋠	0	0	0	0	 
䋡	0	0	0	0	 
䋢	0	0	0	0	 
䋣	0	0	0	0	 
䋤	0	0	0	0	 
䋥	0	0	0	0	 
䋦	0	0	0	0	 
䋧	0	0	0	0	 
䋨	0	0	0	0	 
䋩	0	0	0	0	 
䋪	0	0	0	0	 
䋫	0	0	0	0	 
䋬	0	0	0	0	 
䋭	0	0	0	0	 
䋮	0	0	0	0	 
䋯	0	0	0	0	 
䋰	0	0	0	0	 
䋱	0	0	0	0	 
䋲	0	0	0	0	 
䋳	0	0	0	0	 
䋴	0	0	0	0	 
䋵	0	0	0	0	 
䋶	0	0	0	0	 
䋷	0	0	0	0	 
䋸	0	0	0	0	 
䋹	0	0	0	0	 
䋺	0	0	0	0	 
䋻	0	0	0	0	 
䋼	0	0	0	0	 
䋽	0	0	0	0	 
䋾	0	0	0	0	 
䋿	0	0	0	0	 
䌀	0	0	0	0	 
䌁	0	0	0	0	 
䌂	0	0	0	0	 
䌃	0	0	0	0	 
䌄	0	0	0	0	 
䌅	0	0	0	0	 
䌆	0	0	0	0	 
䌇	0	0	0	0	 
䌈	0	0	0	0	 
䌉	0	0	0	0	 
䌊	0	0	0	0	 
䌋	0	0	0	0	 
䌌	0	0	0	0	 
䌍	0	0	0	0	 
䌎	0	0	0	0	 
䌏	0	0	0	0	 
䌐	0	0	0	0	 
䌑	0	0	0	0	 
䌒	0	0	0	0	 
䌓	0	0	0	0	 
䌔	0	0	0	0	 
䌕	0	0	0	0	 
䌖	0	0	0	0	 
䌗	0	0	0	0	 
䌘	0	0	0	0	 
䌙	0	0	0	0	 
䌚	0	0	0	0	 
䌛	0	0	0	0	 
䌜	0	0	0	0	 
䌝	0	0	0	0	 
䌞	0	0	0	0	 
䌟	0	0	0	0	 
䌠	0	0	0	0	 
䌡	0	0	0	0	 
䌢	0	0	0	0	 
䌣	0	0	0	0	 
䌤	0	0	0	0	 
䌥	0	0	0	0	 
䌦	0	0	0	0	 
䌧	0	0	0	0	 
䌨	0	0	0	0	 
䌩	0	0	0	0	 
䌪	0	0	0	0	 
䌫	0	0	0	0	 
䌬	0	0	0	0	 
䌭	0	0	0	0	 
䌮	0	0	0	0	 
䌯	0	0	0	0	 
䌰	0	0	0	0	 
䌱	0	0	0	0	 
䌲	0	0	0	0	 
䌳	0	0	0	0	 
䌴	0	0	0	0	 
䌵	0	0	0	0	 
䌶	0	0	0	0	 
䌷	0	0	0	0	 
䌸	0	0	0	0	 
䌹	0	0	0	0	 
䌺	0	0	0	0	 
䌻	0	0	0	0	 
䌼	0	0	0	0	 
䌽	0	0	0	0	 
䌾	0	0	0	0	 
䌿	0	0	0	0	 
䍀	0	0	0	0	 
䍁	0	0	0	0	 
䍂	0	0	0	0	 
䍃	0	0	0	0	 
䍄	0	0	0	0	 
䍅	0	0	0	0	 
䍆	0	0	0	0	 
䍇	0	0	0	0	 
䍈	0	0	0	0	 
䍉	0	0	0	0	 
䍊	0	0	0	0	 
䍋	0	0	0	0	 
䍌	0	0	0	0	 
䍍	0	0	0	0	 
䍎	0	0	0	0	 
䍏	0	0	0	0	 
䍐	0	0	0	0	 
䍑	0	0	0	0	 
䍒	0	0	0	0	 
䍓	0	0	0	0	 
䍔	0	0	0	0	 
䍕	0	0	0	0	 
䍖	0	0	0	0	 
䍗	0	0	0	0	 
䍘	0	0	0	0	 
䍙	0	0	0	0	 
䍚	0	0	0	0	 
䍛	0	0	0	0	 
䍜	0	0	0	0	 
䍝	0	0	0	0	 
䍞	0	0	0	0	 
䍟	0	0	0	0	 
䍠	0	0	0	0	 
䍡	0	0	0	0	 
䍢	0	0	0	0	 
䍣	0	0	0	0	 
䍤	0	0	0	0	 
䍥	0	0	0	0	 
䍦	0	0	0	0	 
䍧	0	0	0	0	 
䍨	0	0	0	0	 
䍩	0	0	0	0	 
䍪	0	0	0	0	 
䍫	0	0	0	0	 
䍬	0	0	0	0	 
䍭	0	0	0	0	 
䍮	0	0	0	0	 
䍯	0	0	0	0	 
䍰	0	0	0	0	 
䍱	0	0	0	0	 
䍲	0	0	0	0	 
䍳	0	0	0	0	 
䍴	0	0	0	0	 
䍵	0	0	0	0	 
䍶	0	0	0	0	 
䍷	0	0	0	0	 
䍸	0	0	0	0	 
䍹	0	0	0	0	 
䍺	0	0	0	0	 
䍻	0	0	0	0	 
䍼	0	0	0	0	 
䍽	0	0	0	0	 
䍾	0	0	0	0	 
䍿	0	0	0	0	 
䎀	0	0	0	0	 
䎁	0	0	0	0	 
䎂	0	0	0	0	 
䎃	0	0	0	0	 
䎄	0	0	0	0	 
䎅	0	0	0	0	 
䎆	0	0	0	0	 
䎇	0	0	0	0	 
䎈	0	0	0	0	 
䎉	0	0	0	0	 
䎊	0	0	0	0	 
䎋	0	0	0	0	 
䎌	0	0	0	0	 
䎍	0	0	0	0	 
䎎	0	0	0	0	 
䎏	0	0	0	0	 
䎐	0	0	0	0	 
䎑	0	0	0	0	 
䎒	0	0	0	0	 
䎓	0	0	0	0	 
䎔	0	0	0	0	 
䎕	0	0	0	0	 
䎖	0	0	0	0	 
䎗	0	0	0	0	 
䎘	0	0	0	0	 
䎙	0	0	0	0	 
䎚	0	0	0	0	 
䎛	0	0	0	0	 
䎜	0	0	0	0	 
䎝	0	0	0	0	 
䎞	0	0	0	0	 
䎟	0	0	0	0	 
䎠	0	0	0	0	 
䎡	0	0	0	0	 
䎢	0	0	0	0	 
䎣	0	0	0	0	 
䎤	0	0	0	0	 
䎥	0	0	0	0	 
䎦	0	0	0	0	 
䎧	0	0	0	0	 
䎨	0	0	0	0	 
䎩	0	0	0	0	 
䎪	0	0	0	0	 
䎫	0	0	0	0	 
䎬	0	0	0	0	 
䎭	0	0	0	0	 
䎮	0	0	0	0	 
䎯	0	0	0	0	 
䎰	0	0	0	0	 
䎱	0	0	0	0	 
䎲	0	0	0	0	 
䎳	0	0	0	0	 
䎴	0	0	0	0	 
䎵	0	0	0	0	 
䎶	0	0	0	0	 
䎷	0	0	0	0	 
䎸	0	0	0	0	 
䎹	0	0	0	0	 
䎺	0	0	0	0	 
䎻	0	0	0	0	 
䎼	0	0	0	0	 
䎽	0	0	0	0	 
䎾	0	0	0	0	 
䎿	0	0	0	0	 
䏀	0	0	0	0	 
䏁	0	0	0	0	 
䏂	0	0	0	0	 
䏃	0	0	0	0	 
䏄	0	0	0	0	 
䏅	0	0	0	0	 
䏆	0	0	0	0	 
䏇	0	0	0	0	 
䏈	0	0	0	0	 
䏉	0	0	0	0	 
䏊	0	0	0	0	 
䏋	0	0	0	0	 
䏌	0	0	0	0	 
䏍	0	0	0	0	 
䏎	0	0	0	0	 
䏏	0	0	0	0	 
䏐	0	0	0	0	 
䏑	0	0	0	0	 
䏒	0	0	0	0	 
䏓	0	0	0	0	 
䏔	0	0	0	0	 
䏕	0	0	0	0	 
䏖	0	0	0	0	 
䏗	0	0	0	0	 
䏘	0	0	0	0	 
䏙	0	0	0	0	 
䏚	0	0	0	0	 
䏛	0	0	0	0	 
䏜	0	0	0	0	 
䏝	0	0	0	0	 
䏞	0	0	0	0	 
䏟	0	0	0	0	 
䏠	0	0	0	0	 
䏡	0	0	0	0	 
䏢	0	0	0	0	 
䏣	0	0	0	0	 
䏤	0	0	0	0	 
䏥	0	0	0	0	 
䏦	0	0	0	0	 
䏧	0	0	0	0	 
䏨	0	0	0	0	 
䏩	0	0	0	0	 
䏪	0	0	0	0	 
䏫	0	0	0	0	 
䏬	0	0	0	0	 
䏭	0	0	0	0	 
䏮	0	0	0	0	 
䏯	0	0	0	0	 
䏰	0	0	0	0	 
䏱	0	0	0	0	 
䏲	0	0	0	0	 
䏳	0	0	0	0	 
䏴	0	0	0	0	 
䏵	0	0	0	0	 
䏶	0	0	0	0	 
䏷	0	0	0	0	 
䏸	0	0	0	0	 
䏹	0	0	0	0	 
䏺	0	0	0	0	 
䏻	0	0	0	0	 
䏼	0	0	0	0	 
䏽	0	0	0	0	 
䏾	0	0	0	0	 
䏿	0	0	0	0	 
䐀	0	0	0	0	 
䐁	0	0	0	0	 
䐂	0	0	0	0	 
䐃	0	0	0	0	 
䐄	0	0	0	0	 
䐅	0	0	0	0	 
䐆	0	0	0	0	 
䐇	0	0	0	0	 
䐈	0	0	0	0	 
䐉	0	0	0	0	 
䐊	0	0	0	0	 
䐋	0	0	0	0	 
䐌	0	0	0	0	 
䐍	0	0	0	0	 
䐎	0	0	0	0	 
䐏	0	0	0	0	 
䐐	0	0	0	0	 
䐑	0	0	0	0	 
䐒	0	0	0	0	 
䐓	0	0	0	0	 
䐔	0	0	0	0	 
䐕	0	0	0	0	 
䐖	0	0	0	0	 
䐗	0	0	0	0	 
䐘	0	0	0	0	 
䐙	0	0	0	0	 
䐚	0	0	0	0	 
䐛	0	0	0	0	 
䐜	0	0	0	0	 
䐝	0	0	0	0	 
䐞	0	0	0	0	 
䐟	0	0	0	0	 
䐠	0	0	0	0	 
䐡	0	0	0	0	 
䐢	0	0	0	0	 
䐣	0	0	0	0	 
䐤	0	0	0	0	 
䐥	0	0	0	0	 
䐦	0	0	0	0	 
䐧	0	0	0	0	 
䐨	0	0	0	0	 
䐩	0	0	0	0	 
䐪	0	0	0	0	 
䐫	0	0	0	0	 
䐬	0	0	0	0	 
䐭	0	0	0	0	 
䐮	0	0	0	0	 
䐯	0	0	0	0	 
䐰	0	0	0	0	 
䐱	0	0	0	0	 
䐲	0	0	0	0	 
䐳	0	0	0	0	 
䐴	0	0	0	0	 
䐵	0	0	0	0	 
䐶	0	0	0	0	 
䐷	0	0	0	0	 
䐸	0	0	0	0	 
䐹	0	0	0	0	 
䐺	0	0	0	0	 
䐻	0	0	0	0	 
䐼	0	0	0	0	 
䐽	0	0	0	0	 
䐾	0	0	0	0	 
䐿	0	0	0	0	 
䑀	0	0	0	0	 
䑁	0	0	0	0	 
䑂	0	0	0	0	 
䑃	0	0	0	0	 
䑄	0	0	0	0	 
䑅	0	0	0	0	 
䑆	0	0	0	0	 
䑇	0	0	0	0	 
䑈	0	0	0	0	 
䑉	0	0	0	0	 
䑊	0	0	0	0	 
䑋	0	0	0	0	 
䑌	0	0	0	0	 
䑍	0	0	0	0	 
䑎	0	0	0	0	 
䑏	0	0	0	0	 
䑐	0	0	0	0	 
䑑	0	0	0	0	 
䑒	0	0	0	0	 
䑓	0	0	0	0	 
䑔	0	0	0	0	 
䑕	0	0	0	0	 
䑖	0	0	0	0	 
䑗	0	0	0	0	 
䑘	0	0	0	0	 
䑙	0	0	0	0	 
䑚	0	0	0	0	 
䑛	0	0	0	0	 
䑜	0	0	0	0	 
䑝	0	0	0	0	 
䑞	0	0	0	0	 
䑟	0	0	0	0	 
䑠	0	0	0	0	 
䑡	0	0	0	0	 
䑢	0	0	0	0	 
䑣	0	0	0	0	 
䑤	0	0	0	0	 
䑥	0	0	0	0	 
䑦	0	0	0	0	 
䑧	0	0	0	0	 
䑨	0	0	0	0	 
䑩	0	0	0	0	 
䑪	0	0	0	0	 
䑫	0	0	0	0	 
䑬	0	0	0	0	 
䑭	0	0	0	0	 
䑮	0	0	0	0	 
䑯	0	0	0	0	 
䑰	0	0	0	0	 
䑱	0	0	0	0	 
䑲	0	0	0	0	 
䑳	0	0	0	0	 
䑴	0	0	0	0	 
䑵	0	0	0	0	 
䑶	0	0	0	0	 
䑷	0	0	0	0	 
䑸	0	0	0	0	 
䑹	0	0	0	0	 
䑺	0	0	0	0	 
䑻	0	0	0	0	 
䑼	0	0	0	0	 
䑽	0	0	0	0	 
䑾	0	0	0	0	 
䑿	0	0	0	0	 
䒀	0	0	0	0	 
䒁	0	0	0	0	 
䒂	0	0	0	0	 
䒃	0	0	0	0	 
䒄	0	0	0	0	 
䒅	0	0	0	0	 
䒆	0	0	0	0	 
䒇	0	0	0	0	 
䒈	0	0	0	0	 
䒉	0	0	0	0	 
䒊	0	0	0	0	 
䒋	0	0	0	0	 
䒌	0	0	0	0	 
䒍	0	0	0	0	 
䒎	0	0	0	0	 
䒏	0	0	0	0	 
䒐	0	0	0	0	 
䒑	0	0	0	0	 
䒒	0	0	0	0	 
䒓	0	0	0	0	 
䒔	0	0	0	0	 
䒕	0	0	0	0	 
䒖	0	0	0	0	 
䒗	0	0	0	0	 
䒘	0	0	0	0	 
䒙	0	0	0	0	 
䒚	0	0	0	0	 
䒛	0	0	0	0	 
䒜	0	0	0	0	 
䒝	0	0	0	0	 
䒞	0	0	0	0	 
䒟	0	0	0	0	 
䒠	0	0	0	0	 
䒡	0	0	0	0	 
䒢	0	0	0	0	 
䒣	0	0	0	0	 
䒤	0	0	0	0	 
䒥	0	0	0	0	 
䒦	0	0	0	0	 
䒧	0	0	0	0	 
䒨	0	0	0	0	 
䒩	0	0	0	0	 
䒪	0	0	0	0	 
䒫	0	0	0	0	 
䒬	0	0	0	0	 
䒭	0	0	0	0	 
䒮	0	0	0	0	 
䒯	0	0	0	0	 
䒰	0	0	0	0	 
䒱	0	0	0	0	 
䒲	0	0	0	0	 
䒳	0	0	0	0	 
䒴	0	0	0	0	 
䒵	0	0	0	0	 
䒶	0	0	0	0	 
䒷	0	0	0	0	 
䒸	0	0	0	0	 
䒹	0	0	0	0	 
䒺	0	0	0	0	 
䒻	0	0	0	0	 
䒼	0	0	0	0	 
䒽	0	0	0	0	 
䒾	0	0	0	0	 
䒿	0	0	0	0	 
䓀	0	0	0	0	 
䓁	0	0	0	0	 
䓂	0	0	0	0	 
䓃	0	0	0	0	 
䓄	0	0	0	0	 
䓅	0	0	0	0	 
䓆	0	0	0	0	 
䓇	0	0	0	0	 
䓈	0	0	0	0	 
䓉	0	0	0	0	 
䓊	0	0	0	0	 
䓋	0	0	0	0	 
䓌	0	0	0	0	 
䓍	0	0	0	0	 
䓎	0	0	0	0	 
䓏	0	0	0	0	 
䓐	0	0	0	0	 
䓑	0	0	0	0	 
䓒	0	0	0	0	 
䓓	0	0	0	0	 
䓔	0	0	0	0	 
䓕	0	0	0	0	 
䓖	0	0	0	0	 
䓗	0	0	0	0	 
䓘	0	0	0	0	 
䓙	0	0	0	0	 
䓚	0	0	0	0	 
䓛	0	0	0	0	 
䓜	0	0	0	0	 
䓝	0	0	0	0	 
䓞	0	0	0	0	 
䓟	0	0	0	0	 
䓠	0	0	0	0	 
䓡	0	0	0	0	 
䓢	0	0	0	0	 
䓣	0	0	0	0	 
䓤	0	0	0	0	 
䓥	0	0	0	0	 
䓦	0	0	0	0	 
䓧	0	0	0	0	 
䓨	0	0	0	0	 
䓩	0	0	0	0	 
䓪	0	0	0	0	 
䓫	0	0	0	0	 
䓬	0	0	0	0	 
䓭	0	0	0	0	 
䓮	0	0	0	0	 
䓯	0	0	0	0	 
䓰	0	0	0	0	 
䓱	0	0	0	0	 
䓲	0	0	0	0	 
䓳	0	0	0	0	 
䓴	0	0	0	0	 
䓵	0	0	0	0	 
䓶	0	0	0	0	 
䓷	0	0	0	0	 
䓸	0	0	0	0	 
䓹	0	0	0	0	 
䓺	0	0	0	0	 
䓻	0	0	0	0	 
䓼	0	0	0	0	 
䓽	0	0	0	0	 
䓾	0	0	0	0	 
䓿	0	0	0	0	 
䔀	0	0	0	0	 
䔁	0	0	0	0	 
䔂	0	0	0	0	 
䔃	0	0	0	0	 
䔄	0	0	0	0	 
䔅	0	0	0	0	 
䔆	0	0	0	0	 
䔇	0	0	0	0	 
䔈	0	0	0	0	 
䔉	0	0	0	0	 
䔊	0	0	0	0	 
䔋	0	0	0	0	 
䔌	0	0	0	0	 
䔍	0	0	0	0	 
䔎	0	0	0	0	 
䔏	0	0	0	0	 
䔐	0	0	0	0	 
䔑	0	0	0	0	 
䔒	0	0	0	0	 
䔓	0	0	0	0	 
䔔	0	0	0	0	 
䔕	0	0	0	0	 
䔖	0	0	0	0	 
䔗	0	0	0	0	 
䔘	0	0	0	0	 
䔙	0	0	0	0	 
䔚	0	0	0	0	 
䔛	0	0	0	0	 
䔜	0	0	0	0	 
䔝	0	0	0	0	 
䔞	0	0	0	0	 
䔟	0	0	0	0	 
䔠	0	0	0	0	 
䔡	0	0	0	0	 
䔢	0	0	0	0	 
䔣	0	0	0	0	 
䔤	0	0	0	0	 
䔥	0	0	0	0	 
䔦	0	0	0	0	 
䔧	0	0	0	0	 
䔨	0	0	0	0	 
䔩	0	0	0	0	 
䔪	0	0	0	0	 
䔫	0	0	0	0	 
䔬	0	0	0	0	 
䔭	0	0	0	0	 
䔮	0	0	0	0	 
䔯	0	0	0	0	 
䔰	0	0	0	0	 
䔱	0	0	0	0	 
䔲	0	0	0	0	 
䔳	0	0	0	0	 
䔴	0	0	0	0	 
䔵	0	0	0	0	 
䔶	0	0	0	0	 
䔷	0	0	0	0	 
䔸	0	0	0	0	 
䔹	0	0	0	0	 
䔺	0	0	0	0	 
䔻	0	0	0	0	 
䔼	0	0	0	0	 
䔽	0	0	0	0	 
䔾	0	0	0	0	 
䔿	0	0	0	0	 
䕀	0	0	0	0	 
䕁	0	0	0	0	 
䕂	0	0	0	0	 
䕃	0	0	0	0	 
䕄	0	0	0	0	 
䕅	0	0	0	0	 
䕆	0	0	0	0	 
䕇	0	0	0	0	 
䕈	0	0	0	0	 
䕉	0	0	0	0	 
䕊	0	0	0	0	 
䕋	0	0	0	0	 
䕌	0	0	0	0	 
䕍	0	0	0	0	 
䕎	0	0	0	0	 
䕏	0	0	0	0	 
䕐	0	0	0	0	 
䕑	0	0	0	0	 
䕒	0	0	0	0	 
䕓	0	0	0	0	 
䕔	0	0	0	0	 
䕕	0	0	0	0	 
䕖	0	0	0	0	 
䕗	0	0	0	0	 
䕘	0	0	0	0	 
䕙	0	0	0	0	 
䕚	0	0	0	0	 
䕛	0	0	0	0	 
䕜	0	0	0	0	 
䕝	0	0	0	0	 
䕞	0	0	0	0	 
䕟	0	0	0	0	 
䕠	0	0	0	0	 
䕡	0	0	0	0	 
䕢	0	0	0	0	 
䕣	0	0	0	0	 
䕤	0	0	0	0	 
䕥	0	0	0	0	 
䕦	0	0	0	0	 
䕧	0	0	0	0	 
䕨	0	0	0	0	 
䕩	0	0	0	0	 
䕪	0	0	0	0	 
䕫	0	0	0	0	 
䕬	0	0	0	0	 
䕭	0	0	0	0	 
䕮	0	0	0	0	 
䕯	0	0	0	0	 
䕰	0	0	0	0	 
䕱	0	0	0	0	 
䕲	0	0	0	0	 
䕳	0	0	0	0	 
䕴	0	0	0	0	 
䕵	0	0	0	0	 
䕶	0	0	0	0	 
䕷	0	0	0	0	 
䕸	0	0	0	0	 
䕹	0	0	0	0	 
䕺	0	0	0	0	 
䕻	0	0	0	0	 
䕼	0	0	0	0	 
䕽	0	0	0	0	 
䕾	0	0	0	0	 
䕿	0	0	0	0	 
䖀	0	0	0	0	 
䖁	0	0	0	0	 
䖂	0	0	0	0	 
䖃	0	0	0	0	 
䖄	0	0	0	0	 
䖅	0	0	0	0	 
䖆	0	0	0	0	 
䖇	0	0	0	0	 
䖈	0	0	0	0	 
䖉	0	0	0	0	 
䖊	0	0	0	0	 
䖋	0	0	0	0	 
䖌	0	0	0	0	 
䖍	0	0	0	0	 
䖎	0	0	0	0	 
䖏	0	0	0	0	 
䖐	0	0	0	0	 
䖑	0	0	0	0	 
䖒	0	0	0	0	 
䖓	0	0	0	0	 
䖔	0	0	0	0	 
䖕	0	0	0	0	 
䖖	0	0	0	0	 
䖗	0	0	0	0	 
䖘	0	0	0	0	 
䖙	0	0	0	0	 
䖚	0	0	0	0	 
䖛	0	0	0	0	 
䖜	0	0	0	0	 
䖝	0	0	0	0	 
䖞	0	0	0	0	 
䖟	0	0	0	0	 
䖠	0	0	0	0	 
䖡	0	0	0	0	 
䖢	0	0	0	0	 
䖣	0	0	0	0	 
䖤	0	0	0	0	 
䖥	0	0	0	0	 
䖦	0	0	0	0	 
䖧	0	0	0	0	 
䖨	0	0	0	0	 
䖩	0	0	0	0	 
䖪	0	0	0	0	 
䖫	0	0	0	0	 
䖬	0	0	0	0	 
䖭	0	0	0	0	 
䖮	0	0	0	0	 
䖯	0	0	0	0	 
䖰	0	0	0	0	 
䖱	0	0	0	0	 
䖲	0	0	0	0	 
䖳	0	0	0	0	 
䖴	0	0	0	0	 
䖵	0	0	0	0	 
䖶	0	0	0	0	 
䖷	0	0	0	0	 
䖸	0	0	0	0	 
䖹	0	0	0	0	 
䖺	0	0	0	0	 
䖻	0	0	0	0	 
䖼	0	0	0	0	 
䖽	0	0	0	0	 
䖾	0	0	0	0	 
䖿	0	0	0	0	 
䗀	0	0	0	0	 
䗁	0	0	0	0	 
䗂	0	0	0	0	 
䗃	0	0	0	0	 
䗄	0	0	0	0	 
䗅	0	0	0	0	 
䗆	0	0	0	0	 
䗇	0	0	0	0	 
䗈	0	0	0	0	 
䗉	0	0	0	0	 
䗊	0	0	0	0	 
䗋	0	0	0	0	 
䗌	0	0	0	0	 
䗍	0	0	0	0	 
䗎	0	0	0	0	 
䗏	0	0	0	0	 
䗐	0	0	0	0	 
䗑	0	0	0	0	 
䗒	0	0	0	0	 
䗓	0	0	0	0	 
䗔	0	0	0	0	 
䗕	0	0	0	0	 
䗖	0	0	0	0	 
䗗	0	0	0	0	 
䗘	0	0	0	0	 
䗙	0	0	0	0	 
䗚	0	0	0	0	 
䗛	0	0	0	0	 
䗜	0	0	0	0	 
䗝	0	0	0	0	 
䗞	0	0	0	0	 
䗟	0	0	0	0	 
䗠	0	0	0	0	 
䗡	0	0	0	0	 
䗢	0	0	0	0	 
䗣	0	0	0	0	 
䗤	0	0	0	0	 
䗥	0	0	0	0	 
䗦	0	0	0	0	 
䗧	0	0	0	0	 
䗨	0	0	0	0	 
䗩	0	0	0	0	 
䗪	0	0	0	0	 
䗫	0	0	0	0	 
䗬	0	0	0	0	 
䗭	0	0	0	0	 
䗮	0	0	0	0	 
䗯	0	0	0	0	 
䗰	0	0	0	0	 
䗱	0	0	0	0	 
䗲	0	0	0	0	 
䗳	0	0	0	0	 
䗴	0	0	0	0	 
䗵	0	0	0	0	 
䗶	0	0	0	0	 
䗷	0	0	0	0	 
䗸	0	0	0	0	 
䗹	0	0	0	0	 
䗺	0	0	0	0	 
䗻	0	0	0	0	 
䗼	0	0	0	0	 
䗽	0	0	0	0	 
䗾	0	0	0	0	 
䗿	0	0	0	0	 
䘀	0	0	0	0	 
䘁	0	0	0	0	 
䘂	0	0	0	0	 
䘃	0	0	0	0	 
䘄	0	0	0	0	 
䘅	0	0	0	0	 
䘆	0	0	0	0	 
䘇	0	0	0	0	 
䘈	0	0	0	0	 
䘉	0	0	0	0	 
䘊	0	0	0	0	 
䘋	0	0	0	0	 
䘌	0	0	0	0	 
䘍	0	0	0	0	 
䘎	0	0	0	0	 
䘏	0	0	0	0	 
䘐	0	0	0	0	 
䘑	0	0	0	0	 
䘒	0	0	0	0	 
䘓	0	0	0	0	 
䘔	0	0	0	0	 
䘕	0	0	0	0	 
䘖	0	0	0	0	 
䘗	0	0	0	0	 
䘘	0	0	0	0	 
䘙	0	0	0	0	 
䘚	0	0	0	0	 
䘛	0	0	0	0	 
䘜	0	0	0	0	 
䘝	0	0	0	0	 
䘞	0	0	0	0	 
䘟	0	0	0	0	 
䘠	0	0	0	0	 
䘡	0	0	0	0	 
䘢	0	0	0	0	 
䘣	0	0	0	0	 
䘤	0	0	0	0	 
䘥	0	0	0	0	 
䘦	0	0	0	0	 
䘧	0	0	0	0	 
䘨	0	0	0	0	 
䘩	0	0	0	0	 
䘪	0	0	0	0	 
䘫	0	0	0	0	 
䘬	0	0	0	0	 
䘭	0	0	0	0	 
䘮	0	0	0	0	 
䘯	0	0	0	0	 
䘰	0	0	0	0	 
䘱	0	0	0	0	 
䘲	0	0	0	0	 
䘳	0	0	0	0	 
䘴	0	0	0	0	 
䘵	0	0	0	0	 
䘶	0	0	0	0	 
䘷	0	0	0	0	 
䘸	0	0	0	0	 
䘹	0	0	0	0	 
䘺	0	0	0	0	 
䘻	0	0	0	0	 
䘼	0	0	0	0	 
䘽	0	0	0	0	 
䘾	0	0	0	0	 
䘿	0	0	0	0	 
䙀	0	0	0	0	 
䙁	0	0	0	0	 
䙂	0	0	0	0	 
䙃	0	0	0	0	 
䙄	0	0	0	0	 
䙅	0	0	0	0	 
䙆	0	0	0	0	 
䙇	0	0	0	0	 
䙈	0	0	0	0	 
䙉	0	0	0	0	 
䙊	0	0	0	0	 
䙋	0	0	0	0	 
䙌	0	0	0	0	 
䙍	0	0	0	0	 
䙎	0	0	0	0	 
䙏	0	0	0	0	 
䙐	0	0	0	0	 
䙑	0	0	0	0	 
䙒	0	0	0	0	 
䙓	0	0	0	0	 
䙔	0	0	0	0	 
䙕	0	0	0	0	 
䙖	0	0	0	0	 
䙗	0	0	0	0	 
䙘	0	0	0	0	 
䙙	0	0	0	0	 
䙚	0	0	0	0	 
䙛	0	0	0	0	 
䙜	0	0	0	0	 
䙝	0	0	0	0	 
䙞	0	0	0	0	 
䙟	0	0	0	0	 
䙠	0	0	0	0	 
䙡	0	0	0	0	 
䙢	0	0	0	0	 
䙣	0	0	0	0	 
䙤	0	0	0	0	 
䙥	0	0	0	0	 
䙦	0	0	0	0	 
䙧	0	0	0	0	 
䙨	0	0	0	0	 
䙩	0	0	0	0	 
䙪	0	0	0	0	 
䙫	0	0	0	0	 
䙬	0	0	0	0	 
䙭	0	0	0	0	 
䙮	0	0	0	0	 
䙯	0	0	0	0	 
䙰	0	0	0	0	 
䙱	0	0	0	0	 
䙲	0	0	0	0	 
䙳	0	0	0	0	 
䙴	0	0	0	0	 
䙵	0	0	0	0	 
䙶	0	0	0	0	 
䙷	0	0	0	0	 
䙸	0	0	0	0	 
䙹	0	0	0	0	 
䙺	0	0	0	0	 
䙻	0	0	0	0	 
䙼	0	0	0	0	 
䙽	0	0	0	0	 
䙾	0	0	0	0	 
䙿	0	0	0	0	 
䚀	0	0	0	0	 
䚁	0	0	0	0	 
䚂	0	0	0	0	 
䚃	0	0	0	0	 
䚄	0	0	0	0	 
䚅	0	0	0	0	 
䚆	0	0	0	0	 
䚇	0	0	0	0	 
䚈	0	0	0	0	 
䚉	0	0	0	0	 
䚊	0	0	0	0	 
䚋	0	0	0	0	 
䚌	0	0	0	0	 
䚍	0	0	0	0	 
䚎	0	0	0	0	 
䚏	0	0	0	0	 
䚐	0	0	0	0	 
䚑	0	0	0	0	 
䚒	0	0	0	0	 
䚓	0	0	0	0	 
䚔	0	0	0	0	 
䚕	0	0	0	0	 
䚖	0	0	0	0	 
䚗	0	0	0	0	 
䚘	0	0	0	0	 
䚙	0	0	0	0	 
䚚	0	0	0	0	 
䚛	0	0	0	0	 
䚜	0	0	0	0	 
䚝	0	0	0	0	 
䚞	0	0	0	0	 
䚟	0	0	0	0	 
䚠	0	0	0	0	 
䚡	0	0	0	0	 
䚢	0	0	0	0	 
䚣	0	0	0	0	 
䚤	0	0	0	0	 
䚥	0	0	0	0	 
䚦	0	0	0	0	 
䚧	0	0	0	0	 
䚨	0	0	0	0	 
䚩	0	0	0	0	 
䚪	0	0	0	0	 
䚫	0	0	0	0	 
䚬	0	0	0	0	 
䚭	0	0	0	0	 
䚮	0	0	0	0	 
䚯	0	0	0	0	 
䚰	0	0	0	0	 
䚱	0	0	0	0	 
䚲	0	0	0	0	 
䚳	0	0	0	0	 
䚴	0	0	0	0	 
䚵	0	0	0	0	 
䚶	0	0	0	0	 
䚷	0	0	0	0	 
䚸	0	0	0	0	 
䚹	0	0	0	0	 
䚺	0	0	0	0	 
䚻	0	0	0	0	 
䚼	0	0	0	0	 
䚽	0	0	0	0	 
䚾	0	0	0	0	 
䚿	0	0	0	0	 
䛀	0	0	0	0	 
䛁	0	0	0	0	 
䛂	0	0	0	0	 
䛃	0	0	0	0	 
䛄	0	0	0	0	 
䛅	0	0	0	0	 
䛆	0	0	0	0	 
䛇	0	0	0	0	 
䛈	0	0	0	0	 
䛉	0	0	0	0	 
䛊	0	0	0	0	 
䛋	0	0	0	0	 
䛌	0	0	0	0	 
䛍	0	0	0	0	 
䛎	0	0	0	0	 
䛏	0	0	0	0	 
䛐	0	0	0	0	 
䛑	0	0	0	0	 
䛒	0	0	0	0	 
䛓	0	0	0	0	 
䛔	0	0	0	0	 
䛕	0	0	0	0	 
䛖	0	0	0	0	 
䛗	0	0	0	0	 
䛘	0	0	0	0	 
䛙	0	0	0	0	 
䛚	0	0	0	0	 
䛛	0	0	0	0	 
䛜	0	0	0	0	 
䛝	0	0	0	0	 
䛞	0	0	0	0	 
䛟	0	0	0	0	 
䛠	0	0	0	0	 
䛡	0	0	0	0	 
䛢	0	0	0	0	 
䛣	0	0	0	0	 
䛤	0	0	0	0	 
䛥	0	0	0	0	 
䛦	0	0	0	0	 
䛧	0	0	0	0	 
䛨	0	0	0	0	 
䛩	0	0	0	0	 
䛪	0	0	0	0	 
䛫	0	0	0	0	 
䛬	0	0	0	0	 
䛭	0	0	0	0	 
䛮	0	0	0	0	 
䛯	0	0	0	0	 
䛰	0	0	0	0	 
䛱	0	0	0	0	 
䛲	0	0	0	0	 
䛳	0	0	0	0	 
䛴	0	0	0	0	 
䛵	0	0	0	0	 
䛶	0	0	0	0	 
䛷	0	0	0	0	 
䛸	0	0	0	0	 
䛹	0	0	0	0	 
䛺	0	0	0	0	 
䛻	0	0	0	0	 
䛼	0	0	0	0	 
䛽	0	0	0	0	 
䛾	0	0	0	0	 
䛿	0	0	0	0	 
䜀	0	0	0	0	 
䜁	0	0	0	0	 
䜂	0	0	0	0	 
䜃	0	0	0	0	 
䜄	0	0	0	0	 
䜅	0	0	0	0	 
䜆	0	0	0	0	 
䜇	0	0	0	0	 
䜈	0	0	0	0	 
䜉	0	0	0	0	 
䜊	0	0	0	0	 
䜋	0	0	0	0	 
䜌	0	0	0	0	 
䜍	0	0	0	0	 
䜎	0	0	0	0	 
䜏	0	0	0	0	 
䜐	0	0	0	0	 
䜑	0	0	0	0	 
䜒	0	0	0	0	 
䜓	0	0	0	0	 
䜔	0	0	0	0	 
䜕	0	0	0	0	 
䜖	0	0	0	0	 
䜗	0	0	0	0	 
䜘	0	0	0	0	 
䜙	0	0	0	0	 
䜚	0	0	0	0	 
䜛	0	0	0	0	 
䜜	0	0	0	0	 
䜝	0	0	0	0	 
䜞	0	0	0	0	 
䜟	0	0	0	0	 
䜠	0	0	0	0	 
䜡	0	0	0	0	 
䜢	0	0	0	0	 
䜣	0	0	0	0	 
䜤	0	0	0	0	 
䜥	0	0	0	0	 
䜦	0	0	0	0	 
䜧	0	0	0	0	 
䜨	0	0	0	0	 
䜩	0	0	0	0	 
䜪	0	0	0	0	 
䜫	0	0	0	0	 
䜬	0	0	0	0	 
䜭	0	0	0	0	 
䜮	0	0	0	0	 
䜯	0	0	0	0	 
䜰	0	0	0	0	 
䜱	0	0	0	0	 
䜲	0	0	0	0	 
䜳	0	0	0	0	 
䜴	0	0	0	0	 
䜵	0	0	0	0	 
䜶	0	0	0	0	 
䜷	0	0	0	0	 
䜸	0	0	0	0	 
䜹	0	0	0	0	 
䜺	0	0	0	0	 
䜻	0	0	0	0	 
䜼	0	0	0	0	 
䜽	0	0	0	0	 
䜾	0	0	0	0	 
䜿	0	0	0	0	 
䝀	0	0	0	0	 
䝁	0	0	0	0	 
䝂	0	0	0	0	 
䝃	0	0	0	0	 
䝄	0	0	0	0	 
䝅	0	0	0	0	 
䝆	0	0	0	0	 
䝇	0	0	0	0	 
䝈	0	0	0	0	 
䝉	0	0	0	0	 
䝊	0	0	0	0	 
䝋	0	0	0	0	 
䝌	0	0	0	0	 
䝍	0	0	0	0	 
䝎	0	0	0	0	 
䝏	0	0	0	0	 
䝐	0	0	0	0	 
䝑	0	0	0	0	 
䝒	0	0	0	0	 
䝓	0	0	0	0	 
䝔	0	0	0	0	 
䝕	0	0	0	0	 
䝖	0	0	0	0	 
䝗	0	0	0	0	 
䝘	0	0	0	0	 
䝙	0	0	0	0	 
䝚	0	0	0	0	 
䝛	0	0	0	0	 
䝜	0	0	0	0	 
䝝	0	0	0	0	 
䝞	0	0	0	0	 
䝟	0	0	0	0	 
䝠	0	0	0	0	 
䝡	0	0	0	0	 
䝢	0	0	0	0	 
䝣	0	0	0	0	 
䝤	0	0	0	0	 
䝥	0	0	0	0	 
䝦	0	0	0	0	 
䝧	0	0	0	0	 
䝨	0	0	0	0	 
䝩	0	0	0	0	 
䝪	0	0	0	0	 
䝫	0	0	0	0	 
䝬	0	0	0	0	 
䝭	0	0	0	0	 
䝮	0	0	0	0	 
䝯	0	0	0	0	 
䝰	0	0	0	0	 
䝱	0	0	0	0	 
䝲	0	0	0	0	 
䝳	0	0	0	0	 
䝴	0	0	0	0	 
䝵	0	0	0	0	 
䝶	0	0	0	0	 
䝷	0	0	0	0	 
䝸	0	0	0	0	 
䝹	0	0	0	0	 
䝺	0	0	0	0	 
䝻	0	0	0	0	 
䝼	0	0	0	0	 
䝽	0	0	0	0	 
䝾	0	0	0	0	 
䝿	0	0	0	0	 
䞀	0	0	0	0	 
䞁	0	0	0	0	 
䞂	0	0	0	0	 
䞃	0	0	0	0	 
䞄	0	0	0	0	 
䞅	0	0	0	0	 
䞆	0	0	0	0	 
䞇	0	0	0	0	 
䞈	0	0	0	0	 
䞉	0	0	0	0	 
䞊	0	0	0	0	 
䞋	0	0	0	0	 
䞌	0	0	0	0	 
䞍	0	0	0	0	 
䞎	0	0	0	0	 
䞏	0	0	0	0	 
䞐	0	0	0	0	 
䞑	0	0	0	0	 
䞒	0	0	0	0	 
䞓	0	0	0	0	 
䞔	0	0	0	0	 
䞕	0	0	0	0	 
䞖	0	0	0	0	 
䞗	0	0	0	0	 
䞘	0	0	0	0	 
䞙	0	0	0	0	 
䞚	0	0	0	0	 
䞛	0	0	0	0	 
䞜	0	0	0	0	 
䞝	0	0	0	0	 
䞞	0	0	0	0	 
䞟	0	0	0	0	 
䞠	0	0	0	0	 
䞡	0	0	0	0	 
䞢	0	0	0	0	 
䞣	0	0	0	0	 
䞤	0	0	0	0	 
䞥	0	0	0	0	 
䞦	0	0	0	0	 
䞧	0	0	0	0	 
䞨	0	0	0	0	 
䞩	0	0	0	0	 
䞪	0	0	0	0	 
䞫	0	0	0	0	 
䞬	0	0	0	0	 
䞭	0	0	0	0	 
䞮	0	0	0	0	 
䞯	0	0	0	0	 
䞰	0	0	0	0	 
䞱	0	0	0	0	 
䞲	0	0	0	0	 
䞳	0	0	0	0	 
䞴	0	0	0	0	 
䞵	0	0	0	0	 
䞶	0	0	0	0	 
䞷	0	0	0	0	 
䞸	0	0	0	0	 
䞹	0	0	0	0	 
䞺	0	0	0	0	 
䞻	0	0	0	0	 
䞼	0	0	0	0	 
䞽	0	0	0	0	 
䞾	0	0	0	0	 
䞿	0	0	0	0	 
䟀	0	0	0	0	 
䟁	0	0	0	0	 
䟂	0	0	0	0	 
䟃	0	0	0	0	 
䟄	0	0	0	0	 
䟅	0	0	0	0	 
䟆	0	0	0	0	 
䟇	0	0	0	0	 
䟈	0	0	0	0	 
䟉	0	0	0	0	 
䟊	0	0	0	0	 
䟋	0	0	0	0	 
䟌	0	0	0	0	 
䟍	0	0	0	0	 
䟎	0	0	0	0	 
䟏	0	0	0	0	 
䟐	0	0	0	0	 
䟑	0	0	0	0	 
䟒	0	0	0	0	 
䟓	0	0	0	0	 
䟔	0	0	0	0	 
䟕	0	0	0	0	 
䟖	0	0	0	0	 
䟗	0	0	0	0	 
䟘	0	0	0	0	 
䟙	0	0	0	0	 
䟚	0	0	0	0	 
䟛	0	0	0	0	 
䟜	0	0	0	0	 
䟝	0	0	0	0	 
䟞	0	0	0	0	 
䟟	0	0	0	0	 
䟠	0	0	0	0	 
䟡	0	0	0	0	 
䟢	0	0	0	0	 
䟣	0	0	0	0	 
䟤	0	0	0	0	 
䟥	0	0	0	0	 
䟦	0	0	0	0	 
䟧	0	0	0	0	 
䟨	0	0	0	0	 
䟩	0	0	0	0	 
䟪	0	0	0	0	 
䟫	0	0	0	0	 
䟬	0	0	0	0	 
䟭	0	0	0	0	 
䟮	0	0	0	0	 
䟯	0	0	0	0	 
䟰	0	0	0	0	 
䟱	0	0	0	0	 
䟲	0	0	0	0	 
䟳	0	0	0	0	 
䟴	0	0	0	0	 
䟵	0	0	0	0	 
䟶	0	0	0	0	 
䟷	0	0	0	0	 
䟸	0	0	0	0	 
䟹	0	0	0	0	 
䟺	0	0	0	0	 
䟻	0	0	0	0	 
䟼	0	0	0	0	 
䟽	0	0	0	0	 
䟾	0	0	0	0	 
䟿	0	0	0	0	 
䠀	0	0	0	0	 
䠁	0	0	0	0	 
䠂	0	0	0	0	 
䠃	0	0	0	0	 
䠄	0	0	0	0	 
䠅	0	0	0	0	 
䠆	0	0	0	0	 
䠇	0	0	0	0	 
䠈	0	0	0	0	 
䠉	0	0	0	0	 
䠊	0	0	0	0	 
䠋	0	0	0	0	 
䠌	0	0	0	0	 
䠍	0	0	0	0	 
䠎	0	0	0	0	 
䠏	0	0	0	0	 
䠐	0	0	0	0	 
䠑	0	0	0	0	 
䠒	0	0	0	0	 
䠓	0	0	0	0	 
䠔	0	0	0	0	 
䠕	0	0	0	0	 
䠖	0	0	0	0	 
䠗	0	0	0	0	 
䠘	0	0	0	0	 
䠙	0	0	0	0	 
䠚	0	0	0	0	 
䠛	0	0	0	0	 
䠜	0	0	0	0	 
䠝	0	0	0	0	 
䠞	0	0	0	0	 
䠟	0	0	0	0	 
䠠	0	0	0	0	 
䠡	0	0	0	0	 
䠢	0	0	0	0	 
䠣	0	0	0	0	 
䠤	0	0	0	0	 
䠥	0	0	0	0	 
䠦	0	0	0	0	 
䠧	0	0	0	0	 
䠨	0	0	0	0	 
䠩	0	0	0	0	 
䠪	0	0	0	0	 
䠫	0	0	0	0	 
䠬	0	0	0	0	 
䠭	0	0	0	0	 
䠮	0	0	0	0	 
䠯	0	0	0	0	 
䠰	0	0	0	0	 
䠱	0	0	0	0	 
䠲	0	0	0	0	 
䠳	0	0	0	0	 
䠴	0	0	0	0	 
䠵	0	0	0	0	 
䠶	0	0	0	0	 
䠷	0	0	0	0	 
䠸	0	0	0	0	 
䠹	0	0	0	0	 
䠺	0	0	0	0	 
䠻	0	0	0	0	 
䠼	0	0	0	0	 
䠽	0	0	0	0	 
䠾	0	0	0	0	 
䠿	0	0	0	0	 
䡀	0	0	0	0	 
䡁	0	0	0	0	 
䡂	0	0	0	0	 
䡃	0	0	0	0	 
䡄	0	0	0	0	 
䡅	0	0	0	0	 
䡆	0	0	0	0	 
䡇	0	0	0	0	 
䡈	0	0	0	0	 
䡉	0	0	0	0	 
䡊	0	0	0	0	 
䡋	0	0	0	0	 
䡌	0	0	0	0	 
䡍	0	0	0	0	 
䡎	0	0	0	0	 
䡏	0	0	0	0	 
䡐	0	0	0	0	 
䡑	0	0	0	0	 
䡒	0	0	0	0	 
䡓	0	0	0	0	 
䡔	0	0	0	0	 
䡕	0	0	0	0	 
䡖	0	0	0	0	 
䡗	0	0	0	0	 
䡘	0	0	0	0	 
䡙	0	0	0	0	 
䡚	0	0	0	0	 
䡛	0	0	0	0	 
䡜	0	0	0	0	 
䡝	0	0	0	0	 
䡞	0	0	0	0	 
䡟	0	0	0	0	 
䡠	0	0	0	0	 
䡡	0	0	0	0	 
䡢	0	0	0	0	 
䡣	0	0	0	0	 
䡤	0	0	0	0	 
䡥	0	0	0	0	 
䡦	0	0	0	0	 
䡧	0	0	0	0	 
䡨	0	0	0	0	 
䡩	0	0	0	0	 
䡪	0	0	0	0	 
䡫	0	0	0	0	 
䡬	0	0	0	0	 
䡭	0	0	0	0	 
䡮	0	0	0	0	 
䡯	0	0	0	0	 
䡰	0	0	0	0	 
䡱	0	0	0	0	 
䡲	0	0	0	0	 
䡳	0	0	0	0	 
䡴	0	0	0	0	 
䡵	0	0	0	0	 
䡶	0	0	0	0	 
䡷	0	0	0	0	 
䡸	0	0	0	0	 
䡹	0	0	0	0	 
䡺	0	0	0	0	 
䡻	0	0	0	0	 
䡼	0	0	0	0	 
䡽	0	0	0	0	 
䡾	0	0	0	0	 
䡿	0	0	0	0	 
䢀	0	0	0	0	 
䢁	0	0	0	0	 
䢂	0	0	0	0	 
䢃	0	0	0	0	 
䢄	0	0	0	0	 
䢅	0	0	0	0	 
䢆	0	0	0	0	 
䢇	0	0	0	0	 
䢈	0	0	0	0	 
䢉	0	0	0	0	 
䢊	0	0	0	0	 
䢋	0	0	0	0	 
䢌	0	0	0	0	 
䢍	0	0	0	0	 
䢎	0	0	0	0	 
䢏	0	0	0	0	 
䢐	0	0	0	0	 
䢑	0	0	0	0	 
䢒	0	0	0	0	 
䢓	0	0	0	0	 
䢔	0	0	0	0	 
䢕	0	0	0	0	 
䢖	0	0	0	0	 
䢗	0	0	0	0	 
䢘	0	0	0	0	 
䢙	0	0	0	0	 
䢚	0	0	0	0	 
䢛	0	0	0	0	 
䢜	0	0	0	0	 
䢝	0	0	0	0	 
䢞	0	0	0	0	 
䢟	0	0	0	0	 
䢠	0	0	0	0	 
䢡	0	0	0	0	 
䢢	0	0	0	0	 
䢣	0	0	0	0	 
䢤	0	0	0	0	 
䢥	0	0	0	0	 
䢦	0	0	0	0	 
䢧	0	0	0	0	 
䢨	0	0	0	0	 
䢩	0	0	0	0	 
䢪	0	0	0	0	 
䢫	0	0	0	0	 
䢬	0	0	0	0	 
䢭	0	0	0	0	 
䢮	0	0	0	0	 
䢯	0	0	0	0	 
䢰	0	0	0	0	 
䢱	0	0	0	0	 
䢲	0	0	0	0	 
䢳	0	0	0	0	 
䢴	0	0	0	0	 
䢵	0	0	0	0	 
䢶	0	0	0	0	 
䢷	0	0	0	0	 
䢸	0	0	0	0	 
䢹	0	0	0	0	 
䢺	0	0	0	0	 
䢻	0	0	0	0	 
䢼	0	0	0	0	 
䢽	0	0	0	0	 
䢾	0	0	0	0	 
䢿	0	0	0	0	 
䣀	0	0	0	0	 
䣁	0	0	0	0	 
䣂	0	0	0	0	 
䣃	0	0	0	0	 
䣄	0	0	0	0	 
䣅	0	0	0	0	 
䣆	0	0	0	0	 
䣇	0	0	0	0	 
䣈	0	0	0	0	 
䣉	0	0	0	0	 
䣊	0	0	0	0	 
䣋	0	0	0	0	 
䣌	0	0	0	0	 
䣍	0	0	0	0	 
䣎	0	0	0	0	 
䣏	0	0	0	0	 
䣐	0	0	0	0	 
䣑	0	0	0	0	 
䣒	0	0	0	0	 
䣓	0	0	0	0	 
䣔	0	0	0	0	 
䣕	0	0	0	0	 
䣖	0	0	0	0	 
䣗	0	0	0	0	 
䣘	0	0	0	0	 
䣙	0	0	0	0	 
䣚	0	0	0	0	 
䣛	0	0	0	0	 
䣜	0	0	0	0	 
䣝	0	0	0	0	 
䣞	0	0	0	0	 
䣟	0	0	0	0	 
䣠	0	0	0	0	 
䣡	0	0	0	0	 
䣢	0	0	0	0	 
䣣	0	0	0	0	 
䣤	0	0	0	0	 
䣥	0	0	0	0	 
䣦	0	0	0	0	 
䣧	0	0	0	0	 
䣨	0	0	0	0	 
䣩	0	0	0	0	 
䣪	0	0	0	0	 
䣫	0	0	0	0	 
䣬	0	0	0	0	 
䣭	0	0	0	0	 
䣮	0	0	0	0	 
䣯	0	0	0	0	 
䣰	0	0	0	0	 
䣱	0	0	0	0	 
䣲	0	0	0	0	 
䣳	0	0	0	0	 
䣴	0	0	0	0	 
䣵	0	0	0	0	 
䣶	0	0	0	0	 
䣷	0	0	0	0	 
䣸	0	0	0	0	 
䣹	0	0	0	0	 
䣺	0	0	0	0	 
䣻	0	0	0	0	 
䣼	0	0	0	0	 
䣽	0	0	0	0	 
䣾	0	0	0	0	 
䣿	0	0	0	0	 
䤀	0	0	0	0	 
䤁	0	0	0	0	 
䤂	0	0	0	0	 
䤃	0	0	0	0	 
䤄	0	0	0	0	 
䤅	0	0	0	0	 
䤆	0	0	0	0	 
䤇	0	0	0	0	 
䤈	0	0	0	0	 
䤉	0	0	0	0	 
䤊	0	0	0	0	 
䤋	0	0	0	0	 
䤌	0	0	0	0	 
䤍	0	0	0	0	 
䤎	0	0	0	0	 
䤏	0	0	0	0	 
䤐	0	0	0	0	 
䤑	0	0	0	0	 
䤒	0	0	0	0	 
䤓	0	0	0	0	 
䤔	0	0	0	0	 
䤕	0	0	0	0	 
䤖	0	0	0	0	 
䤗	0	0	0	0	 
䤘	0	0	0	0	 
䤙	0	0	0	0	 
䤚	0	0	0	0	 
䤛	0	0	0	0	 
䤜	0	0	0	0	 
䤝	0	0	0	0	 
䤞	0	0	0	0	 
䤟	0	0	0	0	 
䤠	0	0	0	0	 
䤡	0	0	0	0	 
䤢	0	0	0	0	 
䤣	0	0	0	0	 
䤤	0	0	0	0	 
䤥	0	0	0	0	 
䤦	0	0	0	0	 
䤧	0	0	0	0	 
䤨	0	0	0	0	 
䤩	0	0	0	0	 
䤪	0	0	0	0	 
䤫	0	0	0	0	 
䤬	0	0	0	0	 
䤭	0	0	0	0	 
䤮	0	0	0	0	 
䤯	0	0	0	0	 
䤰	0	0	0	0	 
䤱	0	0	0	0	 
䤲	0	0	0	0	 
䤳	0	0	0	0	 
䤴	0	0	0	0	 
䤵	0	0	0	0	 
䤶	0	0	0	0	 
䤷	0	0	0	0	 
䤸	0	0	0	0	 
䤹	0	0	0	0	 
䤺	0	0	0	0	 
䤻	0	0	0	0	 
䤼	0	0	0	0	 
䤽	0	0	0	0	 
䤾	0	0	0	0	 
䤿	0	0	0	0	 
䥀	0	0	0	0	 
䥁	0	0	0	0	 
䥂	0	0	0	0	 
䥃	0	0	0	0	 
䥄	0	0	0	0	 
䥅	0	0	0	0	 
䥆	0	0	0	0	 
䥇	0	0	0	0	 
䥈	0	0	0	0	 
䥉	0	0	0	0	 
䥊	0	0	0	0	 
䥋	0	0	0	0	 
䥌	0	0	0	0	 
䥍	0	0	0	0	 
䥎	0	0	0	0	 
䥏	0	0	0	0	 
䥐	0	0	0	0	 
䥑	0	0	0	0	 
䥒	0	0	0	0	 
䥓	0	0	0	0	 
䥔	0	0	0	0	 
䥕	0	0	0	0	 
䥖	0	0	0	0	 
䥗	0	0	0	0	 
䥘	0	0	0	0	 
䥙	0	0	0	0	 
䥚	0	0	0	0	 
䥛	0	0	0	0	 
䥜	0	0	0	0	 
䥝	0	0	0	0	 
䥞	0	0	0	0	 
䥟	0	0	0	0	 
䥠	0	0	0	0	 
䥡	0	0	0	0	 
䥢	0	0	0	0	 
䥣	0	0	0	0	 
䥤	0	0	0	0	 
䥥	0	0	0	0	 
䥦	0	0	0	0	 
䥧	0	0	0	0	 
䥨	0	0	0	0	 
䥩	0	0	0	0	 
䥪	0	0	0	0	 
䥫	0	0	0	0	 
䥬	0	0	0	0	 
䥭	0	0	0	0	 
䥮	0	0	0	0	 
䥯	0	0	0	0	 
䥰	0	0	0	0	 
䥱	0	0	0	0	 
䥲	0	0	0	0	 
䥳	0	0	0	0	 
䥴	0	0	0	0	 
䥵	0	0	0	0	 
䥶	0	0	0	0	 
䥷	0	0	0	0	 
䥸	0	0	0	0	 
䥹	0	0	0	0	 
䥺	0	0	0	0	 
䥻	0	0	0	0	 
䥼	0	0	0	0	 
䥽	0	0	0	0	 
䥾	0	0	0	0	 
䥿	0	0	0	0	 
䦀	0	0	0	0	 
䦁	0	0	0	0	 
䦂	0	0	0	0	 
䦃	0	0	0	0	 
䦄	0	0	0	0	 
䦅	0	0	0	0	 
䦆	0	0	0	0	 
䦇	0	0	0	0	 
䦈	0	0	0	0	 
䦉	0	0	0	0	 
䦊	0	0	0	0	 
䦋	0	0	0	0	 
䦌	0	0	0	0	 
䦍	0	0	0	0	 
䦎	0	0	0	0	 
䦏	0	0	0	0	 
䦐	0	0	0	0	 
䦑	0	0	0	0	 
䦒	0	0	0	0	 
䦓	0	0	0	0	 
䦔	0	0	0	0	 
䦕	0	0	0	0	 
䦖	0	0	0	0	 
䦗	0	0	0	0	 
䦘	0	0	0	0	 
䦙	0	0	0	0	 
䦚	0	0	0	0	 
䦛	0	0	0	0	 
䦜	0	0	0	0	 
䦝	0	0	0	0	 
䦞	0	0	0	0	 
䦟	0	0	0	0	 
䦠	0	0	0	0	 
䦡	0	0	0	0	 
䦢	0	0	0	0	 
䦣	0	0	0	0	 
䦤	0	0	0	0	 
䦥	0	0	0	0	 
䦦	0	0	0	0	 
䦧	0	0	0	0	 
䦨	0	0	0	0	 
䦩	0	0	0	0	 
䦪	0	0	0	0	 
䦫	0	0	0	0	 
䦬	0	0	0	0	 
䦭	0	0	0	0	 
䦮	0	0	0	0	 
䦯	0	0	0	0	 
䦰	0	0	0	0	 
䦱	0	0	0	0	 
䦲	0	0	0	0	 
䦳	0	0	0	0	 
䦴	0	0	0	0	 
䦵	0	0	0	0	 
䦶	0	0	0	0	 
䦷	0	0	0	0	 
䦸	0	0	0	0	 
䦹	0	0	0	0	 
䦺	0	0	0	0	 
䦻	0	0	0	0	 
䦼	0	0	0	0	 
䦽	0	0	0	0	 
䦾	0	0	0	0	 
䦿	0	0	0	0	 
䧀	0	0	0	0	 
䧁	0	0	0	0	 
䧂	0	0	0	0	 
䧃	0	0	0	0	 
䧄	0	0	0	0	 
䧅	0	0	0	0	 
䧆	0	0	0	0	 
䧇	0	0	0	0	 
䧈	0	0	0	0	 
䧉	0	0	0	0	 
䧊	0	0	0	0	 
䧋	0	0	0	0	 
䧌	0	0	0	0	 
䧍	0	0	0	0	 
䧎	0	0	0	0	 
䧏	0	0	0	0	 
䧐	0	0	0	0	 
䧑	0	0	0	0	 
䧒	0	0	0	0	 
䧓	0	0	0	0	 
䧔	0	0	0	0	 
䧕	0	0	0	0	 
䧖	0	0	0	0	 
䧗	0	0	0	0	 
䧘	0	0	0	0	 
䧙	0	0	0	0	 
䧚	0	0	0	0	 
䧛	0	0	0	0	 
䧜	0	0	0	0	 
䧝	0	0	0	0	 
䧞	0	0	0	0	 
䧟	0	0	0	0	 
䧠	0	0	0	0	 
䧡	0	0	0	0	 
䧢	0	0	0	0	 
䧣	0	0	0	0	 
䧤	0	0	0	0	 
䧥	0	0	0	0	 
䧦	0	0	0	0	 
䧧	0	0	0	0	 
䧨	0	0	0	0	 
䧩	0	0	0	0	 
䧪	0	0	0	0	 
䧫	0	0	0	0	 
䧬	0	0	0	0	 
䧭	0	0	0	0	 
䧮	0	0	0	0	 
䧯	0	0	0	0	 
䧰	0	0	0	0	 
䧱	0	0	0	0	 
䧲	0	0	0	0	 
䧳	0	0	0	0	 
䧴	0	0	0	0	 
䧵	0	0	0	0	 
䧶	0	0	0	0	 
䧷	0	0	0	0	 
䧸	0	0	0	0	 
䧹	0	0	0	0	 
䧺	0	0	0	0	 
䧻	0	0	0	0	 
䧼	0	0	0	0	 
䧽	0	0	0	0	 
䧾	0	0	0	0	 
䧿	0	0	0	0	 
䨀	0	0	0	0	 
䨁	0	0	0	0	 
䨂	0	0	0	0	 
䨃	0	0	0	0	 
䨄	0	0	0	0	 
䨅	0	0	0	0	 
䨆	0	0	0	0	 
䨇	0	0	0	0	 
䨈	0	0	0	0	 
䨉	0	0	0	0	 
䨊	0	0	0	0	 
䨋	0	0	0	0	 
䨌	0	0	0	0	 
䨍	0	0	0	0	 
䨎	0	0	0	0	 
䨏	0	0	0	0	 
䨐	0	0	0	0	 
䨑	0	0	0	0	 
䨒	0	0	0	0	 
䨓	0	0	0	0	 
䨔	0	0	0	0	 
䨕	0	0	0	0	 
䨖	0	0	0	0	 
䨗	0	0	0	0	 
䨘	0	0	0	0	 
䨙	0	0	0	0	 
䨚	0	0	0	0	 
䨛	0	0	0	0	 
䨜	0	0	0	0	 
䨝	0	0	0	0	 
䨞	0	0	0	0	 
䨟	0	0	0	0	 
䨠	0	0	0	0	 
䨡	0	0	0	0	 
䨢	0	0	0	0	 
䨣	0	0	0	0	 
䨤	0	0	0	0	 
䨥	0	0	0	0	 
䨦	0	0	0	0	 
䨧	0	0	0	0	 
䨨	0	0	0	0	 
䨩	0	0	0	0	 
䨪	0	0	0	0	 
䨫	0	0	0	0	 
䨬	0	0	0	0	 
䨭	0	0	0	0	 
䨮	0	0	0	0	 
䨯	0	0	0	0	 
䨰	0	0	0	0	 
䨱	0	0	0	0	 
䨲	0	0	0	0	 
䨳	0	0	0	0	 
䨴	0	0	0	0	 
䨵	0	0	0	0	 
䨶	0	0	0	0	 
䨷	0	0	0	0	 
䨸	0	0	0	0	 
䨹	0	0	0	0	 
䨺	0	0	0	0	 
䨻	0	0	0	0	 
䨼	0	0	0	0	 
䨽	0	0	0	0	 
䨾	0	0	0	0	 
䨿	0	0	0	0	 
䩀	0	0	0	0	 
䩁	0	0	0	0	 
䩂	0	0	0	0	 
䩃	0	0	0	0	 
䩄	0	0	0	0	 
䩅	0	0	0	0	 
䩆	0	0	0	0	 
䩇	0	0	0	0	 
䩈	0	0	0	0	 
䩉	0	0	0	0	 
䩊	0	0	0	0	 
䩋	0	0	0	0	 
䩌	0	0	0	0	 
䩍	0	0	0	0	 
䩎	0	0	0	0	 
䩏	0	0	0	0	 
䩐	0	0	0	0	 
䩑	0	0	0	0	 
䩒	0	0	0	0	 
䩓	0	0	0	0	 
䩔	0	0	0	0	 
䩕	0	0	0	0	 
䩖	0	0	0	0	 
䩗	0	0	0	0	 
䩘	0	0	0	0	 
䩙	0	0	0	0	 
䩚	0	0	0	0	 
䩛	0	0	0	0	 
䩜	0	0	0	0	 
䩝	0	0	0	0	 
䩞	0	0	0	0	 
䩟	0	0	0	0	 
䩠	0	0	0	0	 
䩡	0	0	0	0	 
䩢	0	0	0	0	 
䩣	0	0	0	0	 
䩤	0	0	0	0	 
䩥	0	0	0	0	 
䩦	0	0	0	0	 
䩧	0	0	0	0	 
䩨	0	0	0	0	 
䩩	0	0	0	0	 
䩪	0	0	0	0	 
䩫	0	0	0	0	 
䩬	0	0	0	0	 
䩭	0	0	0	0	 
䩮	0	0	0	0	 
䩯	0	0	0	0	 
䩰	0	0	0	0	 
䩱	0	0	0	0	 
䩲	0	0	0	0	 
䩳	0	0	0	0	 
䩴	0	0	0	0	 
䩵	0	0	0	0	 
䩶	0	0	0	0	 
䩷	0	0	0	0	 
䩸	0	0	0	0	 
䩹	0	0	0	0	 
䩺	0	0	0	0	 
䩻	0	0	0	0	 
䩼	0	0	0	0	 
䩽	0	0	0	0	 
䩾	0	0	0	0	 
䩿	0	0	0	0	 
䪀	0	0	0	0	 
䪁	0	0	0	0	 
䪂	0	0	0	0	 
䪃	0	0	0	0	 
䪄	0	0	0	0	 
䪅	0	0	0	0	 
䪆	0	0	0	0	 
䪇	0	0	0	0	 
䪈	0	0	0	0	 
䪉	0	0	0	0	 
䪊	0	0	0	0	 
䪋	0	0	0	0	 
䪌	0	0	0	0	 
䪍	0	0	0	0	 
䪎	0	0	0	0	 
䪏	0	0	0	0	 
䪐	0	0	0	0	 
䪑	0	0	0	0	 
䪒	0	0	0	0	 
䪓	0	0	0	0	 
䪔	0	0	0	0	 
䪕	0	0	0	0	 
䪖	0	0	0	0	 
䪗	0	0	0	0	 
䪘	0	0	0	0	 
䪙	0	0	0	0	 
䪚	0	0	0	0	 
䪛	0	0	0	0	 
䪜	0	0	0	0	 
䪝	0	0	0	0	 
䪞	0	0	0	0	 
䪟	0	0	0	0	 
䪠	0	0	0	0	 
䪡	0	0	0	0	 
䪢	0	0	0	0	 
䪣	0	0	0	0	 
䪤	0	0	0	0	 
䪥	0	0	0	0	 
䪦	0	0	0	0	 
䪧	0	0	0	0	 
䪨	0	0	0	0	 
䪩	0	0	0	0	 
䪪	0	0	0	0	 
䪫	0	0	0	0	 
䪬	0	0	0	0	 
䪭	0	0	0	0	 
䪮	0	0	0	0	 
䪯	0	0	0	0	 
䪰	0	0	0	0	 
䪱	0	0	0	0	 
䪲	0	0	0	0	 
䪳	0	0	0	0	 
䪴	0	0	0	0	 
䪵	0	0	0	0	 
䪶	0	0	0	0	 
䪷	0	0	0	0	 
䪸	0	0	0	0	 
䪹	0	0	0	0	 
䪺	0	0	0	0	 
䪻	0	0	0	0	 
䪼	0	0	0	0	 
䪽	0	0	0	0	 
䪾	0	0	0	0	 
䪿	0	0	0	0	 
䫀	0	0	0	0	 
䫁	0	0	0	0	 
䫂	0	0	0	0	 
䫃	0	0	0	0	 
䫄	0	0	0	0	 
䫅	0	0	0	0	 
䫆	0	0	0	0	 
䫇	0	0	0	0	 
䫈	0	0	0	0	 
䫉	0	0	0	0	 
䫊	0	0	0	0	 
䫋	0	0	0	0	 
䫌	0	0	0	0	 
䫍	0	0	0	0	 
䫎	0	0	0	0	 
䫏	0	0	0	0	 
䫐	0	0	0	0	 
䫑	0	0	0	0	 
䫒	0	0	0	0	 
䫓	0	0	0	0	 
䫔	0	0	0	0	 
䫕	0	0	0	0	 
䫖	0	0	0	0	 
䫗	0	0	0	0	 
䫘	0	0	0	0	 
䫙	0	0	0	0	 
䫚	0	0	0	0	 
䫛	0	0	0	0	 
䫜	0	0	0	0	 
䫝	0	0	0	0	 
䫞	0	0	0	0	 
䫟	0	0	0	0	 
䫠	0	0	0	0	 
䫡	0	0	0	0	 
䫢	0	0	0	0	 
䫣	0	0	0	0	 
䫤	0	0	0	0	 
䫥	0	0	0	0	 
䫦	0	0	0	0	 
䫧	0	0	0	0	 
䫨	0	0	0	0	 
䫩	0	0	0	0	 
䫪	0	0	0	0	 
䫫	0	0	0	0	 
䫬	0	0	0	0	 
䫭	0	0	0	0	 
䫮	0	0	0	0	 
䫯	0	0	0	0	 
䫰	0	0	0	0	 
䫱	0	0	0	0	 
䫲	0	0	0	0	 
䫳	0	0	0	0	 
䫴	0	0	0	0	 
䫵	0	0	0	0	 
䫶	0	0	0	0	 
䫷	0	0	0	0	 
䫸	0	0	0	0	 
䫹	0	0	0	0	 
䫺	0	0	0	0	 
䫻	0	0	0	0	 
䫼	0	0	0	0	 
䫽	0	0	0	0	 
䫾	0	0	0	0	 
䫿	0	0	0	0	 
䬀	0	0	0	0	 
䬁	0	0	0	0	 
䬂	0	0	0	0	 
䬃	0	0	0	0	 
䬄	0	0	0	0	 
䬅	0	0	0	0	 
䬆	0	0	0	0	 
䬇	0	0	0	0	 
䬈	0	0	0	0	 
䬉	0	0	0	0	 
䬊	0	0	0	0	 
䬋	0	0	0	0	 
䬌	0	0	0	0	 
䬍	0	0	0	0	 
䬎	0	0	0	0	 
䬏	0	0	0	0	 
䬐	0	0	0	0	 
䬑	0	0	0	0	 
䬒	0	0	0	0	 
䬓	0	0	0	0	 
䬔	0	0	0	0	 
䬕	0	0	0	0	 
䬖	0	0	0	0	 
䬗	0	0	0	0	 
䬘	0	0	0	0	 
䬙	0	0	0	0	 
䬚	0	0	0	0	 
䬛	0	0	0	0	 
䬜	0	0	0	0	 
䬝	0	0	0	0	 
䬞	0	0	0	0	 
䬟	0	0	0	0	 
䬠	0	0	0	0	 
䬡	0	0	0	0	 
䬢	0	0	0	0	 
䬣	0	0	0	0	 
䬤	0	0	0	0	 
䬥	0	0	0	0	 
䬦	0	0	0	0	 
䬧	0	0	0	0	 
䬨	0	0	0	0	 
䬩	0	0	0	0	 
䬪	0	0	0	0	 
䬫	0	0	0	0	 
䬬	0	0	0	0	 
䬭	0	0	0	0	 
䬮	0	0	0	0	 
䬯	0	0	0	0	 
䬰	0	0	0	0	 
䬱	0	0	0	0	 
䬲	0	0	0	0	 
䬳	0	0	0	0	 
䬴	0	0	0	0	 
䬵	0	0	0	0	 
䬶	0	0	0	0	 
䬷	0	0	0	0	 
䬸	0	0	0	0	 
䬹	0	0	0	0	 
䬺	0	0	0	0	 
䬻	0	0	0	0	 
䬼	0	0	0	0	 
䬽	0	0	0	0	 
䬾	0	0	0	0	 
䬿	0	0	0	0	 
䭀	0	0	0	0	 
䭁	0	0	0	0	 
䭂	0	0	0	0	 
䭃	0	0	0	0	 
䭄	0	0	0	0	 
䭅	0	0	0	0	 
䭆	0	0	0	0	 
䭇	0	0	0	0	 
䭈	0	0	0	0	 
䭉	0	0	0	0	 
䭊	0	0	0	0	 
䭋	0	0	0	0	 
䭌	0	0	0	0	 
䭍	0	0	0	0	 
䭎	0	0	0	0	 
䭏	0	0	0	0	 
䭐	0	0	0	0	 
䭑	0	0	0	0	 
䭒	0	0	0	0	 
䭓	0	0	0	0	 
䭔	0	0	0	0	 
䭕	0	0	0	0	 
䭖	0	0	0	0	 
䭗	0	0	0	0	 
䭘	0	0	0	0	 
䭙	0	0	0	0	 
䭚	0	0	0	0	 
䭛	0	0	0	0	 
䭜	0	0	0	0	 
䭝	0	0	0	0	 
䭞	0	0	0	0	 
䭟	0	0	0	0	 
䭠	0	0	0	0	 
䭡	0	0	0	0	 
䭢	0	0	0	0	 
䭣	0	0	0	0	 
䭤	0	0	0	0	 
䭥	0	0	0	0	 
䭦	0	0	0	0	 
䭧	0	0	0	0	 
䭨	0	0	0	0	 
䭩	0	0	0	0	 
䭪	0	0	0	0	 
䭫	0	0	0	0	 
䭬	0	0	0	0	 
䭭	0	0	0	0	 
䭮	0	0	0	0	 
䭯	0	0	0	0	 
䭰	0	0	0	0	 
䭱	0	0	0	0	 
䭲	0	0	0	0	 
䭳	0	0	0	0	 
䭴	0	0	0	0	 
䭵	0	0	0	0	 
䭶	0	0	0	0	 
䭷	0	0	0	0	 
䭸	0	0	0	0	 
䭹	0	0	0	0	 
䭺	0	0	0	0	 
䭻	0	0	0	0	 
䭼	0	0	0	0	 
䭽	0	0	0	0	 
䭾	0	0	0	0	 
䭿	0	0	0	0	 
䮀	0	0	0	0	 
䮁	0	0	0	0	 
䮂	0	0	0	0	 
䮃	0	0	0	0	 
䮄	0	0	0	0	 
䮅	0	0	0	0	 
䮆	0	0	0	0	 
䮇	0	0	0	0	 
䮈	0	0	0	0	 
䮉	0	0	0	0	 
䮊	0	0	0	0	 
䮋	0	0	0	0	 
䮌	0	0	0	0	 
䮍	0	0	0	0	 
䮎	0	0	0	0	 
䮏	0	0	0	0	 
䮐	0	0	0	0	 
䮑	0	0	0	0	 
䮒	0	0	0	0	 
䮓	0	0	0	0	 
䮔	0	0	0	0	 
䮕	0	0	0	0	 
䮖	0	0	0	0	 
䮗	0	0	0	0	 
䮘	0	0	0	0	 
䮙	0	0	0	0	 
䮚	0	0	0	0	 
䮛	0	0	0	0	 
䮜	0	0	0	0	 
䮝	0	0	0	0	 
䮞	0	0	0	0	 
䮟	0	0	0	0	 
䮠	0	0	0	0	 
䮡	0	0	0	0	 
䮢	0	0	0	0	 
䮣	0	0	0	0	 
䮤	0	0	0	0	 
䮥	0	0	0	0	 
䮦	0	0	0	0	 
䮧	0	0	0	0	 
䮨	0	0	0	0	 
䮩	0	0	0	0	 
䮪	0	0	0	0	 
䮫	0	0	0	0	 
䮬	0	0	0	0	 
䮭	0	0	0	0	 
䮮	0	0	0	0	 
䮯	0	0	0	0	 
䮰	0	0	0	0	 
䮱	0	0	0	0	 
䮲	0	0	0	0	 
䮳	0	0	0	0	 
䮴	0	0	0	0	 
䮵	0	0	0	0	 
䮶	0	0	0	0	 
䮷	0	0	0	0	 
䮸	0	0	0	0	 
䮹	0	0	0	0	 
䮺	0	0	0	0	 
䮻	0	0	0	0	 
䮼	0	0	0	0	 
䮽	0	0	0	0	 
䮾	0	0	0	0	 
䮿	0	0	0	0	 
䯀	0	0	0	0	 
䯁	0	0	0	0	 
䯂	0	0	0	0	 
䯃	0	0	0	0	 
䯄	0	0	0	0	 
䯅	0	0	0	0	 
䯆	0	0	0	0	 
䯇	0	0	0	0	 
䯈	0	0	0	0	 
䯉	0	0	0	0	 
䯊	0	0	0	0	 
䯋	0	0	0	0	 
䯌	0	0	0	0	 
䯍	0	0	0	0	 
䯎	0	0	0	0	 
䯏	0	0	0	0	 
䯐	0	0	0	0	 
䯑	0	0	0	0	 
䯒	0	0	0	0	 
䯓	0	0	0	0	 
䯔	0	0	0	0	 
䯕	0	0	0	0	 
䯖	0	0	0	0	 
䯗	0	0	0	0	 
䯘	0	0	0	0	 
䯙	0	0	0	0	 
䯚	0	0	0	0	 
䯛	0	0	0	0	 
䯜	0	0	0	0	 
䯝	0	0	0	0	 
䯞	0	0	0	0	 
䯟	0	0	0	0	 
䯠	0	0	0	0	 
䯡	0	0	0	0	 
䯢	0	0	0	0	 
䯣	0	0	0	0	 
䯤	0	0	0	0	 
䯥	0	0	0	0	 
䯦	0	0	0	0	 
䯧	0	0	0	0	 
䯨	0	0	0	0	 
䯩	0	0	0	0	 
䯪	0	0	0	0	 
䯫	0	0	0	0	 
䯬	0	0	0	0	 
䯭	0	0	0	0	 
䯮	0	0	0	0	 
䯯	0	0	0	0	 
䯰	0	0	0	0	 
䯱	0	0	0	0	 
䯲	0	0	0	0	 
䯳	0	0	0	0	 
䯴	0	0	0	0	 
䯵	0	0	0	0	 
䯶	0	0	0	0	 
䯷	0	0	0	0	 
䯸	0	0	0	0	 
䯹	0	0	0	0	 
䯺	0	0	0	0	 
䯻	0	0	0	0	 
䯼	0	0	0	0	 
䯽	0	0	0	0	 
䯾	0	0	0	0	 
䯿	0	0	0	0	 
䰀	0	0	0	0	 
䰁	0	0	0	0	 
䰂	0	0	0	0	 
䰃	0	0	0	0	 
䰄	0	0	0	0	 
䰅	0	0	0	0	 
䰆	0	0	0	0	 
䰇	0	0	0	0	 
䰈	0	0	0	0	 
䰉	0	0	0	0	 
䰊	0	0	0	0	 
䰋	0	0	0	0	 
䰌	0	0	0	0	 
䰍	0	0	0	0	 
䰎	0	0	0	0	 
䰏	0	0	0	0	 
䰐	0	0	0	0	 
䰑	0	0	0	0	 
䰒	0	0	0	0	 
䰓	0	0	0	0	 
䰔	0	0	0	0	 
䰕	0	0	0	0	 
䰖	0	0	0	0	 
䰗	0	0	0	0	 
䰘	0	0	0	0	 
䰙	0	0	0	0	 
䰚	0	0	0	0	 
䰛	0	0	0	0	 
䰜	0	0	0	0	 
䰝	0	0	0	0	 
䰞	0	0	0	0	 
䰟	0	0	0	0	 
䰠	0	0	0	0	 
䰡	0	0	0	0	 
䰢	0	0	0	0	 
䰣	0	0	0	0	 
䰤	0	0	0	0	 
䰥	0	0	0	0	 
䰦	0	0	0	0	 
䰧	0	0	0	0	 
䰨	0	0	0	0	 
䰩	0	0	0	0	 
䰪	0	0	0	0	 
䰫	0	0	0	0	 
䰬	0	0	0	0	 
䰭	0	0	0	0	 
䰮	0	0	0	0	 
䰯	0	0	0	0	 
䰰	0	0	0	0	 
䰱	0	0	0	0	 
䰲	0	0	0	0	 
䰳	0	0	0	0	 
䰴	0	0	0	0	 
䰵	0	0	0	0	 
䰶	0	0	0	0	 
䰷	0	0	0	0	 
䰸	0	0	0	0	 
䰹	0	0	0	0	 
䰺	0	0	0	0	 
䰻	0	0	0	0	 
䰼	0	0	0	0	 
䰽	0	0	0	0	 
䰾	0	0	0	0	 
䰿	0	0	0	0	 
䱀	0	0	0	0	 
䱁	0	0	0	0	 
䱂	0	0	0	0	 
䱃	0	0	0	0	 
䱄	0	0	0	0	 
䱅	0	0	0	0	 
䱆	0	0	0	0	 
䱇	0	0	0	0	 
䱈	0	0	0	0	 
䱉	0	0	0	0	 
䱊	0	0	0	0	 
䱋	0	0	0	0	 
䱌	0	0	0	0	 
䱍	0	0	0	0	 
䱎	0	0	0	0	 
䱏	0	0	0	0	 
䱐	0	0	0	0	 
䱑	0	0	0	0	 
䱒	0	0	0	0	 
䱓	0	0	0	0	 
䱔	0	0	0	0	 
䱕	0	0	0	0	 
䱖	0	0	0	0	 
䱗	0	0	0	0	 
䱘	0	0	0	0	 
䱙	0	0	0	0	 
䱚	0	0	0	0	 
䱛	0	0	0	0	 
䱜	0	0	0	0	 
䱝	0	0	0	0	 
䱞	0	0	0	0	 
䱟	0	0	0	0	 
䱠	0	0	0	0	 
䱡	0	0	0	0	 
䱢	0	0	0	0	 
䱣	0	0	0	0	 
䱤	0	0	0	0	 
䱥	0	0	0	0	 
䱦	0	0	0	0	 
䱧	0	0	0	0	 
䱨	0	0	0	0	 
䱩	0	0	0	0	 
䱪	0	0	0	0	 
䱫	0	0	0	0	 
䱬	0	0	0	0	 
䱭	0	0	0	0	 
䱮	0	0	0	0	 
䱯	0	0	0	0	 
䱰	0	0	0	0	 
䱱	0	0	0	0	 
䱲	0	0	0	0	 
䱳	0	0	0	0	 
䱴	0	0	0	0	 
䱵	0	0	0	0	 
䱶	0	0	0	0	 
䱷	0	0	0	0	 
䱸	0	0	0	0	 
䱹	0	0	0	0	 
䱺	0	0	0	0	 
䱻	0	0	0	0	 
䱼	0	0	0	0	 
䱽	0	0	0	0	 
䱾	0	0	0	0	 
䱿	0	0	0	0	 
䲀	0	0	0	0	 
䲁	0	0	0	0	 
䲂	0	0	0	0	 
䲃	0	0	0	0	 
䲄	0	0	0	0	 
䲅	0	0	0	0	 
䲆	0	0	0	0	 
䲇	0	0	0	0	 
䲈	0	0	0	0	 
䲉	0	0	0	0	 
䲊	0	0	0	0	 
䲋	0	0	0	0	 
䲌	0	0	0	0	 
䲍	0	0	0	0	 
䲎	0	0	0	0	 
䲏	0	0	0	0	 
䲐	0	0	0	0	 
䲑	0	0	0	0	 
䲒	0	0	0	0	 
䲓	0	0	0	0	 
䲔	0	0	0	0	 
䲕	0	0	0	0	 
䲖	0	0	0	0	 
䲗	0	0	0	0	 
䲘	0	0	0	0	 
䲙	0	0	0	0	 
䲚	0	0	0	0	 
䲛	0	0	0	0	 
䲜	0	0	0	0	 
䲝	0	0	0	0	 
䲞	0	0	0	0	 
䲟	0	0	0	0	 
䲠	0	0	0	0	 
䲡	0	0	0	0	 
䲢	0	0	0	0	 
䲣	0	0	0	0	 
䲤	0	0	0	0	 
䲥	0	0	0	0	 
䲦	0	0	0	0	 
䲧	0	0	0	0	 
䲨	0	0	0	0	 
䲩	0	0	0	0	 
䲪	0	0	0	0	 
䲫	0	0	0	0	 
䲬	0	0	0	0	 
䲭	0	0	0	0	 
䲮	0	0	0	0	 
䲯	0	0	0	0	 
䲰	0	0	0	0	 
䲱	0	0	0	0	 
䲲	0	0	0	0	 
䲳	0	0	0	0	 
䲴	0	0	0	0	 
䲵	0	0	0	0	 
䲶	0	0	0	0	 
䲷	0	0	0	0	 
䲸	0	0	0	0	 
䲹	0	0	0	0	 
䲺	0	0	0	0	 
䲻	0	0	0	0	 
䲼	0	0	0	0	 
䲽	0	0	0	0	 
䲾	0	0	0	0	 
䲿	0	0	0	0	 
䳀	0	0	0	0	 
䳁	0	0	0	0	 
䳂	0	0	0	0	 
䳃	0	0	0	0	 
䳄	0	0	0	0	 
䳅	0	0	0	0	 
䳆	0	0	0	0	 
䳇	0	0	0	0	 
䳈	0	0	0	0	 
䳉	0	0	0	0	 
䳊	0	0	0	0	 
䳋	0	0	0	0	 
䳌	0	0	0	0	 
䳍	0	0	0	0	 
䳎	0	0	0	0	 
䳏	0	0	0	0	 
䳐	0	0	0	0	 
䳑	0	0	0	0	 
䳒	0	0	0	0	 
䳓	0	0	0	0	 
䳔	0	0	0	0	 
䳕	0	0	0	0	 
䳖	0	0	0	0	 
䳗	0	0	0	0	 
䳘	0	0	0	0	 
䳙	0	0	0	0	 
䳚	0	0	0	0	 
䳛	0	0	0	0	 
䳜	0	0	0	0	 
䳝	0	0	0	0	 
䳞	0	0	0	0	 
䳟	0	0	0	0	 
䳠	0	0	0	0	 
䳡	0	0	0	0	 
䳢	0	0	0	0	 
䳣	0	0	0	0	 
䳤	0	0	0	0	 
䳥	0	0	0	0	 
䳦	0	0	0	0	 
䳧	0	0	0	0	 
䳨	0	0	0	0	 
䳩	0	0	0	0	 
䳪	0	0	0	0	 
䳫	0	0	0	0	 
䳬	0	0	0	0	 
䳭	0	0	0	0	 
䳮	0	0	0	0	 
䳯	0	0	0	0	 
䳰	0	0	0	0	 
䳱	0	0	0	0	 
䳲	0	0	0	0	 
䳳	0	0	0	0	 
䳴	0	0	0	0	 
䳵	0	0	0	0	 
䳶	0	0	0	0	 
䳷	0	0	0	0	 
䳸	0	0	0	0	 
䳹	0	0	0	0	 
䳺	0	0	0	0	 
䳻	0	0	0	0	 
䳼	0	0	0	0	 
䳽	0	0	0	0	 
䳾	0	0	0	0	 
䳿	0	0	0	0	 
䴀	0	0	0	0	 
䴁	0	0	0	0	 
䴂	0	0	0	0	 
䴃	0	0	0	0	 
䴄	0	0	0	0	 
䴅	0	0	0	0	 
䴆	0	0	0	0	 
䴇	0	0	0	0	 
䴈	0	0	0	0	 
䴉	0	0	0	0	 
䴊	0	0	0	0	 
䴋	0	0	0	0	 
䴌	0	0	0	0	 
䴍	0	0	0	0	 
䴎	0	0	0	0	 
䴏	0	0	0	0	 
䴐	0	0	0	0	 
䴑	0	0	0	0	 
䴒	0	0	0	0	 
䴓	0	0	0	0	 
䴔	0	0	0	0	 
䴕	0	0	0	0	 
䴖	0	0	0	0	 
䴗	0	0	0	0	 
䴘	0	0	0	0	 
䴙	0	0	0	0	 
䴚	0	0	0	0	 
䴛	0	0	0	0	 
䴜	0	0	0	0	 
䴝	0	0	0	0	 
䴞	0	0	0	0	 
䴟	0	0	0	0	 
䴠	0	0	0	0	 
䴡	0	0	0	0	 
䴢	0	0	0	0	 
䴣	0	0	0	0	 
䴤	0	0	0	0	 
䴥	0	0	0	0	 
䴦	0	0	0	0	 
䴧	0	0	0	0	 
䴨	0	0	0	0	 
䴩	0	0	0	0	 
䴪	0	0	0	0	 
䴫	0	0	0	0	 
䴬	0	0	0	0	 
䴭	0	0	0	0	 
䴮	0	0	0	0	 
䴯	0	0	0	0	 
䴰	0	0	0	0	 
䴱	0	0	0	0	 
䴲	0	0	0	0	 
䴳	0	0	0	0	 
䴴	0	0	0	0	 
䴵	0	0	0	0	 
䴶	0	0	0	0	 
䴷	0	0	0	0	 
䴸	0	0	0	0	 
䴹	0	0	0	0	 
䴺	0	0	0	0	 
䴻	0	0	0	0	 
䴼	0	0	0	0	 
䴽	0	0	0	0	 
䴾	0	0	0	0	 
䴿	0	0	0	0	 
䵀	0	0	0	0	 
䵁	0	0	0	0	 
䵂	0	0	0	0	 
䵃	0	0	0	0	 
䵄	0	0	0	0	 
䵅	0	0	0	0	 
䵆	0	0	0	0	 
䵇	0	0	0	0	 
䵈	0	0	0	0	 
䵉	0	0	0	0	 
䵊	0	0	0	0	 
䵋	0	0	0	0	 
䵌	0	0	0	0	 
䵍	0	0	0	0	 
䵎	0	0	0	0	 
䵏	0	0	0	0	 
䵐	0	0	0	0	 
䵑	0	0	0	0	 
䵒	0	0	0	0	 
䵓	0	0	0	0	 
䵔	0	0	0	0	 
䵕	0	0	0	0	 
䵖	0	0	0	0	 
䵗	0	0	0	0	 
䵘	0	0	0	0	 
䵙	0	0	0	0	 
䵚	0	0	0	0	 
䵛	0	0	0	0	 
䵜	0	0	0	0	 
䵝	0	0	0	0	 
䵞	0	0	0	0	 
䵟	0	0	0	0	 
䵠	0	0	0	0	 
䵡	0	0	0	0	 
䵢	0	0	0	0	 
䵣	0	0	0	0	 
䵤	0	0	0	0	 
䵥	0	0	0	0	 
䵦	0	0	0	0	 
䵧	0	0	0	0	 
䵨	0	0	0	0	 
䵩	0	0	0	0	 
䵪	0	0	0	0	 
䵫	0	0	0	0	 
䵬	0	0	0	0	 
䵭	0	0	0	0	 
䵮	0	0	0	0	 
䵯	0	0	0	0	 
䵰	0	0	0	0	 
䵱	0	0	0	0	 
䵲	0	0	0	0	 
䵳	0	0	0	0	 
䵴	0	0	0	0	 
䵵	0	0	0	0	 
䵶	0	0	0	0	 
䵷	0	0	0	0	 
䵸	0	0	0	0	 
䵹	0	0	0	0	 
䵺	0	0	0	0	 
䵻	0	0	0	0	 
䵼	0	0	0	0	 
䵽	0	0	0	0	 
䵾	0	0	0	0	 
䵿	0	0	0	0	 
䶀	0	0	0	0	 
䶁	0	0	0	0	 
䶂	0	0	0	0	 
䶃	0	0	0	0	 
䶄	0	0	0	0	 
䶅	0	0	0	0	 
䶆	0	0	0	0	 
䶇	0	0	0	0	 
䶈	0	0	0	0	 
䶉	0	0	0	0	 
䶊	0	0	0	0	 
䶋	0	0	0	0	 
䶌	0	0	0	0	 
䶍	0	0	0	0	 
䶎	0	0	0	0	 
䶏	0	0	0	0	 
䶐	0	0	0	0	 
䶑	0	0	0	0	 
䶒	0	0	0	0	 
䶓	0	0	0	0	 
䶔	0	0	0	0	 
䶕	0	0	0	0	 
䶖	0	0	0	0	 
䶗	0	0	0	0	 
䶘	0	0	0	0	 
䶙	0	0	0	0	 
䶚	0	0	0	0	 
䶛	0	0	0	0	 
䶜	0	0	0	0	 
䶝	0	0	0	0	 
䶞	0	0	0	0	 
䶟	0	0	0	0	 
䶠	0	0	0	0	 
䶡	0	0	0	0	 
䶢	0	0	0	0	 
䶣	0	0	0	0	 
䶤	0	0	0	0	 
䶥	0	0	0	0	 
䶦	0	0	0	0	 
䶧	0	0	0	0	 
䶨	0	0	0	0	 
䶩	0	0	0	0	 
䶪	0	0	0	0	 
䶫	0	0	0	0	 
䶬	0	0	0	0	 
䶭	0	0	0	0	 
䶮	0	0	0	0	 
䶯	0	0	0	0	 
䶰	0	0	0	0	 
䶱	0	0	0	0	 
䶲	0	0	0	0	 
䶳	0	0	0	0	 
䶴	0	0	0	0	 
䶵	0	0	0	0	 
䶶	0	0	0	0	 
䶷	0	0	0	0	 
䶸	0	0	0	0	 
䶹	0	0	0	0	 
䶺	0	0	0	0	 
䶻	0	0	0	0	 
䶼	0	0	0	0	 
䶽	0	0	0	0	 
䶾	0	0	0	0	 
䶿	8250	0	0	0	 
一	8679	0	0	0	 
丁	0	0	0	0	 
丂	8778	0	0	0	 
七	0	0	0	0	 
丄	0	0	0	0	 
丅	0	0	0	0	 
丆	8470	0	0	0	 
万	8327	0	0	0	 
丈	9262	0	0	0	 
三	8855	0	0	0	 
上	8360	0	0	0	 
下	8591	0	0	0	 
丌	7601	0	0	0	 
不	8129	0	0	0	 
与	0	0	0	0	 
丏	8052	0	0	0	 
丐	9086	0	0	0	 
丑	9284	0	0	0	 
专	8800	0	0	0	 
且	8448	0	0	0	 
丕	8349	0	0	0	 
世	0	0	0	0	 
丗	9317	0	0	0	 
丘	10010	0	0	0	 
丙	10879	0	0	0	 
丛	8910	0	0	0	 
丝	9009	0	0	0	 
丞	0	0	0	0	 
丟	0	0	0	0	 
丠	0	0	0	0	 
両	8591	0	0	0	 
丢	0	0	0	0	 
丣	9559	0	0	0	 
两	9163	0	0	0	 
严	0	0	0	0	 
並	8855	0	0	0	 
丧	9108	0	0	0	 
丨	0	0	0	0	 
丩	9086	0	0	0	 
个	14575	0	0	0	 
丬	8657	0	0	0	 
中	0	0	0	0	 
丮	0	0	0	0	 
丯	8932	0	0	0	 
丰	9218	0	0	0	 
串	0	0	0	0	 
丳	9064	0	0	0	 
临	9339	0	0	0	 
丶	0	0	0	0	 
丷	9020	0	0	0	 
丸	8459	0	0	0	 
丹	7975	0	0	0	 
为	8932	0	0	0	 
主	0	0	0	0	 
丼	12760	0	0	0	 
丽	0	0	0	0	 
乀	0	0	0	0	 
乁	0	0	0	0	 
乂	8701	0	0	0	 
乃	0	0	0	0	 
乄	9317	0	0	0	 
久	8360	0	0	0	 
乇	7909	0	0	0	 
么	8041	0	0	0	 
义	0	0	0	0	 
乊	8052	0	0	0	 
之	8250	0	0	0	 
乌	8063	0	0	0	 
乍	10439	0	0	0	 
乎	7942	0	0	0	 
乐	9075	0	0	0	 
乒	8811	0	0	0	 
乓	9482	0	0	0	 
乔	0	0	0	0	 
乕	8690	0	0	0	 
乖	10747	0	0	0	 
乘	0	0	0	0	 
乚	0	0	0	0	 
乛	8283	0	0	0	 
乜	11077	0	0	0	 
九	8162	0	0	0	 
也	9460	0	0	0	 
习	8800	0	0	0	 
乡	0	0	0	0	 
乢	12991	0	0	0	 
乣	0	0	0	0	 
乤	0	0	0	0	 
乥	9317	0	0	0	 
书	0	0	0	0	 
乧	0	0	0	0	 
乨	8591	0	0	0	 
乩	0	0	0	0	 
乪	0	0	0	0	 
乫	0	0	0	0	 
乬	0	0	0	0	 
乭	0	0	0	0	 
乮	0	0	0	0	 
乯	8778	0	0	0	 
买	8932	0	0	0	 
乱	0	0	0	0	 
乲	8635	0	0	0	 
乳	0	0	0	0	 
乴	0	0	0	0	 
乵	0	0	0	0	 
乶	0	0	0	0	 
乷	0	0	0	0	 
乸	0	0	0	0	 
乹	0	0	0	0	 
乺	0	0	0	0	 
乻	0	0	0	0	 
乼	0	0	0	0	 
乽	8514	0	0	0	 
乾	0	0	0	0	 
乿	0	0	0	0	 
亀	0	0	0	0	 
亁	0	0	0	0	 
亂	0	0	0	0	 
亃	0	0	0	0	 
亄	0	0	0	0	 
亅	8734	0	0	0	 
了	8646	0	0	0	 
予	8657	0	0	0	 
争	0	0	0	0	 
亊	8349	0	0	0	 
事	7722	0	0	0	 
二	8932	0	0	0	 
亍	8393	0	0	0	 
于	9020	0	0	0	 
亏	9482	0	0	0	 
云	8745	0	0	0	 
互	9042	0	0	0	 
亓	8591	0	0	0	 
五	9152	0	0	0	 
井	0	0	0	0	 
亖	0	0	0	0	 
亗	8261	0	0	0	 
亘	0	0	0	0	 
亙	8129	0	0	0	 
亚	8481	0	0	0	 
些	0	0	0	0	 
亜	0	0	0	0	 
亝	0	0	0	0	 
亞	8954	0	0	0	 
亟	14575	0	0	0	 
亠	8789	0	0	0	 
亡	8877	0	0	0	 
亢	0	0	0	0	 
亣	8668	0	0	0	 
交	8624	0	0	0	 
亥	7854	0	0	0	 
亦	13739	0	0	0	 
产	0	0	0	0	 
亪	9130	0	0	0	 
享	8789	0	0	0	 
京	9438	0	0	0	 
亭	9042	0	0	0	 
亮	0	0	0	0	 
亯	0	0	0	0	 
亰	0	0	0	0	 
亱	9911	0	0	0	 
亲	8492	0	0	0	 
亳	0	0	0	0	 
亴	8602	0	0	0	 
亵	0	0	0	0	 
亶	0	0	0	0	 
亷	0	0	0	0	 
亸	0	0	0	0	 
亹	8734	0	0	0	 
人	14575	0	0	0	 
亻	0	0	0	0	 
亼	0	0	0	0	 
亽	0	0	0	0	 
亾	8041	0	0	0	 
亿	8734	0	0	0	 
什	8734	0	0	0	 
仁	7942	0	0	0	 
仂	8679	0	0	0	 
仃	8096	0	0	0	 
仄	10912	0	0	0	 
仅	9086	0	0	0	 
仇	8877	0	0	0	 
仉	10208	0	0	0	 
今	8437	0	0	0	 
仍	9306	0	0	0	 
从	0	0	0	0	 
仐	9317	0	0	0	 
仑	0	0	0	0	 
仒	11033	0	0	0	 
仓	8349	0	0	0	 
仕	8470	0	0	0	 
他	8327	0	0	0	 
仗	8492	0	0	0	 
付	9504	0	0	0	 
仙	0	0	0	0	 
仚	0	0	0	0	 
仛	0	0	0	0	 
仜	9031	0	0	0	 
仝	8217	0	0	0	 
仞	9273	0	0	0	 
仟	0	0	0	0	 
仠	7898	0	0	0	 
仡	0	0	0	0	 
仢	11913	0	0	0	 
代	0	0	0	0	 
仦	0	0	0	0	 
仧	8965	0	0	0	 
仨	0	0	0	0	 
仩	8646	0	0	0	 
仪	8261	0	0	0	 
仫	7909	0	0	0	 
们	0	0	0	0	 
仭	0	0	0	0	 
仮	0	0	0	0	 
仯	8998	0	0	0	 
仰	0	0	0	0	 
仱	8481	0	0	0	 
仲	8745	0	0	0	 
仳	0	0	0	0	 
仴	8591	0	0	0	 
仵	8800	0	0	0	 
件	8723	0	0	0	 
价	0	0	0	0	 
仹	0	0	0	0	 
仺	8217	0	0	0	 
任	0	0	0	0	 
仼	8756	0	0	0	 
份	9130	0	0	0	 
仿	9042	0	0	0	 
企	0	0	0	0	 
伂	0	0	0	0	 
伃	0	0	0	0	 
伄	0	0	0	0	 
伅	0	0	0	0	 
伆	0	0	0	0	 
伇	0	0	0	0	 
伈	8877	0	0	0	 
伉	8030	0	0	0	 
伊	0	0	0	0	 
伋	0	0	0	0	 
伌	8591	0	0	0	 
伍	8415	0	0	0	 
伎	10439	0	0	0	 
伏	8921	0	0	0	 
休	0	0	0	0	 
伒	0	0	0	0	 
伓	0	0	0	0	 
伔	0	0	0	0	 
伕	0	0	0	0	 
伖	8481	0	0	0	 
众	8679	0	0	0	 
优	11957	0	0	0	 
伙	0	0	0	0	 
伜	0	0	0	0	 
伝	9647	0	0	0	 
伞	8789	0	0	0	 
伟	9647	0	0	0	 
传	0	0	0	0	 
伡	8646	0	0	0	 
伢	0	0	0	0	 
伣	9031	0	0	0	 
伤	8954	0	0	0	 
伥	9317	0	0	0	 
伦	9020	0	0	0	 
伧	0	0	0	0	 
伨	0	0	0	0	 
伩	8789	0	0	0	 
伪	8327	0	0	0	 
伫	0	0	0	0	 
伬	0	0	0	0	 
伭	8492	0	0	0	 
伮	8745	0	0	0	 
樠	9097	0	0	0	 
樢	11649	0	0	0	 
権	8514	0	0	0	 
樰	9482	0	0	0	 
樲	9251	0	0	0	 
樶	8063	0	0	0	 
樾	8899	0	0	0	 
樿	9174	0	0	0	 
橅	8525	0	0	0	 
橈	9031	0	0	0	 
橑	9009	0	0	0	 
橙	8184	0	0	0	 
橛	0	0	0	0	 
橜	0	0	0	0	 
橝	0	0	0	0	 
橞	0	0	0	0	 
機	0	0	0	0	 
橠	8624	0	0	0	 
橡	0	0	0	0	 
橢	0	0	0	0	 
橣	0	0	0	0	 
橤	8536	0	0	0	 
橥	0	0	0	0	 
橦	0	0	0	0	 
橧	0	0	0	0	 
橨	0	0	0	0	 
橩	0	0	0	0	 
橪	0	0	0	0	 
橫	0	0	0	0	 
橬	0	0	0	0	 
橭	0	0	0	0	 
橮	0	0	0	0	 
橯	0	0	0	0	 
橰	9372	0	0	0	 
橱	0	0	0	0	 
橳	0	0	0	0	 
橴	0	0	0	0	 
橵	0	0	0	0	 
橶	0	0	0	0	 
橷	0	0	0	0	 
橸	8932	0	0	0	 
橹	0	0	0	0	 
橺	0	0	0	0	 
橻	9405	0	0	0	 
橼	0	0	0	0	 
橽	0	0	0	0	 
橾	0	0	0	0	 
橿	8954	0	0	0	 
檀	0	0	0	0	 
檁	12991	0	0	0	 
檂	0	0	0	0	 
檃	9460	0	0	0	 
檄	0	0	0	0	 
檅	0	0	0	0	 
檆	0	0	0	0	 
檇	0	0	0	0	 
檈	0	0	0	0	 
檉	0	0	0	0	 
檊	0	0	0	0	 
檋	0	0	0	0	 
檌	0	0	0	0	 
檍	10175	0	0	0	 
檎	0	0	0	0	 
檏	9163	0	0	0	 
檐	8756	0	0	0	 
檑	0	0	0	0	 
檒	0	0	0	0	 
檓	0	0	0	0	 
檔	0	0	0	0	 
檕	0	0	0	0	 
檖	7942	0	0	0	 
檗	0	0	0	0	 
檘	0	0	0	0	 
檙	0	0	0	0	 
檚	0	0	0	0	 
檛	0	0	0	0	 
檜	0	0	0	0	 
檝	0	0	0	0	 
檞	0	0	0	0	 
檟	9614	0	0	0	 
檠	0	0	0	0	 
檡	0	0	0	0	 
檢	0	0	0	0	 
檣	0	0	0	0	 
檤	0	0	0	0	 
檥	0	0	0	0	 
檦	0	0	0	0	 
檧	0	0	0	0	 
檨	9427	0	0	0	 
檩	0	0	0	0	 
檪	9185	0	0	0	 
檫	8789	0	0	0	 
檬	0	0	0	0	 
檭	0	0	0	0	 
檮	0	0	0	0	 
檯	0	0	0	0	 
檰	0	0	0	0	 
檱	0	0	0	0	 
檲	0	0	0	0	 
檳	0	0	0	0	 
檴	0	0	0	0	 
檵	0	0	0	0	 
檶	0	0	0	0	 
檷	0	0	0	0	 
檸	0	0	0	0	 
檹	0	0	0	0	 
檺	0	0	0	0	 
檻	0	0	0	0	 
檼	0	0	0	0	 
檽	0	0	0	0	 
檾	0	0	0	0	 
檿	0	0	0	0	 
櫀	0	0	0	0	 
櫁	0	0	0	0	 
櫂	0	0	0	0	 
櫃	0	0	0	0	 
櫄	0	0	0	0	 
櫅	0	0	0	0	 
櫆	0	0	0	0	 
櫇	0	0	0	0	 
櫈	0	0	0	0	 
櫉	0	0	0	0	 
櫊	0	0	0	0	 
櫋	0	0	0	0	 
櫌	0	0	0	0	 
櫍	0	0	0	0	 
櫎	0	0	0	0	 
櫏	0	0	0	0	 
櫐	0	0	0	0	 
櫑	0	0	0	0	 
櫒	0	0	0	0	 
櫓	0	0	0	0	 
櫔	0	0	0	0	 
櫕	0	0	0	0	 
櫖	0	0	0	0	 
櫗	0	0	0	0	 
櫘	0	0	0	0	 
櫙	0	0	0	0	 
櫚	0	0	0	0	 
櫛	0	0	0	0	 
櫜	0	0	0	0	 
櫝	0	0	0	0	 
櫞	0	0	0	0	 
櫟	0	0	0	0	 
櫠	0	0	0	0	 
櫡	0	0	0	0	 
櫢	0	0	0	0	 
櫣	0	0	0	0	 
櫤	0	0	0	0	 
櫥	0	0	0	0	 
櫦	0	0	0	0	 
櫧	0	0	0	0	 
櫨	0	0	0	0	 
櫩	0	0	0	0	 
櫪	0	0	0	0	 
櫫	9097	0	0	0	 
櫬	10703	0	0	0	 
次	9724	0	0	0	 
欣	9185	0	0	0	 
欤	0	0	0	0	 
欨	0	0	0	0	 
欯	0	0	0	0	 
欰	0	0	0	0	 
欱	7854	0	0	0	 
欲	0	0	0	0	 
欳	0	0	0	0	 
欴	0	0	0	0	 
欵	0	0	0	0	 
欶	9097	0	0	0	 
欷	10780	0	0	0	 
欹	0	0	0	0	 
欻	0	0	0	0	 
欼	0	0	0	0	 
欽	9592	0	0	0	 
款	0	0	0	0	 
歀	0	0	0	0	 
歁	0	0	0	0	 
歂	8789	0	0	0	 
歃	0	0	0	0	 
歅	11110	0	0	0	 
歆	0	0	0	0	 
歈	9097	0	0	0	 
歉	0	0	0	0	 
歊	0	0	0	0	 
歋	7898	0	0	0	 
歌	0	0	0	0	 
歎	0	0	0	0	 
歏	0	0	0	0	 
歐	0	0	0	0	 
歑	0	0	0	0	 
歒	0	0	0	0	 
歓	0	0	0	0	 
歔	0	0	0	0	 
歕	0	0	0	0	 
歖	0	0	0	0	 
歗	0	0	0	0	 
歘	14971	0	0	0	 
歙	0	0	0	0	 
歛	0	0	0	0	 
歜	0	0	0	0	 
歝	0	0	0	0	 
歞	0	0	0	0	 
歟	0	0	0	0	 
歠	0	0	0	0	 
歡	8591	0	0	0	 
止	8217	0	0	0	 
正	10307	0	0	0	 
此	8591	0	0	0	 
武	9042	0	0	0	 
歧	0	0	0	0	 
歨	0	0	0	0	 
歩	8107	0	0	0	 
歪	0	0	0	0	 
歫	0	0	0	0	 
歬	0	0	0	0	 
歭	0	0	0	0	 
歮	0	0	0	0	 
歯	0	0	0	0	 
歰	0	0	0	0	 
歱	0	0	0	0	 
歲	0	0	0	0	 
歳	0	0	0	0	 
歴	0	0	0	0	 
歵	0	0	0	0	 
歶	0	0	0	0	 
歷	0	0	0	0	 
歸	8580	0	0	0	 
歹	9251	0	0	0	 
死	8998	0	0	0	 
歼	0	0	0	0	 
歾	0	0	0	0	 
歿	0	0	0	0	 
殀	8195	0	0	0	 
殁	9482	0	0	0	 
殂	8657	0	0	0	 
殃	9405	0	0	0	 
殄	0	0	0	0	 
殅	9911	0	0	0	 
殆	0	0	0	0	 
殈	9691	0	0	0	 
殉	9317	0	0	0	 
殊	9438	0	0	0	 
残	9438	0	0	0	 
殍	0	0	0	0	 
殎	0	0	0	0	 
殏	0	0	0	0	 
殐	0	0	0	0	 
殑	9482	0	0	0	 
殒	8646	0	0	0	 
殓	0	0	0	0	 
殔	0	0	0	0	 
殕	8591	0	0	0	 
殖	0	0	0	0	 
殗	0	0	0	0	 
殘	0	0	0	0	 
殙	8459	0	0	0	 
殚	8954	0	0	0	 
殛	0	0	0	0	 
殜	0	0	0	0	 
殝	0	0	0	0	 
殞	0	0	0	0	 
殟	0	0	0	0	 
殠	8591	0	0	0	 
殡	0	0	0	0	 
殢	0	0	0	0	 
殣	0	0	0	0	 
殤	0	0	0	0	 
殥	0	0	0	0	 
殦	0	0	0	0	 
殧	0	0	0	0	 
殨	0	0	0	0	 
殩	8041	0	0	0	 
殪	0	0	0	0	 
殫	0	0	0	0	 
殬	0	0	0	0	 
殭	0	0	0	0	 
殮	0	0	0	0	 
殯	0	0	0	0	 
殰	0	0	0	0	 
殱	0	0	0	0	 
殲	10175	0	0	0	 
殳	8767	0	0	0	 
段	8943	0	0	0	 
殷	0	0	0	0	 
殸	0	0	0	0	 
殹	0	0	0	0	 
殺	0	0	0	0	 
殻	0	0	0	0	 
殼	0	0	0	0	 
殽	0	0	0	0	 
殾	8822	0	0	0	 
殿	10505	0	0	0	 
毁	0	0	0	0	 
毄	8041	0	0	0	 
毅	0	0	0	0	 
毆	0	0	0	0	 
毇	0	0	0	0	 
毈	0	0	0	0	 
毉	0	0	0	0	 
毊	8591	0	0	0	 
毋	0	0	0	0	 
毌	8866	0	0	0	 
母	0	0	0	0	 
毎	8272	0	0	0	 
每	0	0	0	0	 
毐	0	0	0	0	 
毑	8668	0	0	0	 
毒	8041	0	0	0	 
毓	14146	0	0	0	 
比	0	0	0	0	 
毘	7887	0	0	0	 
毙	8778	0	0	0	 
毛	0	0	0	0	 
毜	0	0	0	0	 
毝	0	0	0	0	 
毞	0	0	0	0	 
毟	0	0	0	0	 
毠	8657	0	0	0	 
毡	0	0	0	0	 
毢	0	0	0	0	 
毣	0	0	0	0	 
毤	0	0	0	0	 
毥	0	0	0	0	 
毦	0	0	0	0	 
毧	0	0	0	0	 
毨	0	0	0	0	 
毩	10351	0	0	0	 
毪	8954	0	0	0	 
毬	27709	0	0	0	 
毰	8492	0	0	0	 
氐	9185	0	0	0	 
民	8932	0	0	0	 
氒	8646	0	0	0	 
气	10274	0	0	0	 
氕	24299	0	0	0	 
気	10230	0	0	0	 
氣	8998	0	0	0	 
氧	8514	0	0	0	 
氨	11627	0	0	0	 
氩	8492	0	0	0	 
氯	9614	0	0	0	 
氰	10967	0	0	0	 
氱	14575	0	0	0	 
氵	8811	0	0	0	 
氶	9482	0	0	0	 
氹	9119	0	0	0	 
氾	8250	0	0	0	 
汁	9658	0	0	0	 
求	9427	0	0	0	 
汃	10087	0	0	0	 
汇	8745	0	0	0	 
汊	9097	0	0	0	 
汋	8646	0	0	0	 
汑	9185	0	0	0	 
汕	8756	0	0	0	 
汖	0	0	0	0	 
汘	0	0	0	0	 
汙	0	0	0	0	 
汚	9691	0	0	0	 
汛	8734	0	0	0	 
汜	8382	0	0	0	 
汝	8789	0	0	0	 
汞	8580	0	0	0	 
江	9922	0	0	0	 
池	0	0	0	0	 
汢	0	0	0	0	 
汣	9339	0	0	0	 
汤	0	0	0	0	 
汥	0	0	0	0	 
汦	0	0	0	0	 
汧	8140	0	0	0	 
汨	8723	0	0	0	 
汩	8448	0	0	0	 
汪	0	0	0	0	 
汫	0	0	0	0	 
汬	0	0	0	0	 
汭	0	0	0	0	 
汮	0	0	0	0	 
汯	8426	0	0	0	 
汰	0	0	0	0	 
汱	8954	0	0	0	 
汲	0	0	0	0	 
汳	8459	0	0	0	 
汴	0	0	0	0	 
汵	8338	0	0	0	 
汶	0	0	0	0	 
汷	0	0	0	0	 
汸	9438	0	0	0	 
汹	0	0	0	0	 
決	0	0	0	0	 
汻	0	0	0	0	 
汼	8646	0	0	0	 
汽	9273	0	0	0	 
汾	0	0	0	0	 
沀	9779	0	0	0	 
沁	8646	0	0	0	 
沂	7997	0	0	0	 
沃	0	0	0	0	 
沄	9405	0	0	0	 
沅	8613	0	0	0	 
沆	0	0	0	0	 
沇	9515	0	0	0	 
沈	9152	0	0	0	 
沉	0	0	0	0	 
沊	0	0	0	0	 
沋	8899	0	0	0	 
沌	0	0	0	0	 
沍	0	0	0	0	 
沎	8778	0	0	0	 
沏	8261	0	0	0	 
沐	0	0	0	0	 
沑	0	0	0	0	 
沒	10153	0	0	0	 
沓	0	0	0	0	 
沕	0	0	0	0	 
沖	12991	0	0	0	 
沗	0	0	0	0	 
沘	8965	0	0	0	 
沙	0	0	0	0	 
沚	8371	0	0	0	 
沛	0	0	0	0	 
沜	0	0	0	0	 
沝	0	0	0	0	 
沞	8239	0	0	0	 
沟	0	0	0	0	 
沠	8272	0	0	0	 
没	0	0	0	0	 
沢	8932	0	0	0	 
沣	8019	0	0	0	 
沤	8327	0	0	0	 
沥	9317	0	0	0	 
沦	9020	0	0	0	 
沧	8789	0	0	0	 
沩	8745	0	0	0	 
沪	8195	0	0	0	 
沫	0	0	0	0	 
沬	9108	0	0	0	 
沭	9031	0	0	0	 
沮	0	0	0	0	 
沰	8525	0	0	0	 
沱	8206	0	0	0	 
沲	8833	0	0	0	 
河	0	0	0	0	 
沵	0	0	0	0	 
沶	0	0	0	0	 
沷	10076	0	0	0	 
沸	0	0	0	0	 
沺	8074	0	0	0	 
治	8756	0	0	0	 
沼	8327	0	0	0	 
沽	8657	0	0	0	 
沾	9163	0	0	0	 
沿	0	0	0	0	 
泀	0	0	0	0	 
況	0	0	0	0	 
泂	0	0	0	0	 
泃	8602	0	0	0	 
泄	9658	0	0	0	 
泅	0	0	0	0	 
泆	0	0	0	0	 
泇	0	0	0	0	 
泈	10153	0	0	0	 
泉	7942	0	0	0	 
泊	0	0	0	0	 
泋	8140	0	0	0	 
泌	0	0	0	0	 
泍	0	0	0	0	 
泎	0	0	0	0	 
泏	7942	0	0	0	 
泐	0	0	0	0	 
泑	0	0	0	0	 
泒	9416	0	0	0	 
泓	8514	0	0	0	 
泔	9064	0	0	0	 
法	8778	0	0	0	 
泖	8734	0	0	0	 
泗	0	0	0	0	 
泘	0	0	0	0	 
泙	0	0	0	0	 
泚	9009	0	0	0	 
泛	0	0	0	0	 
泜	0	0	0	0	 
泝	8899	0	0	0	 
泞	0	0	0	0	 
泟	9306	0	0	0	 
泠	8668	0	0	0	 
泡	8129	0	0	0	 
波	8646	0	0	0	 
泣	0	0	0	0	 
泤	8899	0	0	0	 
泥	0	0	0	0	 
泦	0	0	0	0	 
泧	8327	0	0	0	 
注	0	0	0	0	 
泩	10263	0	0	0	 
泪	0	0	0	0	 
泬	0	0	0	0	 
泭	8580	0	0	0	 
泮	9185	0	0	0	 
泯	8426	0	0	0	 
泰	8657	0	0	0	 
泱	0	0	0	0	 
泲	9141	0	0	0	 
泳	0	0	0	0	 
泴	12441	0	0	0	 
泵	8932	0	0	0	 
泸	0	0	0	0	 
泹	7821	0	0	0	 
泺	8602	0	0	0	 
泻	8580	0	0	0	 
泼	8569	0	0	0	 
泽	8789	0	0	0	 
泾	0	0	0	0	 
泿	0	0	0	0	 
洀	8525	0	0	0	 
洁	0	0	0	0	 
洃	9119	0	0	0	 
洄	0	0	0	0	 
洆	8943	0	0	0	 
洇	0	0	0	0	 
洉	0	0	0	0	 
洊	8998	0	0	0	 
洋	7986	0	0	0	 
洌	8415	0	0	0	 
洎	0	0	0	0	 
洐	0	0	0	0	 
洑	9306	0	0	0	 
洒	0	0	0	0	 
洓	0	0	0	0	 
洔	0	0	0	0	 
洕	0	0	0	0	 
洖	9460	0	0	0	 
洗	0	0	0	0	 
洘	11649	0	0	0	 
洙	0	0	0	0	 
洜	0	0	0	0	 
洝	8217	0	0	0	 
洞	0	0	0	0	 
洟	0	0	0	0	 
洠	0	0	0	0	 
洡	0	0	0	0	 
洢	0	0	0	0	 
洣	0	0	0	0	 
洤	9218	0	0	0	 
津	8789	0	0	0	 
洧	0	0	0	0	 
洩	11187	0	0	0	 
洪	0	0	0	0	 
洭	8844	0	0	0	 
洮	0	0	0	0	 
洰	10087	0	0	0	 
洱	8085	0	0	0	 
洳	10208	0	0	0	 
洵	0	0	0	0	 
洷	0	0	0	0	 
洸	9724	0	0	0	 
洹	9625	0	0	0	 
活	9064	0	0	0	 
洽	8426	0	0	0	 
派	0	0	0	0	 
洿	0	0	0	0	 
浀	8976	0	0	0	 
流	8943	0	0	0	 
浃	9614	0	0	0	 
浅	8580	0	0	0	 
浆	8668	0	0	0	 
浇	8657	0	0	0	 
浈	8668	0	0	0	 
浊	8646	0	0	0	 
测	12353	0	0	0	 
浍	13409	0	0	0	 
浑	10208	0	0	0	 
浔	0	0	0	0	 
浖	0	0	0	0	 
浗	0	0	0	0	 
浘	7942	0	0	0	 
浙	9119	0	0	0	 
浚	0	0	0	0	 
浛	8338	0	0	0	 
浜	8668	0	0	0	 
浞	13915	0	0	0	 
浠	13013	0	0	0	 
浧	9196	0	0	0	 
浯	9174	0	0	0	 
浵	9053	0	0	0	 
浸	8910	0	0	0	 
浾	8228	0	0	0	 
涃	9317	0	0	0	 
涆	8602	0	0	0	 
涉	9141	0	0	0	 
涊	9889	0	0	0	 
涍	16896	0	0	0	 
涏	8514	0	0	0	 
涖	11671	0	0	0	 
涜	9405	0	0	0	 
涠	9174	0	0	0	 
涢	10208	0	0	0	 
涤	8800	0	0	0	 
涧	8877	0	0	0	 
涨	8602	0	0	0	 
涩	9009	0	0	0	 
涪	8646	0	0	0	 
涫	9515	0	0	0	 
涬	8646	0	0	0	 
涯	7964	0	0	0	 
涰	9273	0	0	0	 
涳	10252	0	0	0	 
涶	10538	0	0	0	 
淀	9097	0	0	0	 
淅	9713	0	0	0	 
淆	9042	0	0	0	 
淇	11297	0	0	0	 
淋	0	0	0	0	 
淍	0	0	0	0	 
淎	0	0	0	0	 
淏	0	0	0	0	 
淐	9317	0	0	0	 
淑	0	0	0	0	 
淒	0	0	0	0	 
淓	0	0	0	0	 
淔	0	0	0	0	 
淕	8404	0	0	0	 
淖	0	0	0	0	 
淗	8844	0	0	0	 
淘	9603	0	0	0	 
淙	0	0	0	0	 
淚	0	0	0	0	 
淛	0	0	0	0	 
淜	9009	0	0	0	 
淝	9317	0	0	0	 
淞	0	0	0	0	 
淟	8305	0	0	0	 
淠	8261	0	0	0	 
淡	0	0	0	0	 
淢	0	0	0	0	 
淣	8250	0	0	0	 
淤	0	0	0	0	 
淥	8316	0	0	0	 
淦	0	0	0	0	 
淧	0	0	0	0	 
淨	0	0	0	0	 
淩	0	0	0	0	 
淪	9251	0	0	0	 
淫	8888	0	0	0	 
淬	9295	0	0	0	 
淮	0	0	0	0	 
淯	0	0	0	0	 
淰	9174	0	0	0	 
深	0	0	0	0	 
淲	9988	0	0	0	 
淳	0	0	0	0	 
淴	0	0	0	0	 
淵	0	0	0	0	 
淶	9042	0	0	0	 
混	8800	0	0	0	 
淹	0	0	0	0	 
淺	9097	0	0	0	 
添	8734	0	0	0	 
淼	0	0	0	0	 
淾	0	0	0	0	 
淿	12991	0	0	0	 
渀	0	0	0	0	 
渁	0	0	0	0	 
渂	0	0	0	0	 
渃	0	0	0	0	 
渄	9317	0	0	0	 
清	0	0	0	0	 
渆	0	0	0	0	 
渇	0	0	0	0	 
済	0	0	0	0	 
渉	9119	0	0	0	 
渊	0	0	0	0	 
渋	8327	0	0	0	 
渌	8228	0	0	0	 
渍	8668	0	0	0	 
渎	0	0	0	0	 
渏	8547	0	0	0	 
渐	9174	0	0	0	 
渑	0	0	0	0	 
渒	0	0	0	0	 
渓	8646	0	0	0	 
渔	0	0	0	0	 
渕	9515	0	0	0	 
渖	8998	0	0	0	 
渗	0	0	0	0	 
渘	0	0	0	0	 
渙	8932	0	0	0	 
渚	0	0	0	0	 
渜	8646	0	0	0	 
渝	0	0	0	0	 
渞	0	0	0	0	 
渟	8932	0	0	0	 
渠	8063	0	0	0	 
渡	8448	0	0	0	 
渣	8492	0	0	0	 
渤	7997	0	0	0	 
渥	0	0	0	0	 
渦	0	0	0	0	 
渧	0	0	0	0	 
渨	8514	0	0	0	 
温	0	0	0	0	 
渪	8602	0	0	0	 
渫	0	0	0	0	 
測	8184	0	0	0	 
渭	0	0	0	0	 
渮	8789	0	0	0	 
港	0	0	0	0	 
渱	9482	0	0	0	 
渲	0	0	0	0	 
渳	8756	0	0	0	 
渴	0	0	0	0	 
渶	0	0	0	0	 
渷	9075	0	0	0	 
游	0	0	0	0	 
渹	8734	0	0	0	 
渺	0	0	0	0	 
渻	0	0	0	0	 
渼	0	0	0	0	 
渽	0	0	0	0	 
渾	0	0	0	0	 
渿	0	0	0	0	 
湀	0	0	0	0	 
湁	0	0	0	0	 
湂	8426	0	0	0	 
湃	8525	0	0	0	 
湄	0	0	0	0	 
湅	0	0	0	0	 
湆	0	0	0	0	 
湇	0	0	0	0	 
湈	0	0	0	0	 
湉	0	0	0	0	 
湊	0	0	0	0	 
湋	0	0	0	0	 
湌	8998	0	0	0	 
湍	9174	0	0	0	 
湎	0	0	0	0	 
湏	0	0	0	0	 
湐	0	0	0	0	 
湑	0	0	0	0	 
湒	8965	0	0	0	 
湓	8998	0	0	0	 
湔	0	0	0	0	 
湕	9350	0	0	0	 
湖	0	0	0	0	 
湗	8800	0	0	0	 
湘	0	0	0	0	 
湙	0	0	0	0	 
湚	8470	0	0	0	 
湛	0	0	0	0	 
湜	0	0	0	0	 
湝	0	0	0	0	 
湞	9493	0	0	0	 
湟	0	0	0	0	 
湠	0	0	0	0	 
湡	0	0	0	0	 
湢	0	0	0	0	 
湣	0	0	0	0	 
湤	0	0	0	0	 
湥	0	0	0	0	 
湦	0	0	0	0	 
湧	0	0	0	0	 
湨	0	0	0	0	 
湩	0	0	0	0	 
湪	9317	0	0	0	 
湫	0	0	0	0	 
湬	0	0	0	0	 
湭	8800	0	0	0	 
湮	0	0	0	0	 
湯	0	0	0	0	 
湰	0	0	0	0	 
湱	0	0	0	0	 
湲	0	0	0	0	 
湳	0	0	0	0	 
湴	0	0	0	0	 
湵	0	0	0	0	 
湶	0	0	0	0	 
湷	0	0	0	0	 
湸	0	0	0	0	 
湹	0	0	0	0	 
湺	0	0	0	0	 
湻	0	0	0	0	 
湼	0	0	0	0	 
湽	8657	0	0	0	 
湾	8481	0	0	0	 
湿	0	0	0	0	 
満	0	0	0	0	 
溁	0	0	0	0	 
溂	8855	0	0	0	 
溃	0	0	0	0	 
溄	8800	0	0	0	 
溅	8987	0	0	0	 
溆	0	0	0	0	 
溇	0	0	0	0	 
溈	8052	0	0	0	 
溉	0	0	0	0	 
溋	9636	0	0	0	 
溌	9405	0	0	0	 
源	8360	0	0	0	 
溑	10494	0	0	0	 
溙	8041	0	0	0	 
溠	8987	0	0	0	 
溣	8327	0	0	0	 
溦	9097	0	0	0	 
溨	8987	0	0	0	 
溫	10175	0	0	0	 
溰	9108	0	0	0	 
溲	8811	0	0	0	 
溳	8877	0	0	0	 
溵	9042	0	0	0	 
溷	8349	0	0	0	 
溸	8624	0	0	0	 
溻	8085	0	0	0	 
溼	11132	0	0	0	 
溾	10670	0	0	0	 
滃	9009	0	0	0	 
滌	9174	0	0	0	 
滐	8745	0	0	0	 
滒	8514	0	0	0	 
滔	9009	0	0	0	 
滕	7887	0	0	0	 
滖	10505	0	0	0	 
滘	8613	0	0	0	 
滟	8602	0	0	0	 
滠	8877	0	0	0	 
满	8811	0	0	0	 
滢	8492	0	0	0	 
滣	10384	0	0	0	 
滥	10076	0	0	0	 
滧	0	0	0	0	 
滪	0	0	0	0	 
滰	0	0	0	0	 
滱	0	0	0	0	 
滲	0	0	0	0	 
滳	8129	0	0	0	 
滴	0	0	0	0	 
滶	0	0	0	0	 
滷	0	0	0	0	 
滸	8954	0	0	0	 
滹	0	0	0	0	 
滺	0	0	0	0	 
滻	0	0	0	0	 
滼	0	0	0	0	 
滽	0	0	0	0	 
滾	0	0	0	0	 
滿	0	0	0	0	 
漀	0	0	0	0	 
漁	9075	0	0	0	 
漂	0	0	0	0	 
漃	0	0	0	0	 
漄	0	0	0	0	 
漅	8778	0	0	0	 
漆	0	0	0	0	 
漇	0	0	0	0	 
漈	8327	0	0	0	 
漉	0	0	0	0	 
漊	0	0	0	0	 
漋	0	0	0	0	 
漌	0	0	0	0	 
漍	0	0	0	0	 
漎	8261	0	0	0	 
漏	0	0	0	0	 
漐	0	0	0	0	 
漑	0	0	0	0	 
漒	10076	0	0	0	 
漓	9339	0	0	0	 
漕	0	0	0	0	 
漖	0	0	0	0	 
漗	0	0	0	0	 
漘	12991	0	0	0	 
漙	0	0	0	0	 
漚	0	0	0	0	 
漛	0	0	0	0	 
漜	0	0	0	0	 
漝	0	0	0	0	 
漞	0	0	0	0	 
漟	8195	0	0	0	 
漠	0	0	0	0	 
漡	0	0	0	0	 
漢	0	0	0	0	 
漣	8855	0	0	0	 
漤	0	0	0	0	 
漥	0	0	0	0	 
漦	0	0	0	0	 
漧	0	0	0	0	 
漨	9867	0	0	0	 
漩	8250	0	0	0	 
漪	8338	0	0	0	 
漫	0	0	0	0	 
漬	8932	0	0	0	 
漭	0	0	0	0	 
漮	7821	0	0	0	 
漯	0	0	0	0	 
漰	9108	0	0	0	 
漱	0	0	0	0	 
漲	8514	0	0	0	 
漳	0	0	0	0	 
漴	0	0	0	0	 
漵	9174	0	0	0	 
漶	0	0	0	0	 
漷	0	0	0	0	 
漸	0	0	0	0	 
漹	0	0	0	0	 
漺	0	0	0	0	 
漻	0	0	0	0	 
漼	0	0	0	0	 
漽	8481	0	0	0	 
漾	0	0	0	0	 
漿	0	0	0	0	 
潀	0	0	0	0	 
潁	0	0	0	0	 
潂	0	0	0	0	 
潃	0	0	0	0	 
潄	0	0	0	0	 
潅	8811	0	0	0	 
潆	9317	0	0	0	 
潇	0	0	0	0	 
潈	0	0	0	0	 
潉	0	0	0	0	 
潊	8646	0	0	0	 
潋	0	0	0	0	 
潌	8789	0	0	0	 
潍	0	0	0	0	 
潎	0	0	0	0	 
潏	0	0	0	0	 
潐	0	0	0	0	 
潑	0	0	0	0	 
潒	0	0	0	0	 
潓	0	0	0	0	 
潔	0	0	0	0	 
潕	0	0	0	0	 
潖	0	0	0	0	 
潗	8734	0	0	0	 
潘	0	0	0	0	 
潙	0	0	0	0	 
潚	0	0	0	0	 
潛	9614	0	0	0	 
潜	0	0	0	0	 
潝	8327	0	0	0	 
潞	0	0	0	0	 
潟	0	0	0	0	 
潠	0	0	0	0	 
潡	9493	0	0	0	 
潢	0	0	0	0	 
潣	0	0	0	0	 
潤	0	0	0	0	 
潥	8976	0	0	0	 
潦	0	0	0	0	 
潨	0	0	0	0	 
潩	0	0	0	0	 
潪	0	0	0	0	 
潫	0	0	0	0	 
潬	8954	0	0	0	 
潭	9031	0	0	0	 
潮	0	0	0	0	 
潯	0	0	0	0	 
潰	0	0	0	0	 
潱	8866	0	0	0	 
潲	0	0	0	0	 
潳	8536	0	0	0	 
潴	0	0	0	0	 
潵	0	0	0	0	 
潶	0	0	0	0	 
潷	9383	0	0	0	 
潸	0	0	0	0	 
潹	9372	0	0	0	 
潺	0	0	0	0	 
潻	9031	0	0	0	 
潼	0	0	0	0	 
潽	0	0	0	0	 
潾	0	0	0	0	 
潿	0	0	0	0	 
澀	0	0	0	0	 
澁	0	0	0	0	 
澂	0	0	0	0	 
澃	9009	0	0	0	 
澄	0	0	0	0	 
澆	0	0	0	0	 
澇	8404	0	0	0	 
澈	8899	0	0	0	 
澉	0	0	0	0	 
澊	0	0	0	0	 
澋	8910	0	0	0	 
澌	9108	0	0	0	 
澍	8965	0	0	0	 
澎	0	0	0	0	 
澏	0	0	0	0	 
澐	0	0	0	0	 
澑	0	0	0	0	 
澒	0	0	0	0	 
澓	0	0	0	0	 
澔	0	0	0	0	 
澕	0	0	0	0	 
澖	0	0	0	0	 
澗	0	0	0	0	 
澘	0	0	0	0	 
澙	0	0	0	0	 
澚	8855	0	0	0	 
澛	8910	0	0	0	 
澝	16478	0	0	0	 
澢	12639	0	0	0	 
濁	13948	0	0	0	 
濒	0	0	0	0	 
濦	0	0	0	0	 
濧	0	0	0	0	 
濨	0	0	0	0	 
濩	0	0	0	0	 
濪	0	0	0	0	 
濫	0	0	0	0	 
濬	0	0	0	0	 
濭	10065	0	0	0	 
濮	0	0	0	0	 
濱	0	0	0	0	 
濲	0	0	0	0	 
濳	0	0	0	0	 
濴	0	0	0	0	 
濵	0	0	0	0	 
濶	0	0	0	0	 
濷	0	0	0	0	 
濸	0	0	0	0	 
濹	0	0	0	0	 
濺	0	0	0	0	 
濻	0	0	0	0	 
濼	0	0	0	0	 
濽	0	0	0	0	 
濾	0	0	0	0	 
濿	0	0	0	0	 
瀀	0	0	0	0	 
瀁	0	0	0	0	 
瀂	0	0	0	0	 
瀃	0	0	0	0	 
瀄	0	0	0	0	 
瀅	0	0	0	0	 
瀆	0	0	0	0	 
瀇	12991	0	0	0	 
瀈	0	0	0	0	 
瀉	0	0	0	0	 
瀊	0	0	0	0	 
瀋	0	0	0	0	 
瀌	0	0	0	0	 
瀍	0	0	0	0	 
瀎	0	0	0	0	 
瀏	0	0	0	0	 
瀐	8481	0	0	0	 
瀑	0	0	0	0	 
瀒	0	0	0	0	 
瀓	0	0	0	0	 
瀔	0	0	0	0	 
瀕	0	0	0	0	 
瀖	0	0	0	0	 
瀗	0	0	0	0	 
瀘	0	0	0	0	 
瀙	10758	0	0	0	 
瀚	0	0	0	0	 
瀝	0	0	0	0	 
瀞	0	0	0	0	 
瀟	0	0	0	0	 
瀠	0	0	0	0	 
瀡	0	0	0	0	 
瀢	8602	0	0	0	 
瀣	0	0	0	0	 
瀥	0	0	0	0	 
瀦	0	0	0	0	 
瀧	0	0	0	0	 
瀨	0	0	0	0	 
瀩	0	0	0	0	 
瀪	0	0	0	0	 
瀫	0	0	0	0	 
瀬	0	0	0	0	 
瀭	0	0	0	0	 
瀮	0	0	0	0	 
瀯	0	0	0	0	 
瀰	0	0	0	0	 
瀱	0	0	0	0	 
瀲	0	0	0	0	 
瀳	0	0	0	0	 
瀴	8756	0	0	0	 
瀵	0	0	0	0	 
瀷	0	0	0	0	 
瀸	8063	0	0	0	 
瀹	0	0	0	0	 
瀻	0	0	0	0	 
瀼	0	0	0	0	 
瀽	0	0	0	0	 
瀾	0	0	0	0	 
瀿	0	0	0	0	 
灀	0	0	0	0	 
灁	0	0	0	0	 
灂	0	0	0	0	 
灃	0	0	0	0	 
灄	0	0	0	0	 
灅	0	0	0	0	 
灆	0	0	0	0	 
灇	0	0	0	0	 
灈	0	0	0	0	 
灉	0	0	0	0	 
灊	0	0	0	0	 
灋	8646	0	0	0	 
灌	0	0	0	0	 
灎	8624	0	0	0	 
灏	0	0	0	0	 
灑	0	0	0	0	 
灒	0	0	0	0	 
灓	0	0	0	0	 
灔	0	0	0	0	 
灕	0	0	0	0	 
灖	0	0	0	0	 
灗	0	0	0	0	 
灘	0	0	0	0	 
灙	0	0	0	0	 
灚	0	0	0	0	 
灛	0	0	0	0	 
灜	0	0	0	0	 
灝	7876	0	0	0	 
灞	0	0	0	0	 
灠	0	0	0	0	 
灡	0	0	0	0	 
灢	0	0	0	0	 
灣	0	0	0	0	 
灤	0	0	0	0	 
灥	0	0	0	0	 
灦	0	0	0	0	 
灧	0	0	0	0	 
灨	0	0	0	0	 
灩	0	0	0	0	 
灪	16665	0	0	0	 
火	8140	0	0	0	 
灭	0	0	0	0	 
灮	10087	0	0	0	 
灯	0	0	0	0	 
灲	0	0	0	0	 
灳	0	0	0	0	 
灴	10472	0	0	0	 
灵	0	0	0	0	 
灷	9317	0	0	0	 
灸	8668	0	0	0	 
灺	8404	0	0	0	 
災	13607	0	0	0	 
灿	8932	0	0	0	 
炆	8987	0	0	0	 
炊	9163	0	0	0	 
炋	9031	0	0	0	 
炏	8833	0	0	0	 
炓	8877	0	0	0	 
炕	8899	0	0	0	 
炖	8074	0	0	0	 
炗	10373	0	0	0	 
炚	9482	0	0	0	 
炞	10032	0	0	0	 
炬	8668	0	0	0	 
炮	9273	0	0	0	 
炯	8866	0	0	0	 
炰	8987	0	0	0	 
炲	8327	0	0	0	 
炴	8261	0	0	0	 
炸	10923	0	0	0	 
点	8646	0	0	0	 
炼	10483	0	0	0	 
炽	8789	0	0	0	 
烁	10648	0	0	0	 
烂	9757	0	0	0	 
烄	10461	0	0	0	 
烋	8932	0	0	0	 
烛	0	0	0	0	 
烜	0	0	0	0	 
烝	0	0	0	0	 
烞	8800	0	0	0	 
烟	0	0	0	0	 
烠	0	0	0	0	 
烡	0	0	0	0	 
烢	0	0	0	0	 
烣	9130	0	0	0	 
烤	0	0	0	0	 
烥	9614	0	0	0	 
烦	9053	0	0	0	 
烧	7964	0	0	0	 
烨	8646	0	0	0	 
烩	9196	0	0	0	 
烫	9966	0	0	0	 
烬	0	0	0	0	 
烮	9097	0	0	0	 
烯	0	0	0	0	 
烰	0	0	0	0	 
烱	0	0	0	0	 
烲	0	0	0	0	 
烳	0	0	0	0	 
烴	0	0	0	0	 
烵	0	0	0	0	 
烶	9020	0	0	0	 
烷	0	0	0	0	 
烸	8668	0	0	0	 
烹	0	0	0	0	 
烺	0	0	0	0	 
烻	0	0	0	0	 
烼	8932	0	0	0	 
烽	0	0	0	0	 
烿	0	0	0	0	 
焀	0	0	0	0	 
焁	0	0	0	0	 
焂	0	0	0	0	 
焃	0	0	0	0	 
焄	0	0	0	0	 
焅	0	0	0	0	 
焆	0	0	0	0	 
焇	0	0	0	0	 
焈	9163	0	0	0	 
焉	8756	0	0	0	 
焊	12991	0	0	0	 
焋	0	0	0	0	 
焌	0	0	0	0	 
焍	0	0	0	0	 
焎	0	0	0	0	 
焏	8074	0	0	0	 
焐	0	0	0	0	 
焑	0	0	0	0	 
焒	9273	0	0	0	 
焓	0	0	0	0	 
焔	9174	0	0	0	 
焕	8272	0	0	0	 
焖	0	0	0	0	 
焗	8514	0	0	0	 
焘	7887	0	0	0	 
焙	9273	0	0	0	 
焚	0	0	0	0	 
焜	0	0	0	0	 
焝	0	0	0	0	 
焞	0	0	0	0	 
焟	0	0	0	0	 
焠	0	0	0	0	 
無	0	0	0	0	 
焢	0	0	0	0	 
焣	0	0	0	0	 
焤	0	0	0	0	 
焥	8668	0	0	0	 
焦	0	0	0	0	 
焧	0	0	0	0	 
焨	0	0	0	0	 
焩	0	0	0	0	 
焪	0	0	0	0	 
焫	0	0	0	0	 
焬	0	0	0	0	 
焭	0	0	0	0	 
焮	8712	0	0	0	 
焯	8613	0	0	0	 
焰	8613	0	0	0	 
焱	0	0	0	0	 
焲	0	0	0	0	 
焳	0	0	0	0	 
焴	0	0	0	0	 
焵	9064	0	0	0	 
然	0	0	0	0	 
焷	0	0	0	0	 
焸	0	0	0	0	 
焹	0	0	0	0	 
焺	0	0	0	0	 
焻	0	0	0	0	 
焼	0	0	0	0	 
焽	0	0	0	0	 
焾	0	0	0	0	 
焿	0	0	0	0	 
煀	0	0	0	0	 
煁	0	0	0	0	 
煂	0	0	0	0	 
煃	0	0	0	0	 
煄	8767	0	0	0	 
煅	0	0	0	0	 
煆	0	0	0	0	 
煇	0	0	0	0	 
煈	0	0	0	0	 
煉	9614	0	0	0	 
煊	0	0	0	0	 
煋	9493	0	0	0	 
煌	8998	0	0	0	 
煎	0	0	0	0	 
煐	0	0	0	0	 
煑	0	0	0	0	 
煒	0	0	0	0	 
煓	0	0	0	0	 
煔	0	0	0	0	 
煕	0	0	0	0	 
煖	0	0	0	0	 
煗	0	0	0	0	 
煘	0	0	0	0	 
煙	0	0	0	0	 
煚	0	0	0	0	 
煛	8041	0	0	0	 
煜	0	0	0	0	 
煝	8525	0	0	0	 
煞	0	0	0	0	 
煟	0	0	0	0	 
煠	0	0	0	0	 
煡	0	0	0	0	 
煢	0	0	0	0	 
煣	8525	0	0	0	 
煤	0	0	0	0	 
煥	8987	0	0	0	 
煦	8206	0	0	0	 
照	8393	0	0	0	 
煨	0	0	0	0	 
煩	0	0	0	0	 
煪	0	0	0	0	 
煫	0	0	0	0	 
煬	0	0	0	0	 
煭	8932	0	0	0	 
煮	0	0	0	0	 
煯	0	0	0	0	 
煰	0	0	0	0	 
煱	8217	0	0	0	 
煲	9350	0	0	0	 
煳	0	0	0	0	 
煴	0	0	0	0	 
煵	0	0	0	0	 
煶	0	0	0	0	 
煷	8635	0	0	0	 
煸	0	0	0	0	 
煹	8569	0	0	0	 
煺	0	0	0	0	 
煻	0	0	0	0	 
煼	9383	0	0	0	 
煽	0	0	0	0	 
煾	0	0	0	0	 
煿	0	0	0	0	 
熀	0	0	0	0	 
熁	0	0	0	0	 
熂	0	0	0	0	 
熃	9097	0	0	0	 
熄	0	0	0	0	 
熅	0	0	0	0	 
熆	0	0	0	0	 
熇	0	0	0	0	 
熈	9779	0	0	0	 
熉	9867	0	0	0	 
熋	8877	0	0	0	 
熐	8668	0	0	0	 
熕	9097	0	0	0	 
熙	9713	0	0	0	 
熚	8041	0	0	0	 
熠	8877	0	0	0	 
熡	8415	0	0	0	 
熩	8338	0	0	0	 
熭	9031	0	0	0	 
熴	9097	0	0	0	 
熶	9064	0	0	0	 
熺	8976	0	0	0	 
燄	9614	0	0	0	 
燔	8613	0	0	0	 
燕	0	0	0	0	 
燖	0	0	0	0	 
燗	0	0	0	0	 
燘	0	0	0	0	 
燙	0	0	0	0	 
燚	0	0	0	0	 
燛	0	0	0	0	 
燜	0	0	0	0	 
燝	0	0	0	0	 
燞	0	0	0	0	 
營	8041	0	0	0	 
燠	0	0	0	0	 
燡	0	0	0	0	 
燢	0	0	0	0	 
燣	0	0	0	0	 
燤	8360	0	0	0	 
燥	0	0	0	0	 
燦	8866	0	0	0	 
燧	0	0	0	0	 
燨	0	0	0	0	 
燩	0	0	0	0	 
燪	0	0	0	0	 
燫	0	0	0	0	 
燬	0	0	0	0	 
燭	8602	0	0	0	 
燮	0	0	0	0	 
燯	0	0	0	0	 
燰	0	0	0	0	 
燱	0	0	0	0	 
燲	0	0	0	0	 
燳	0	0	0	0	 
燴	0	0	0	0	 
燵	0	0	0	0	 
燶	0	0	0	0	 
燷	0	0	0	0	 
燸	9889	0	0	0	 
燹	0	0	0	0	 
燺	12991	0	0	0	 
燻	0	0	0	0	 
燼	0	0	0	0	 
燽	0	0	0	0	 
燾	0	0	0	0	 
燿	0	0	0	0	 
爀	0	0	0	0	 
爁	0	0	0	0	 
爂	0	0	0	0	 
爃	0	0	0	0	 
爄	0	0	0	0	 
爅	8008	0	0	0	 
爆	0	0	0	0	 
爇	0	0	0	0	 
爈	0	0	0	0	 
爉	0	0	0	0	 
爊	0	0	0	0	 
爋	0	0	0	0	 
爌	0	0	0	0	 
爍	0	0	0	0	 
爎	0	0	0	0	 
爏	0	0	0	0	 
爐	0	0	0	0	 
爑	0	0	0	0	 
爒	0	0	0	0	 
爓	0	0	0	0	 
爔	0	0	0	0	 
爕	0	0	0	0	 
爖	0	0	0	0	 
爗	0	0	0	0	 
爘	0	0	0	0	 
爙	0	0	0	0	 
爚	0	0	0	0	 
爛	0	0	0	0	 
爜	8184	0	0	0	 
爝	0	0	0	0	 
爞	0	0	0	0	 
爟	0	0	0	0	 
爠	0	0	0	0	 
爡	0	0	0	0	 
爢	0	0	0	0	 
爣	0	0	0	0	 
爤	0	0	0	0	 
爥	0	0	0	0	 
爦	0	0	0	0	 
爧	9284	0	0	0	 
爨	0	0	0	0	 
爩	8756	0	0	0	 
爪	0	0	0	0	 
爫	8899	0	0	0	 
爬	0	0	0	0	 
爭	0	0	0	0	 
爮	0	0	0	0	 
爯	9801	0	0	0	 
爰	0	0	0	0	 
爲	0	0	0	0	 
爳	0	0	0	0	 
爴	9548	0	0	0	 
爵	8393	0	0	0	 
爷	9592	0	0	0	 
爸	9075	0	0	0	 
爻	0	0	0	0	 
爼	10098	0	0	0	 
爽	0	0	0	0	 
爾	9031	0	0	0	 
爿	0	0	0	0	 
牀	0	0	0	0	 
牁	0	0	0	0	 
牂	0	0	0	0	 
牃	0	0	0	0	 
牄	0	0	0	0	 
牅	0	0	0	0	 
牆	9020	0	0	0	 
片	8789	0	0	0	 
版	0	0	0	0	 
牊	0	0	0	0	 
牋	8921	0	0	0	 
牌	8668	0	0	0	 
牍	0	0	0	0	 
牏	0	0	0	0	 
牐	0	0	0	0	 
牑	8734	0	0	0	 
牒	0	0	0	0	 
牔	0	0	0	0	 
牕	8789	0	0	0	 
牖	0	0	0	0	 
牘	8646	0	0	0	 
牙	0	0	0	0	 
牚	8822	0	0	0	 
牛	0	0	0	0	 
牜	8987	0	0	0	 
牝	0	0	0	0	 
牞	8745	0	0	0	 
牟	0	0	0	0	 
牠	8866	0	0	0	 
牡	8844	0	0	0	 
牢	0	0	0	0	 
牤	0	0	0	0	 
牥	8778	0	0	0	 
牦	8261	0	0	0	 
牧	0	0	0	0	 
牨	8074	0	0	0	 
物	0	0	0	0	 
牪	0	0	0	0	 
牫	0	0	0	0	 
牬	0	0	0	0	 
牭	8800	0	0	0	 
牮	8723	0	0	0	 
牯	0	0	0	0	 
牰	0	0	0	0	 
牱	9031	0	0	0	 
牲	0	0	0	0	 
牳	0	0	0	0	 
牴	9273	0	0	0	 
牵	0	0	0	0	 
牶	0	0	0	0	 
牷	0	0	0	0	 
牸	8052	0	0	0	 
特	9097	0	0	0	 
牺	0	0	0	0	 
牻	0	0	0	0	 
牼	0	0	0	0	 
牽	8591	0	0	0	 
牾	8118	0	0	0	 
牿	9097	0	0	0	 
犀	8932	0	0	0	 
犁	0	0	0	0	 
犃	8591	0	0	0	 
犄	8668	0	0	0	 
犅	8481	0	0	0	 
犋	8998	0	0	0	 
犌	9196	0	0	0	 
犎	8635	0	0	0	 
犐	8404	0	0	0	 
犓	10153	0	0	0	 
犠	14575	0	0	0	 
犭	9009	0	0	0	 
犮	9658	0	0	0	 
犰	8294	0	0	0	 
犱	8778	0	0	0	 
犵	9229	0	0	0	 
犷	8745	0	0	0	 
犸	8778	0	0	0	 
犹	9482	0	0	0	 
犺	11286	0	0	0	 
狂	9097	0	0	0	 
狄	9163	0	0	0	 
狉	9427	0	0	0	 
狎	10208	0	0	0	 
狏	8602	0	0	0	 
狓	8668	0	0	0	 
狘	0	0	0	0	 
狜	0	0	0	0	 
狝	9449	0	0	0	 
狞	0	0	0	0	 
狟	11121	0	0	0	 
狠	0	0	0	0	 
狣	0	0	0	0	 
狤	0	0	0	0	 
狥	0	0	0	0	 
狦	0	0	0	0	 
狧	8877	0	0	0	 
狨	8921	0	0	0	 
狩	0	0	0	0	 
狪	0	0	0	0	 
狫	8668	0	0	0	 
独	9427	0	0	0	 
狭	8481	0	0	0	 
狮	8987	0	0	0	 
狯	8657	0	0	0	 
狰	8041	0	0	0	 
狱	9878	0	0	0	 
狲	8646	0	0	0	 
狳	7887	0	0	0	 
狴	0	0	0	0	 
狵	0	0	0	0	 
狶	9240	0	0	0	 
狷	8932	0	0	0	 
狸	9251	0	0	0	 
狺	11319	0	0	0	 
狻	0	0	0	0	 
狾	0	0	0	0	 
狿	0	0	0	0	 
猀	8327	0	0	0	 
猁	0	0	0	0	 
猂	9889	0	0	0	 
猃	0	0	0	0	 
猄	0	0	0	0	 
猅	0	0	0	0	 
猆	0	0	0	0	 
猇	0	0	0	0	 
猈	0	0	0	0	 
猉	8899	0	0	0	 
猊	0	0	0	0	 
猌	0	0	0	0	 
猍	7986	0	0	0	 
猎	0	0	0	0	 
猐	0	0	0	0	 
猑	0	0	0	0	 
猒	14432	0	0	0	 
猓	10197	0	0	0	 
猕	8250	0	0	0	 
猗	0	0	0	0	 
猙	0	0	0	0	 
猚	8789	0	0	0	 
猛	13189	0	0	0	 
猜	0	0	0	0	 
猠	10043	0	0	0	 
猡	0	0	0	0	 
猤	8789	0	0	0	 
猥	0	0	0	0	 
猧	0	0	0	0	 
猨	9152	0	0	0	 
猩	8536	0	0	0	 
猪	8393	0	0	0	 
猫	8184	0	0	0	 
猬	9306	0	0	0	 
献	0	0	0	0	 
猯	0	0	0	0	 
猰	8987	0	0	0	 
猱	0	0	0	0	 
猳	9229	0	0	0	 
猴	0	0	0	0	 
猶	9075	0	0	0	 
猷	10307	0	0	0	 
猸	0	0	0	0	 
猻	0	0	0	0	 
猼	0	0	0	0	 
猽	9174	0	0	0	 
猾	9405	0	0	0	 
猿	0	0	0	0	 
獀	0	0	0	0	 
獁	0	0	0	0	 
獂	0	0	0	0	 
獃	0	0	0	0	 
獄	0	0	0	0	 
獅	0	0	0	0	 
獆	0	0	0	0	 
獇	0	0	0	0	 
獈	0	0	0	0	 
獉	0	0	0	0	 
獊	0	0	0	0	 
獋	0	0	0	0	 
獌	8602	0	0	0	 
獍	0	0	0	0	 
獏	8514	0	0	0	 
獐	8415	0	0	0	 
獒	0	0	0	0	 
獓	0	0	0	0	 
獔	0	0	0	0	 
獕	0	0	0	0	 
獖	8184	0	0	0	 
獗	0	0	0	0	 
獙	0	0	0	0	 
獚	0	0	0	0	 
獛	0	0	0	0	 
獜	0	0	0	0	 
獝	0	0	0	0	 
獞	0	0	0	0	 
獟	8976	0	0	0	 
獠	0	0	0	0	 
獢	0	0	0	0	 
獣	0	0	0	0	 
獤	0	0	0	0	 
獥	0	0	0	0	 
獦	0	0	0	0	 
獧	0	0	0	0	 
獨	0	0	0	0	 
獩	0	0	0	0	 
獪	0	0	0	0	 
獫	10747	0	0	0	 
獬	0	0	0	0	 
獮	9867	0	0	0	 
獯	0	0	0	0	 
獱	0	0	0	0	 
獲	0	0	0	0	 
獳	0	0	0	0	 
獴	0	0	0	0	 
獵	0	0	0	0	 
獶	0	0	0	0	 
獷	0	0	0	0	 
獸	0	0	0	0	 
獹	0	0	0	0	 
獺	0	0	0	0	 
獻	0	0	0	0	 
獼	0	0	0	0	 
獽	9361	0	0	0	 
獾	0	0	0	0	 
玀	0	0	0	0	 
玁	0	0	0	0	 
玂	0	0	0	0	 
玃	9867	0	0	0	 
玄	0	0	0	0	 
玅	0	0	0	0	 
玆	8866	0	0	0	 
率	0	0	0	0	 
玈	8041	0	0	0	 
玉	0	0	0	0	 
玊	8789	0	0	0	 
王	0	0	0	0	 
玌	0	0	0	0	 
玍	8679	0	0	0	 
玎	0	0	0	0	 
玏	0	0	0	0	 
玐	8591	0	0	0	 
玑	0	0	0	0	 
玒	0	0	0	0	 
玓	0	0	0	0	 
玔	0	0	0	0	 
玕	9317	0	0	0	 
玖	0	0	0	0	 
玗	0	0	0	0	 
玘	0	0	0	0	 
玙	12991	0	0	0	 
玚	8745	0	0	0	 
玛	0	0	0	0	 
玜	0	0	0	0	 
玝	0	0	0	0	 
玞	9185	0	0	0	 
玟	0	0	0	0	 
玠	0	0	0	0	 
玡	8932	0	0	0	 
玢	0	0	0	0	 
玣	0	0	0	0	 
玤	0	0	0	0	 
玥	0	0	0	0	 
玦	0	0	0	0	 
玧	0	0	0	0	 
玨	9020	0	0	0	 
玩	0	0	0	0	 
玪	8525	0	0	0	 
玫	0	0	0	0	 
玬	0	0	0	0	 
玭	8789	0	0	0	 
玮	9724	0	0	0	 
环	8965	0	0	0	 
现	0	0	0	0	 
玱	10131	0	0	0	 
玲	0	0	0	0	 
玴	0	0	0	0	 
玵	0	0	0	0	 
玶	8822	0	0	0	 
玷	0	0	0	0	 
玸	0	0	0	0	 
玹	9460	0	0	0	 
玺	8129	0	0	0	 
玻	0	0	0	0	 
玼	0	0	0	0	 
玽	0	0	0	0	 
玾	0	0	0	0	 
玿	8426	0	0	0	 
珀	0	0	0	0	 
珁	8492	0	0	0	 
珂	0	0	0	0	 
珃	0	0	0	0	 
珄	0	0	0	0	 
珅	0	0	0	0	 
珆	0	0	0	0	 
珇	8943	0	0	0	 
珈	9185	0	0	0	 
珉	9383	0	0	0	 
珊	0	0	0	0	 
珋	0	0	0	0	 
珌	8657	0	0	0	 
珍	0	0	0	0	 
珎	8184	0	0	0	 
珏	8547	0	0	0	 
珐	8998	0	0	0	 
珑	0	0	0	0	 
珒	0	0	0	0	 
珓	0	0	0	0	 
珔	0	0	0	0	 
珕	0	0	0	0	 
珖	0	0	0	0	 
珗	0	0	0	0	 
珘	8789	0	0	0	 
珙	0	0	0	0	 
珚	0	0	0	0	 
珛	0	0	0	0	 
珜	0	0	0	0	 
珝	7821	0	0	0	 
珞	0	0	0	0	 
珟	8536	0	0	0	 
珠	0	0	0	0	 
珡	0	0	0	0	 
珢	0	0	0	0	 
珣	0	0	0	0	 
珤	8272	0	0	0	 
珥	0	0	0	0	 
珦	9075	0	0	0	 
珧	0	0	0	0	 
珨	9130	0	0	0	 
珩	0	0	0	0	 
珪	0	0	0	0	 
珫	0	0	0	0	 
珬	8404	0	0	0	 
班	0	0	0	0	 
珯	0	0	0	0	 
珰	0	0	0	0	 
珱	8811	0	0	0	 
珲	0	0	0	0	 
珳	0	0	0	0	 
珴	0	0	0	0	 
珵	0	0	0	0	 
珶	0	0	0	0	 
珷	0	0	0	0	 
珸	0	0	0	0	 
珹	0	0	0	0	 
珺	0	0	0	0	 
珻	0	0	0	0	 
珼	0	0	0	0	 
珽	0	0	0	0	 
現	0	0	0	0	 
珿	0	0	0	0	 
琀	0	0	0	0	 
琁	0	0	0	0	 
琂	9658	0	0	0	 
球	0	0	0	0	 
琄	10538	0	0	0	 
琅	0	0	0	0	 
琈	10087	0	0	0	 
琉	0	0	0	0	 
琋	0	0	0	0	 
琌	0	0	0	0	 
琍	0	0	0	0	 
琎	9075	0	0	0	 
琏	9262	0	0	0	 
琐	0	0	0	0	 
琑	0	0	0	0	 
琒	0	0	0	0	 
琓	0	0	0	0	 
琔	0	0	0	0	 
琕	0	0	0	0	 
琖	0	0	0	0	 
琗	0	0	0	0	 
琘	0	0	0	0	 
琙	10582	0	0	0	 
琚	0	0	0	0	 
琝	0	0	0	0	 
琞	0	0	0	0	 
琟	0	0	0	0	 
琠	12991	0	0	0	 
琡	8668	0	0	0	 
琢	0	0	0	0	 
琣	0	0	0	0	 
琤	9350	0	0	0	 
琥	9042	0	0	0	 
琦	0	0	0	0	 
琧	9427	0	0	0	 
琨	0	0	0	0	 
琩	9042	0	0	0	 
琪	0	0	0	0	 
琫	9020	0	0	0	 
琬	0	0	0	0	 
琭	9603	0	0	0	 
琮	0	0	0	0	 
琯	9163	0	0	0	 
琰	0	0	0	0	 
琱	0	0	0	0	 
琲	11264	0	0	0	 
琳	8745	0	0	0	 
琵	8261	0	0	0	 
琶	0	0	0	0	 
琷	0	0	0	0	 
琸	0	0	0	0	 
琹	0	0	0	0	 
琺	0	0	0	0	 
琻	9757	0	0	0	 
琼	0	0	0	0	 
琽	0	0	0	0	 
琾	0	0	0	0	 
琿	0	0	0	0	 
瑀	8195	0	0	0	 
瑁	0	0	0	0	 
瑃	0	0	0	0	 
瑄	0	0	0	0	 
瑅	0	0	0	0	 
瑆	0	0	0	0	 
瑇	0	0	0	0	 
瑈	0	0	0	0	 
瑉	0	0	0	0	 
瑊	0	0	0	0	 
瑋	0	0	0	0	 
瑌	0	0	0	0	 
瑍	0	0	0	0	 
瑎	0	0	0	0	 
瑏	0	0	0	0	 
瑐	0	0	0	0	 
瑑	0	0	0	0	 
瑒	0	0	0	0	 
瑓	0	0	0	0	 
瑔	9427	0	0	0	 
瑕	8976	0	0	0	 
瑗	12100	0	0	0	 
瑙	8646	0	0	0	 
瑜	8899	0	0	0	 
瑞	8602	0	0	0	 
瑟	0	0	0	0	 
瑠	0	0	0	0	 
瑡	0	0	0	0	 
瑢	0	0	0	0	 
瑣	0	0	0	0	 
瑤	0	0	0	0	 
瑥	0	0	0	0	 
瑦	0	0	0	0	 
瑧	0	0	0	0	 
瑨	0	0	0	0	 
瑩	0	0	0	0	 
瑪	0	0	0	0	 
瑫	0	0	0	0	 
瑬	9636	0	0	0	 
瑭	0	0	0	0	 
瑯	8547	0	0	0	 
瑰	0	0	0	0	 
瑲	0	0	0	0	 
瑳	0	0	0	0	 
瑴	0	0	0	0	 
瑵	9075	0	0	0	 
瑶	7832	0	0	0	 
瑷	0	0	0	0	 
瑹	0	0	0	0	 
瑺	0	0	0	0	 
瑻	0	0	0	0	 
瑼	0	0	0	0	 
瑽	9526	0	0	0	 
瑾	11429	0	0	0	 
璀	8932	0	0	0	 
璃	0	0	0	0	 
璄	0	0	0	0	 
璅	0	0	0	0	 
璆	9867	0	0	0	 
璇	0	0	0	0	 
璉	0	0	0	0	 
璊	8514	0	0	0	 
璋	0	0	0	0	 
璍	8514	0	0	0	 
璎	8327	0	0	0	 
璐	0	0	0	0	 
璒	0	0	0	0	 
璓	0	0	0	0	 
璔	0	0	0	0	 
璕	0	0	0	0	 
璖	0	0	0	0	 
璗	0	0	0	0	 
璘	0	0	0	0	 
璙	0	0	0	0	 
璚	0	0	0	0	 
璛	9493	0	0	0	 
璜	8987	0	0	0	 
璞	0	0	0	0	 
璠	0	0	0	0	 
璡	0	0	0	0	 
璢	0	0	0	0	 
璣	0	0	0	0	 
璤	12991	0	0	0	 
璥	0	0	0	0	 
璦	13035	0	0	0	 
璧	0	0	0	0	 
璫	0	0	0	0	 
璬	0	0	0	0	 
璭	0	0	0	0	 
璮	0	0	0	0	 
璯	0	0	0	0	 
環	0	0	0	0	 
璱	0	0	0	0	 
璲	0	0	0	0	 
璳	0	0	0	0	 
璴	0	0	0	0	 
璵	0	0	0	0	 
璶	0	0	0	0	 
璷	0	0	0	0	 
璸	0	0	0	0	 
璹	8855	0	0	0	 
璺	0	0	0	0	 
璼	0	0	0	0	 
璽	0	0	0	0	 
璾	0	0	0	0	 
璿	0	0	0	0	 
瓀	0	0	0	0	 
瓁	0	0	0	0	 
瓂	0	0	0	0	 
瓃	0	0	0	0	 
瓄	0	0	0	0	 
瓅	0	0	0	0	 
瓆	0	0	0	0	 
瓇	0	0	0	0	 
瓈	0	0	0	0	 
瓉	0	0	0	0	 
瓊	0	0	0	0	 
瓋	0	0	0	0	 
瓌	0	0	0	0	 
瓍	0	0	0	0	 
瓎	0	0	0	0	 
瓏	0	0	0	0	 
瓐	0	0	0	0	 
瓑	8624	0	0	0	 
瓒	0	0	0	0	 
瓔	0	0	0	0	 
瓕	0	0	0	0	 
瓖	0	0	0	0	 
瓗	0	0	0	0	 
瓘	0	0	0	0	 
瓙	0	0	0	0	 
瓚	0	0	0	0	 
瓛	8745	0	0	0	 
瓜	8734	0	0	0	 
瓞	8745	0	0	0	 
瓠	9438	0	0	0	 
瓢	10120	0	0	0	 
瓣	0	0	0	0	 
瓥	8646	0	0	0	 
瓦	0	0	0	0	 
瓧	0	0	0	0	 
瓨	0	0	0	0	 
瓩	0	0	0	0	 
瓪	0	0	0	0	 
瓫	0	0	0	0	 
瓬	0	0	0	0	 
瓭	8338	0	0	0	 
瓮	8019	0	0	0	 
瓯	0	0	0	0	 
瓱	0	0	0	0	 
瓲	0	0	0	0	 
瓳	9306	0	0	0	 
瓴	9394	0	0	0	 
瓶	9196	0	0	0	 
瓷	0	0	0	0	 
瓹	0	0	0	0	 
瓺	0	0	0	0	 
瓻	0	0	0	0	 
瓼	0	0	0	0	 
瓽	0	0	0	0	 
瓾	7755	0	0	0	 
瓿	0	0	0	0	 
甁	0	0	0	0	 
甂	0	0	0	0	 
甃	8657	0	0	0	 
甄	0	0	0	0	 
甅	0	0	0	0	 
甆	0	0	0	0	 
甇	0	0	0	0	 
甈	0	0	0	0	 
甉	0	0	0	0	 
甊	0	0	0	0	 
甋	0	0	0	0	 
甌	8789	0	0	0	 
甍	0	0	0	0	 
甎	8151	0	0	0	 
甏	8624	0	0	0	 
甑	8305	0	0	0	 
甓	0	0	0	0	 
甕	0	0	0	0	 
甖	0	0	0	0	 
甗	9911	0	0	0	 
甘	8679	0	0	0	 
甚	0	0	0	0	 
甛	9405	0	0	0	 
甜	0	0	0	0	 
甝	0	0	0	0	 
甞	9031	0	0	0	 
生	0	0	0	0	 
甠	12991	0	0	0	 
甡	0	0	0	0	 
產	0	0	0	0	 
産	0	0	0	0	 
甤	9031	0	0	0	 
甥	0	0	0	0	 
甦	0	0	0	0	 
甧	8624	0	0	0	 
用	9251	0	0	0	 
甩	0	0	0	0	 
甪	9009	0	0	0	 
甫	11066	0	0	0	 
甬	11352	0	0	0	 
甯	8778	0	0	0	 
由	10615	0	0	0	 
甲	0	0	0	0	 
甴	8822	0	0	0	 
电	9086	0	0	0	 
男	8822	0	0	0	 
甸	10582	0	0	0	 
町	0	0	0	0	 
甼	0	0	0	0	 
甽	8404	0	0	0	 
甾	0	0	0	0	 
甿	7887	0	0	0	 
畀	0	0	0	0	 
畂	0	0	0	0	 
畃	0	0	0	0	 
畄	8811	0	0	0	 
畅	0	0	0	0	 
畆	0	0	0	0	 
畇	9009	0	0	0	 
畈	0	0	0	0	 
畊	10626	0	0	0	 
畋	11198	0	0	0	 
畎	0	0	0	0	 
畐	0	0	0	0	 
畑	0	0	0	0	 
畒	0	0	0	0	 
畓	8382	0	0	0	 
畔	0	0	0	0	 
畕	0	0	0	0	 
畖	0	0	0	0	 
畗	0	0	0	0	 
畘	10791	0	0	0	 
留	10923	0	0	0	 
畛	0	0	0	0	 
畝	0	0	0	0	 
畞	0	0	0	0	 
畟	0	0	0	0	 
畠	0	0	0	0	 
畡	0	0	0	0	 
畢	0	0	0	0	 
畣	0	0	0	0	 
畤	8261	0	0	0	 
略	9042	0	0	0	 
畦	0	0	0	0	 
畧	0	0	0	0	 
畨	0	0	0	0	 
畩	9218	0	0	0	 
番	0	0	0	0	 
畫	0	0	0	0	 
畬	0	0	0	0	 
畭	0	0	0	0	 
畮	0	0	0	0	 
畯	0	0	0	0	 
異	0	0	0	0	 
畱	8767	0	0	0	 
畲	9086	0	0	0	 
畴	0	0	0	0	 
當	0	0	0	0	 
畷	10131	0	0	0	 
畸	0	0	0	0	 
畻	0	0	0	0	 
畼	0	0	0	0	 
畽	0	0	0	0	 
畾	8591	0	0	0	 
畿	0	0	0	0	 
疀	0	0	0	0	 
疁	0	0	0	0	 
疂	9306	0	0	0	 
疃	0	0	0	0	 
疅	8580	0	0	0	 
疆	0	0	0	0	 
疇	0	0	0	0	 
疈	0	0	0	0	 
疉	0	0	0	0	 
疊	8745	0	0	0	 
疋	0	0	0	0	 
疌	0	0	0	0	 
疍	0	0	0	0	 
疎	9317	0	0	0	 
疏	0	0	0	0	 
疐	8646	0	0	0	 
疑	14575	0	0	0	 
疒	0	0	0	0	 
疓	8679	0	0	0	 
疔	0	0	0	0	 
疕	8239	0	0	0	 
疖	8976	0	0	0	 
疗	9801	0	0	0	 
疙	0	0	0	0	 
疜	9185	0	0	0	 
疝	0	0	0	0	 
疞	8118	0	0	0	 
疟	8327	0	0	0	 
疠	8998	0	0	0	 
疡	0	0	0	0	 
疢	9075	0	0	0	 
疣	9273	0	0	0	 
疤	0	0	0	0	 
疧	0	0	0	0	 
疨	0	0	0	0	 
疩	0	0	0	0	 
疪	8041	0	0	0	 
疫	8327	0	0	0	 
疬	0	0	0	0	 
疭	9581	0	0	0	 
疮	10703	0	0	0	 
疯	8668	0	0	0	 
疱	8745	0	0	0	 
疲	8514	0	0	0	 
疳	8492	0	0	0	 
疴	8899	0	0	0	 
疵	0	0	0	0	 
疷	8261	0	0	0	 
疸	9020	0	0	0	 
疹	0	0	0	0	 
疺	0	0	0	0	 
疻	9009	0	0	0	 
疼	10505	0	0	0	 
疽	0	0	0	0	 
疿	0	0	0	0	 
痀	0	0	0	0	 
痁	8943	0	0	0	 
痂	9867	0	0	0	 
痃	8261	0	0	0	 
痄	8437	0	0	0	 
病	0	0	0	0	 
痆	8470	0	0	0	 
症	8800	0	0	0	 
痈	8602	0	0	0	 
痉	10153	0	0	0	 
痊	0	0	0	0	 
痋	0	0	0	0	 
痌	8646	0	0	0	 
痍	0	0	0	0	 
痎	0	0	0	0	 
痏	12991	0	0	0	 
痐	0	0	0	0	 
痑	8998	0	0	0	 
痒	0	0	0	0	 
痓	8074	0	0	0	 
痔	11099	0	0	0	 
痕	0	0	0	0	 
痗	7997	0	0	0	 
痘	0	0	0	0	 
痙	0	0	0	0	 
痚	8250	0	0	0	 
痛	0	0	0	0	 
痜	0	0	0	0	 
痝	8745	0	0	0	 
痞	0	0	0	0	 
痟	0	0	0	0	 
痠	0	0	0	0	 
痡	8327	0	0	0	 
痢	8074	0	0	0	 
痣	9097	0	0	0	 
痤	0	0	0	0	 
痥	8074	0	0	0	 
痦	8965	0	0	0	 
痧	8844	0	0	0	 
痨	0	0	0	0	 
痩	9174	0	0	0	 
痪	9889	0	0	0	 
痫	0	0	0	0	 
痬	0	0	0	0	 
痭	0	0	0	0	 
痮	0	0	0	0	 
痯	8954	0	0	0	 
痰	8492	0	0	0	 
痱	0	0	0	0	 
痲	0	0	0	0	 
痳	8712	0	0	0	 
痴	0	0	0	0	 
痶	0	0	0	0	 
痷	0	0	0	0	 
痸	7887	0	0	0	 
痹	0	0	0	0	 
痻	8118	0	0	0	 
痼	0	0	0	0	 
痽	0	0	0	0	 
痾	8789	0	0	0	 
痿	8250	0	0	0	 
瘀	8888	0	0	0	 
瘁	8932	0	0	0	 
瘃	0	0	0	0	 
瘄	8459	0	0	0	 
瘅	0	0	0	0	 
瘆	0	0	0	0	 
瘇	0	0	0	0	 
瘈	0	0	0	0	 
瘉	9229	0	0	0	 
瘊	0	0	0	0	 
瘋	8382	0	0	0	 
瘌	0	0	0	0	 
瘍	0	0	0	0	 
瘎	0	0	0	0	 
瘏	8646	0	0	0	 
瘐	0	0	0	0	 
瘑	0	0	0	0	 
瘒	0	0	0	0	 
瘓	0	0	0	0	 
瘔	9372	0	0	0	 
瘕	0	0	0	0	 
瘖	8041	0	0	0	 
瘗	8261	0	0	0	 
瘘	8866	0	0	0	 
瘙	0	0	0	0	 
瘚	8591	0	0	0	 
瘛	0	0	0	0	 
瘝	0	0	0	0	 
瘞	8514	0	0	0	 
瘟	8954	0	0	0	 
瘠	8404	0	0	0	 
瘢	10747	0	0	0	 
瘤	8921	0	0	0	 
瘦	0	0	0	0	 
瘧	0	0	0	0	 
瘨	12056	0	0	0	 
瘩	0	0	0	0	 
瘬	8371	0	0	0	 
瘭	0	0	0	0	 
瘯	8074	0	0	0	 
瘰	0	0	0	0	 
瘲	10186	0	0	0	 
瘳	8206	0	0	0	 
瘵	0	0	0	0	 
瘷	8943	0	0	0	 
瘸	0	0	0	0	 
瘹	0	0	0	0	 
瘺	0	0	0	0	 
瘻	8195	0	0	0	 
瘼	13277	0	0	0	 
瘾	0	0	0	0	 
療	8998	0	0	0	 
癃	0	0	0	0	 
癅	0	0	0	0	 
癆	0	0	0	0	 
癇	0	0	0	0	 
癈	0	0	0	0	 
癉	0	0	0	0	 
癊	0	0	0	0	 
癋	8415	0	0	0	 
癌	8404	0	0	0	 
癍	0	0	0	0	 
癏	0	0	0	0	 
癐	0	0	0	0	 
癑	0	0	0	0	 
癒	0	0	0	0	 
癓	8041	0	0	0	 
癔	8745	0	0	0	 
癖	0	0	0	0	 
癘	0	0	0	0	 
癙	0	0	0	0	 
癚	0	0	0	0	 
癛	8822	0	0	0	 
癜	8261	0	0	0	 
癞	0	0	0	0	 
癠	0	0	0	0	 
癡	0	0	0	0	 
癢	9867	0	0	0	 
癣	0	0	0	0	 
癤	0	0	0	0	 
癥	0	0	0	0	 
癦	0	0	0	0	 
癧	0	0	0	0	 
癨	0	0	0	0	 
癩	0	0	0	0	 
癪	8998	0	0	0	 
癫	12991	0	0	0	 
癭	0	0	0	0	 
癮	8932	0	0	0	 
癯	0	0	0	0	 
癱	0	0	0	0	 
癲	0	0	0	0	 
癳	0	0	0	0	 
癴	0	0	0	0	 
癵	0	0	0	0	 
癶	0	0	0	0	 
癷	8855	0	0	0	 
癸	0	0	0	0	 
発	8393	0	0	0	 
登	10142	0	0	0	 
白	0	0	0	0	 
皀	0	0	0	0	 
皁	8360	0	0	0	 
皂	0	0	0	0	 
皃	7755	0	0	0	 
的	12969	0	0	0	 
皆	0	0	0	0	 
皊	8250	0	0	0	 
皋	0	0	0	0	 
皍	9031	0	0	0	 
皎	0	0	0	0	 
皐	8415	0	0	0	 
皑	0	0	0	0	 
皒	8624	0	0	0	 
皓	0	0	0	0	 
皕	9020	0	0	0	 
皖	0	0	0	0	 
皗	0	0	0	0	 
皘	9097	0	0	0	 
皙	0	0	0	0	 
皛	0	0	0	0	 
皜	0	0	0	0	 
皝	0	0	0	0	 
皞	0	0	0	0	 
皟	0	0	0	0	 
皠	0	0	0	0	 
皡	0	0	0	0	 
皢	0	0	0	0	 
皣	8899	0	0	0	 
皤	0	0	0	0	 
皦	0	0	0	0	 
皧	0	0	0	0	 
皨	0	0	0	0	 
皩	0	0	0	0	 
皪	0	0	0	0	 
皫	0	0	0	0	 
皬	0	0	0	0	 
皭	8745	0	0	0	 
皮	0	0	0	0	 
皯	0	0	0	0	 
皰	8261	0	0	0	 
皱	9284	0	0	0	 
皲	0	0	0	0	 
皳	9713	0	0	0	 
皴	0	0	0	0	 
皵	0	0	0	0	 
皶	0	0	0	0	 
皷	0	0	0	0	 
皸	0	0	0	0	 
皹	0	0	0	0	 
皺	0	0	0	0	 
皻	0	0	0	0	 
皼	0	0	0	0	 
皽	0	0	0	0	 
皾	9185	0	0	0	 
皿	0	0	0	0	 
盀	0	0	0	0	 
盁	8646	0	0	0	 
盂	0	0	0	0	 
盃	0	0	0	0	 
盄	8657	0	0	0	 
盅	8965	0	0	0	 
盆	0	0	0	0	 
盇	8811	0	0	0	 
盈	0	0	0	0	 
盉	8041	0	0	0	 
益	0	0	0	0	 
盋	0	0	0	0	 
盌	8833	0	0	0	 
盍	8052	0	0	0	 
盎	9020	0	0	0	 
盏	9163	0	0	0	 
盐	10967	0	0	0	 
监	9020	0	0	0	 
盔	9328	0	0	0	 
盖	9031	0	0	0	 
盘	0	0	0	0	 
盙	0	0	0	0	 
盚	8855	0	0	0	 
盛	0	0	0	0	 
盜	0	0	0	0	 
盝	0	0	0	0	 
盞	8789	0	0	0	 
盟	0	0	0	0	 
盠	0	0	0	0	 
盡	0	0	0	0	 
盢	0	0	0	0	 
監	0	0	0	0	 
盤	8646	0	0	0	 
盥	0	0	0	0	 
盦	0	0	0	0	 
盧	0	0	0	0	 
盨	0	0	0	0	 
盩	0	0	0	0	 
盪	0	0	0	0	 
盫	0	0	0	0	 
盬	0	0	0	0	 
盭	8261	0	0	0	 
目	8679	0	0	0	 
盯	0	0	0	0	 
盰	9174	0	0	0	 
盱	8932	0	0	0	 
盲	0	0	0	0	 
盳	8591	0	0	0	 
直	0	0	0	0	 
盵	0	0	0	0	 
盶	0	0	0	0	 
盷	8800	0	0	0	 
相	9416	0	0	0	 
盹	0	0	0	0	 
盺	0	0	0	0	 
盻	8580	0	0	0	 
盼	12991	0	0	0	 
盽	8899	0	0	0	 
盾	0	0	0	0	 
眀	9372	0	0	0	 
省	0	0	0	0	 
眂	0	0	0	0	 
眃	9174	0	0	0	 
眄	0	0	0	0	 
眅	0	0	0	0	 
眆	8734	0	0	0	 
眇	8459	0	0	0	 
眈	8525	0	0	0	 
眉	0	0	0	0	 
眊	8789	0	0	0	 
看	0	0	0	0	 
県	8789	0	0	0	 
眍	0	0	0	0	 
眎	0	0	0	0	 
眏	0	0	0	0	 
眐	0	0	0	0	 
眑	0	0	0	0	 
眒	0	0	0	0	 
眓	0	0	0	0	 
眔	0	0	0	0	 
眕	0	0	0	0	 
眖	0	0	0	0	 
眗	0	0	0	0	 
眘	8646	0	0	0	 
眙	9372	0	0	0	 
眚	0	0	0	0	 
眛	0	0	0	0	 
眜	0	0	0	0	 
眝	0	0	0	0	 
眞	8657	0	0	0	 
真	9174	0	0	0	 
眠	0	0	0	0	 
眡	9119	0	0	0	 
眢	0	0	0	0	 
眣	0	0	0	0	 
眤	0	0	0	0	 
眥	8228	0	0	0	 
眦	0	0	0	0	 
眧	8811	0	0	0	 
眨	9482	0	0	0	 
眩	0	0	0	0	 
眪	0	0	0	0	 
眫	0	0	0	0	 
眬	8998	0	0	0	 
眭	0	0	0	0	 
眮	8327	0	0	0	 
眯	0	0	0	0	 
眰	0	0	0	0	 
眱	0	0	0	0	 
眲	0	0	0	0	 
眳	0	0	0	0	 
眴	8712	0	0	0	 
眵	14091	0	0	0	 
眶	0	0	0	0	 
眹	8800	0	0	0	 
眺	0	0	0	0	 
眻	9163	0	0	0	 
眼	0	0	0	0	 
眽	0	0	0	0	 
眾	0	0	0	0	 
眿	8514	0	0	0	 
着	8657	0	0	0	 
睁	0	0	0	0	 
睂	9097	0	0	0	 
睃	0	0	0	0	 
睄	0	0	0	0	 
睅	0	0	0	0	 
睆	7942	0	0	0	 
睇	0	0	0	0	 
睈	0	0	0	0	 
睉	0	0	0	0	 
睊	0	0	0	0	 
睋	0	0	0	0	 
睌	0	0	0	0	 
睍	0	0	0	0	 
睎	0	0	0	0	 
睏	8261	0	0	0	 
睐	9383	0	0	0	 
睑	0	0	0	0	 
睒	0	0	0	0	 
睓	0	0	0	0	 
睔	0	0	0	0	 
睕	0	0	0	0	 
睖	0	0	0	0	 
睗	0	0	0	0	 
睘	0	0	0	0	 
睙	8646	0	0	0	 
睚	8789	0	0	0	 
睛	0	0	0	0	 
睜	0	0	0	0	 
睝	0	0	0	0	 
睞	0	0	0	0	 
睟	0	0	0	0	 
睠	8932	0	0	0	 
睡	10483	0	0	0	 
睢	0	0	0	0	 
睤	9537	0	0	0	 
睥	0	0	0	0	 
睧	8349	0	0	0	 
睨	0	0	0	0	 
睩	0	0	0	0	 
睪	10549	0	0	0	 
睫	0	0	0	0	 
睮	0	0	0	0	 
睯	0	0	0	0	 
睰	0	0	0	0	 
睱	0	0	0	0	 
睲	0	0	0	0	 
睳	0	0	0	0	 
睴	0	0	0	0	 
睵	0	0	0	0	 
睶	0	0	0	0	 
睷	0	0	0	0	 
睸	8668	0	0	0	 
睹	0	0	0	0	 
睻	0	0	0	0	 
睼	10659	0	0	0	 
睽	9944	0	0	0	 
睿	0	0	0	0	 
瞂	0	0	0	0	 
瞃	8734	0	0	0	 
瞄	9086	0	0	0	 
瞅	0	0	0	0	 
瞇	0	0	0	0	 
瞈	0	0	0	0	 
瞉	0	0	0	0	 
瞊	0	0	0	0	 
瞋	12947	0	0	0	 
瞌	12991	0	0	0	 
瞏	0	0	0	0	 
瞐	10835	0	0	0	 
瞑	0	0	0	0	 
瞓	0	0	0	0	 
瞔	0	0	0	0	 
瞕	0	0	0	0	 
瞖	0	0	0	0	 
瞗	0	0	0	0	 
瞘	0	0	0	0	 
瞙	0	0	0	0	 
瞚	0	0	0	0	 
瞛	0	0	0	0	 
瞜	0	0	0	0	 
瞝	0	0	0	0	 
瞞	10703	0	0	0	 
瞟	8789	0	0	0	 
瞢	0	0	0	0	 
瞣	0	0	0	0	 
瞤	8646	0	0	0	 
瞥	0	0	0	0	 
瞦	9482	0	0	0	 
瞧	0	0	0	0	 
瞨	8932	0	0	0	 
瞩	8206	0	0	0	 
瞪	9768	0	0	0	 
瞬	0	0	0	0	 
瞭	0	0	0	0	 
瞮	0	0	0	0	 
瞯	8789	0	0	0	 
瞰	0	0	0	0	 
瞲	9031	0	0	0	 
瞳	0	0	0	0	 
瞴	9427	0	0	0	 
瞵	0	0	0	0	 
瞷	0	0	0	0	 
瞸	0	0	0	0	 
瞹	0	0	0	0	 
瞺	8657	0	0	0	 
瞻	0	0	0	0	 
瞼	8723	0	0	0	 
瞽	8932	0	0	0	 
瞿	0	0	0	0	 
矀	0	0	0	0	 
矁	0	0	0	0	 
矂	0	0	0	0	 
矃	0	0	0	0	 
矄	0	0	0	0	 
矅	0	0	0	0	 
矆	0	0	0	0	 
矇	0	0	0	0	 
矈	0	0	0	0	 
矉	0	0	0	0	 
矊	0	0	0	0	 
矋	0	0	0	0	 
矌	8184	0	0	0	 
矍	0	0	0	0	 
矎	0	0	0	0	 
矏	0	0	0	0	 
矐	0	0	0	0	 
矑	0	0	0	0	 
矒	0	0	0	0	 
矓	0	0	0	0	 
矔	0	0	0	0	 
矕	0	0	0	0	 
矖	8932	0	0	0	 
矗	0	0	0	0	 
矘	0	0	0	0	 
矙	0	0	0	0	 
矚	8778	0	0	0	 
矛	9218	0	0	0	 
矜	0	0	0	0	 
矝	0	0	0	0	 
矞	0	0	0	0	 
矟	0	0	0	0	 
矠	0	0	0	0	 
矡	8734	0	0	0	 
矢	9130	0	0	0	 
矣	0	0	0	0	 
矤	8250	0	0	0	 
知	0	0	0	0	 
矦	9515	0	0	0	 
矧	0	0	0	0	 
矨	9031	0	0	0	 
矩	10934	0	0	0	 
矫	10032	0	0	0	 
短	0	0	0	0	 
矯	0	0	0	0	 
矰	0	0	0	0	 
矱	0	0	0	0	 
矲	8734	0	0	0	 
石	0	0	0	0	 
矴	0	0	0	0	 
矵	8591	0	0	0	 
矶	8514	0	0	0	 
矸	0	0	0	0	 
矺	0	0	0	0	 
矻	0	0	0	0	 
矼	9097	0	0	0	 
矽	9614	0	0	0	 
矾	13211	0	0	0	 
矿	8965	0	0	0	 
砂	0	0	0	0	 
砃	0	0	0	0	 
砄	0	0	0	0	 
砅	0	0	0	0	 
砆	0	0	0	0	 
砇	0	0	0	0	 
砈	8866	0	0	0	 
砉	0	0	0	0	 
砋	8646	0	0	0	 
砌	9240	0	0	0	 
砍	0	0	0	0	 
砎	0	0	0	0	 
砏	0	0	0	0	 
砐	9900	0	0	0	 
砑	0	0	0	0	 
砓	9163	0	0	0	 
研	0	0	0	0	 
砕	9284	0	0	0	 
砖	10868	0	0	0	 
砗	8613	0	0	0	 
砚	0	0	0	0	 
砛	11319	0	0	0	 
砜	0	0	0	0	 
砞	8811	0	0	0	 
砟	0	0	0	0	 
砠	0	0	0	0	 
砡	12991	0	0	0	 
砢	8525	0	0	0	 
砣	0	0	0	0	 
砤	8492	0	0	0	 
砥	8206	0	0	0	 
砦	8657	0	0	0	 
砧	0	0	0	0	 
砨	9009	0	0	0	 
砩	0	0	0	0	 
砪	0	0	0	0	 
砫	8987	0	0	0	 
砬	8635	0	0	0	 
砭	0	0	0	0	 
砯	8668	0	0	0	 
砰	0	0	0	0	 
砱	0	0	0	0	 
砲	0	0	0	0	 
砳	8426	0	0	0	 
破	0	0	0	0	 
砵	0	0	0	0	 
砶	9174	0	0	0	 
砷	8800	0	0	0	 
砸	7832	0	0	0	 
砹	8327	0	0	0	 
砺	8998	0	0	0	 
砻	9031	0	0	0	 
砼	0	0	0	0	 
砽	8327	0	0	0	 
砾	9372	0	0	0	 
础	0	0	0	0	 
硁	0	0	0	0	 
硂	0	0	0	0	 
硃	0	0	0	0	 
硄	8547	0	0	0	 
硅	8987	0	0	0	 
硇	0	0	0	0	 
硈	0	0	0	0	 
硉	0	0	0	0	 
硊	0	0	0	0	 
硋	7733	0	0	0	 
硌	0	0	0	0	 
硍	9493	0	0	0	 
硎	0	0	0	0	 
硏	8217	0	0	0	 
硐	0	0	0	0	 
硑	9097	0	0	0	 
硒	0	0	0	0	 
硓	0	0	0	0	 
硔	8789	0	0	0	 
硕	9427	0	0	0	 
硖	9174	0	0	0	 
硗	0	0	0	0	 
硘	0	0	0	0	 
硙	0	0	0	0	 
硚	0	0	0	0	 
硛	0	0	0	0	 
硜	9317	0	0	0	 
硝	0	0	0	0	 
硞	0	0	0	0	 
硟	0	0	0	0	 
硠	0	0	0	0	 
硡	0	0	0	0	 
硢	0	0	0	0	 
硣	0	0	0	0	 
硤	0	0	0	0	 
硥	0	0	0	0	 
硦	0	0	0	0	 
硧	0	0	0	0	 
硨	0	0	0	0	 
硩	7997	0	0	0	 
硪	9823	0	0	0	 
硫	8932	0	0	0	 
硭	8833	0	0	0	 
确	0	0	0	0	 
硯	0	0	0	0	 
硰	0	0	0	0	 
硱	0	0	0	0	 
硲	0	0	0	0	 
硳	0	0	0	0	 
硴	0	0	0	0	 
硵	0	0	0	0	 
硶	9383	0	0	0	 
硷	0	0	0	0	 
硹	0	0	0	0	 
硺	0	0	0	0	 
硻	8965	0	0	0	 
硼	0	0	0	0	 
硽	0	0	0	0	 
硾	0	0	0	0	 
硿	0	0	0	0	 
碀	0	0	0	0	 
碁	0	0	0	0	 
碂	0	0	0	0	 
碃	0	0	0	0	 
碄	0	0	0	0	 
碅	0	0	0	0	 
碆	8492	0	0	0	 
碇	0	0	0	0	 
碈	8734	0	0	0	 
碉	0	0	0	0	 
碋	8327	0	0	0	 
碌	7832	0	0	0	 
碍	8866	0	0	0	 
碎	0	0	0	0	 
碏	0	0	0	0	 
碐	8074	0	0	0	 
碑	0	0	0	0	 
碒	8503	0	0	0	 
碓	0	0	0	0	 
碔	0	0	0	0	 
碕	0	0	0	0	 
碖	9020	0	0	0	 
碗	9339	0	0	0	 
碘	7887	0	0	0	 
碚	8646	0	0	0	 
碛	9152	0	0	0	 
碜	0	0	0	0	 
碝	0	0	0	0	 
碞	8734	0	0	0	 
碟	8811	0	0	0	 
碡	0	0	0	0	 
碢	8525	0	0	0	 
碣	0	0	0	0	 
碤	8976	0	0	0	 
碥	0	0	0	0	 
碦	7887	0	0	0	 
碧	0	0	0	0	 
碩	0	0	0	0	 
碪	0	0	0	0	 
碫	0	0	0	0	 
碬	0	0	0	0	 
碭	0	0	0	0	 
碮	0	0	0	0	 
碯	8525	0	0	0	 
碰	10307	0	0	0	 
碱	8503	0	0	0	 
碳	9185	0	0	0	 
碴	0	0	0	0	 
碶	0	0	0	0	 
碷	0	0	0	0	 
碸	9482	0	0	0	 
碹	0	0	0	0	 
確	12991	0	0	0	 
碻	0	0	0	0	 
碼	0	0	0	0	 
碽	9262	0	0	0	 
碾	0	0	0	0	 
碿	0	0	0	0	 
磀	9196	0	0	0	 
磁	0	0	0	0	 
磃	0	0	0	0	 
磄	8162	0	0	0	 
磅	0	0	0	0	 
磇	0	0	0	0	 
磈	9372	0	0	0	 
磉	10472	0	0	0	 
磊	0	0	0	0	 
磍	0	0	0	0	 
磎	0	0	0	0	 
磏	9031	0	0	0	 
磐	0	0	0	0	 
磑	0	0	0	0	 
磒	0	0	0	0	 
磓	8415	0	0	0	 
磔	8492	0	0	0	 
磕	0	0	0	0	 
磗	0	0	0	0	 
磘	9295	0	0	0	 
磙	0	0	0	0	 
磚	0	0	0	0	 
磛	0	0	0	0	 
磜	0	0	0	0	 
磝	0	0	0	0	 
磞	0	0	0	0	 
磟	0	0	0	0	 
磠	0	0	0	0	 
磡	0	0	0	0	 
磢	0	0	0	0	 
磣	0	0	0	0	 
磤	0	0	0	0	 
磥	0	0	0	0	 
磦	0	0	0	0	 
磧	8745	0	0	0	 
磨	0	0	0	0	 
磩	0	0	0	0	 
磪	0	0	0	0	 
磫	9174	0	0	0	 
磬	0	0	0	0	 
磭	0	0	0	0	 
磮	0	0	0	0	 
磯	0	0	0	0	 
磰	0	0	0	0	 
磱	8932	0	0	0	 
磲	0	0	0	0	 
磳	8206	0	0	0	 
磴	0	0	0	0	 
磵	0	0	0	0	 
磶	9427	0	0	0	 
磷	0	0	0	0	 
磹	9493	0	0	0	 
磺	0	0	0	0	 
磼	0	0	0	0	 
磽	0	0	0	0	 
磾	0	0	0	0	 
磿	0	0	0	0	 
礀	8668	0	0	0	 
礁	0	0	0	0	 
礂	0	0	0	0	 
礃	0	0	0	0	 
礄	9075	0	0	0	 
礅	0	0	0	0	 
礆	0	0	0	0	 
礇	0	0	0	0	 
礈	0	0	0	0	 
礉	0	0	0	0	 
礊	0	0	0	0	 
礋	0	0	0	0	 
礌	0	0	0	0	 
礍	0	0	0	0	 
礎	0	0	0	0	 
礏	0	0	0	0	 
礐	0	0	0	0	 
礑	0	0	0	0	 
礒	8580	0	0	0	 
礓	0	0	0	0	 
礔	0	0	0	0	 
礕	0	0	0	0	 
礖	0	0	0	0	 
礗	0	0	0	0	 
礘	0	0	0	0	 
礙	0	0	0	0	 
礚	0	0	0	0	 
礛	0	0	0	0	 
礜	0	0	0	0	 
礝	8789	0	0	0	 
礞	0	0	0	0	 
礟	0	0	0	0	 
礠	0	0	0	0	 
礡	0	0	0	0	 
礢	0	0	0	0	 
礣	9251	0	0	0	 
礤	0	0	0	0	 
礥	0	0	0	0	 
礦	0	0	0	0	 
礧	0	0	0	0	 
礨	0	0	0	0	 
礩	0	0	0	0	 
礪	0	0	0	0	 
礫	0	0	0	0	 
礬	0	0	0	0	 
礭	0	0	0	0	 
礮	0	0	0	0	 
礯	12991	0	0	0	 
礰	0	0	0	0	 
礱	0	0	0	0	 
礲	0	0	0	0	 
礳	8492	0	0	0	 
礴	0	0	0	0	 
礵	0	0	0	0	 
礶	0	0	0	0	 
礷	0	0	0	0	 
礸	0	0	0	0	 
礹	8349	0	0	0	 
示	14575	0	0	0	 
礻	8932	0	0	0	 
礼	8602	0	0	0	 
社	0	0	0	0	 
礿	8734	0	0	0	 
祀	9042	0	0	0	 
祁	0	0	0	0	 
祂	0	0	0	0	 
祃	0	0	0	0	 
祄	0	0	0	0	 
祅	9504	0	0	0	 
祆	0	0	0	0	 
祇	9042	0	0	0	 
祈	8591	0	0	0	 
祉	0	0	0	0	 
祊	0	0	0	0	 
祋	0	0	0	0	 
祌	0	0	0	0	 
祍	0	0	0	0	 
祎	0	0	0	0	 
祏	0	0	0	0	 
祐	0	0	0	0	 
祑	0	0	0	0	 
祒	9009	0	0	0	 
祓	0	0	0	0	 
祔	0	0	0	0	 
祕	9086	0	0	0	 
祖	8250	0	0	0	 
祗	0	0	0	0	 
祘	0	0	0	0	 
祙	8382	0	0	0	 
祚	8701	0	0	0	 
祛	8745	0	0	0	 
祜	8327	0	0	0	 
祝	9515	0	0	0	 
神	8866	0	0	0	 
祟	9196	0	0	0	 
祠	0	0	0	0	 
祡	8690	0	0	0	 
祢	0	0	0	0	 
祣	0	0	0	0	 
祤	9130	0	0	0	 
祥	0	0	0	0	 
祦	8976	0	0	0	 
祧	8888	0	0	0	 
票	0	0	0	0	 
祩	0	0	0	0	 
祪	0	0	0	0	 
祫	0	0	0	0	 
祬	8415	0	0	0	 
祭	0	0	0	0	 
祮	8657	0	0	0	 
祯	0	0	0	0	 
祰	0	0	0	0	 
祱	0	0	0	0	 
祲	0	0	0	0	 
祳	0	0	0	0	 
祴	0	0	0	0	 
祵	0	0	0	0	 
祶	8492	0	0	0	 
祷	8349	0	0	0	 
祸	9042	0	0	0	 
祺	0	0	0	0	 
祻	0	0	0	0	 
祼	0	0	0	0	 
祽	0	0	0	0	 
祾	0	0	0	0	 
祿	8987	0	0	0	 
禀	9053	0	0	0	 
禁	0	0	0	0	 
禃	8327	0	0	0	 
禄	9372	0	0	0	 
禅	0	0	0	0	 
禆	0	0	0	0	 
禇	0	0	0	0	 
禈	0	0	0	0	 
禉	8921	0	0	0	 
禊	0	0	0	0	 
禋	0	0	0	0	 
禌	0	0	0	0	 
禍	0	0	0	0	 
禎	9009	0	0	0	 
福	0	0	0	0	 
禐	0	0	0	0	 
禑	0	0	0	0	 
禒	0	0	0	0	 
禓	0	0	0	0	 
禔	0	0	0	0	 
禕	0	0	0	0	 
禖	0	0	0	0	 
禗	0	0	0	0	 
禘	0	0	0	0	 
禙	8668	0	0	0	 
禚	0	0	0	0	 
禛	0	0	0	0	 
禜	0	0	0	0	 
禝	0	0	0	0	 
禞	0	0	0	0	 
禟	0	0	0	0	 
禠	0	0	0	0	 
禡	0	0	0	0	 
禢	0	0	0	0	 
禣	0	0	0	0	 
禤	0	0	0	0	 
禥	0	0	0	0	 
禦	9460	0	0	0	 
禧	0	0	0	0	 
禨	0	0	0	0	 
禩	0	0	0	0	 
禪	0	0	0	0	 
禫	0	0	0	0	 
禬	0	0	0	0	 
禭	0	0	0	0	 
禮	0	0	0	0	 
禯	0	0	0	0	 
禰	0	0	0	0	 
禱	0	0	0	0	 
禲	8591	0	0	0	 
禳	0	0	0	0	 
禴	0	0	0	0	 
禵	12991	0	0	0	 
禶	0	0	0	0	 
禷	0	0	0	0	 
禸	8646	0	0	0	 
禹	8646	0	0	0	 
禺	8932	0	0	0	 
离	10175	0	0	0	 
禽	8833	0	0	0	 
禾	8811	0	0	0	 
秀	8910	0	0	0	 
私	0	0	0	0	 
秂	8569	0	0	0	 
秃	0	0	0	0	 
秄	0	0	0	0	 
秅	8899	0	0	0	 
秆	0	0	0	0	 
秈	8987	0	0	0	 
秉	9317	0	0	0	 
秋	0	0	0	0	 
秌	8481	0	0	0	 
种	0	0	0	0	 
秎	0	0	0	0	 
秏	0	0	0	0	 
秐	10010	0	0	0	 
科	0	0	0	0	 
秓	0	0	0	0	 
秔	8437	0	0	0	 
秕	0	0	0	0	 
秖	0	0	0	0	 
秗	8140	0	0	0	 
秘	0	0	0	0	 
秙	0	0	0	0	 
秚	0	0	0	0	 
秛	0	0	0	0	 
秜	0	0	0	0	 
秝	0	0	0	0	 
秞	8690	0	0	0	 
租	0	0	0	0	 
秠	0	0	0	0	 
秡	0	0	0	0	 
秢	8195	0	0	0	 
秣	8569	0	0	0	 
秤	10175	0	0	0	 
秦	8657	0	0	0	 
秧	0	0	0	0	 
秨	8074	0	0	0	 
秩	0	0	0	0	 
秪	9713	0	0	0	 
秫	0	0	0	0	 
秬	8745	0	0	0	 
秭	0	0	0	0	 
秮	10307	0	0	0	 
积	0	0	0	0	 
秲	0	0	0	0	 
秳	0	0	0	0	 
秴	0	0	0	0	 
秵	0	0	0	0	 
秶	0	0	0	0	 
秷	8239	0	0	0	 
秸	0	0	0	0	 
秺	8646	0	0	0	 
移	0	0	0	0	 
秼	8646	0	0	0	 
秽	0	0	0	0	 
秿	9097	0	0	0	 
稀	0	0	0	0	 
稁	8998	0	0	0	 
稂	8668	0	0	0	 
稃	0	0	0	0	 
稄	0	0	0	0	 
稅	9042	0	0	0	 
稆	0	0	0	0	 
稇	0	0	0	0	 
稈	0	0	0	0	 
稉	0	0	0	0	 
稊	9009	0	0	0	 
程	8756	0	0	0	 
稍	8932	0	0	0	 
税	0	0	0	0	 
稏	0	0	0	0	 
稐	0	0	0	0	 
稑	0	0	0	0	 
稒	0	0	0	0	 
稓	8734	0	0	0	 
稔	0	0	0	0	 
稕	0	0	0	0	 
稖	7942	0	0	0	 
稗	0	0	0	0	 
稙	8074	0	0	0	 
稚	0	0	0	0	 
稛	0	0	0	0	 
稜	0	0	0	0	 
稝	8492	0	0	0	 
稞	0	0	0	0	 
稟	9086	0	0	0	 
稠	0	0	0	0	 
稢	9196	0	0	0	 
稣	0	0	0	0	 
稤	0	0	0	0	 
稥	0	0	0	0	 
稦	0	0	0	0	 
稧	0	0	0	0	 
稨	0	0	0	0	 
稩	0	0	0	0	 
稪	0	0	0	0	 
稫	0	0	0	0	 
稬	0	0	0	0	 
稭	0	0	0	0	 
種	0	0	0	0	 
稯	0	0	0	0	 
稰	0	0	0	0	 
稱	0	0	0	0	 
稲	8855	0	0	0	 
稳	0	0	0	0	 
稴	0	0	0	0	 
稵	0	0	0	0	 
稶	8415	0	0	0	 
稷	9020	0	0	0	 
稹	7942	0	0	0	 
稻	10230	0	0	0	 
稼	8635	0	0	0	 
稿	0	0	0	0	 
穁	0	0	0	0	 
穂	0	0	0	0	 
穃	0	0	0	0	 
穄	0	0	0	0	 
穅	8261	0	0	0	 
穆	0	0	0	0	 
穇	12991	0	0	0	 
穈	0	0	0	0	 
穉	0	0	0	0	 
穊	0	0	0	0	 
穋	0	0	0	0	 
穌	0	0	0	0	 
積	0	0	0	0	 
穎	0	0	0	0	 
穏	0	0	0	0	 
穐	8602	0	0	0	 
穑	0	0	0	0	 
穓	0	0	0	0	 
穔	0	0	0	0	 
穕	0	0	0	0	 
穖	8866	0	0	0	 
穗	0	0	0	0	 
穘	0	0	0	0	 
穙	0	0	0	0	 
穚	0	0	0	0	 
穛	0	0	0	0	 
穜	0	0	0	0	 
穝	0	0	0	0	 
穞	0	0	0	0	 
穟	0	0	0	0	 
穠	0	0	0	0	 
穡	0	0	0	0	 
穢	0	0	0	0	 
穣	0	0	0	0	 
穤	0	0	0	0	 
穥	0	0	0	0	 
穦	0	0	0	0	 
穧	0	0	0	0	 
穨	0	0	0	0	 
穩	0	0	0	0	 
穪	0	0	0	0	 
穫	0	0	0	0	 
穬	0	0	0	0	 
穭	0	0	0	0	 
穮	0	0	0	0	 
穯	8591	0	0	0	 
穰	0	0	0	0	 
穲	0	0	0	0	 
穳	8877	0	0	0	 
穴	0	0	0	0	 
穵	9064	0	0	0	 
究	9757	0	0	0	 
穷	14586	0	0	0	 
穸	0	0	0	0	 
穼	0	0	0	0	 
穽	0	0	0	0	 
穾	9361	0	0	0	 
穿	11396	0	0	0	 
窀	0	0	0	0	 
窂	8888	0	0	0	 
窃	8756	0	0	0	 
窄	0	0	0	0	 
窅	8976	0	0	0	 
窆	9075	0	0	0	 
窈	0	0	0	0	 
窊	0	0	0	0	 
窋	0	0	0	0	 
窌	9009	0	0	0	 
窍	0	0	0	0	 
窎	0	0	0	0	 
窏	0	0	0	0	 
窐	9075	0	0	0	 
窑	8074	0	0	0	 
窒	0	0	0	0	 
窓	0	0	0	0	 
窔	13332	0	0	0	 
窕	9273	0	0	0	 
窘	0	0	0	0	 
窙	0	0	0	0	 
窚	0	0	0	0	 
窛	10780	0	0	0	 
窜	0	0	0	0	 
窞	10725	0	0	0	 
窟	0	0	0	0	 
窢	0	0	0	0	 
窣	0	0	0	0	 
窤	10241	0	0	0	 
窥	9867	0	0	0	 
窨	0	0	0	0	 
窪	0	0	0	0	 
窫	9702	0	0	0	 
窬	0	0	0	0	 
窮	0	0	0	0	 
窯	0	0	0	0	 
窰	0	0	0	0	 
窱	0	0	0	0	 
窲	8646	0	0	0	 
窳	0	0	0	0	 
窴	0	0	0	0	 
窵	0	0	0	0	 
窶	0	0	0	0	 
窷	0	0	0	0	 
窸	0	0	0	0	 
窹	0	0	0	0	 
窺	0	0	0	0	 
窻	0	0	0	0	 
窼	0	0	0	0	 
窽	0	0	0	0	 
窾	8998	0	0	0	 
窿	0	0	0	0	 
竀	0	0	0	0	 
竁	0	0	0	0	 
竂	0	0	0	0	 
竃	0	0	0	0	 
竄	0	0	0	0	 
竅	0	0	0	0	 
竆	0	0	0	0	 
竇	0	0	0	0	 
竈	0	0	0	0	 
竉	12991	0	0	0	 
竊	8327	0	0	0	 
立	0	0	0	0	 
竌	0	0	0	0	 
竍	0	0	0	0	 
竎	0	0	0	0	 
竏	0	0	0	0	 
竐	0	0	0	0	 
竑	0	0	0	0	 
竒	0	0	0	0	 
竓	0	0	0	0	 
竔	0	0	0	0	 
竕	9108	0	0	0	 
竖	0	0	0	0	 
竗	0	0	0	0	 
竘	8470	0	0	0	 
站	0	0	0	0	 
竚	0	0	0	0	 
竛	0	0	0	0	 
竜	0	0	0	0	 
竝	8602	0	0	0	 
竞	8349	0	0	0	 
竟	8514	0	0	0	 
章	0	0	0	0	 
竡	0	0	0	0	 
竢	9119	0	0	0	 
竣	0	0	0	0	 
竤	9031	0	0	0	 
童	9658	0	0	0	 
竦	0	0	0	0	 
竨	0	0	0	0	 
竩	0	0	0	0	 
竪	0	0	0	0	 
竫	0	0	0	0	 
竬	8316	0	0	0	 
竭	8932	0	0	0	 
端	0	0	0	0	 
竱	0	0	0	0	 
竲	0	0	0	0	 
竳	0	0	0	0	 
竴	0	0	0	0	 
竵	0	0	0	0	 
競	0	0	0	0	 
竷	0	0	0	0	 
竸	8932	0	0	0	 
竹	8932	0	0	0	 
竺	0	0	0	0	 
竻	0	0	0	0	 
竼	8646	0	0	0	 
竽	0	0	0	0	 
竾	8514	0	0	0	 
竿	0	0	0	0	 
笁	0	0	0	0	 
笂	8668	0	0	0	 
笃	8591	0	0	0	 
笄	0	0	0	0	 
笅	8052	0	0	0	 
笆	8954	0	0	0	 
笈	0	0	0	0	 
笉	8206	0	0	0	 
笊	10219	0	0	0	 
笋	0	0	0	0	 
笌	0	0	0	0	 
笍	0	0	0	0	 
笎	8745	0	0	0	 
笏	0	0	0	0	 
笐	9108	0	0	0	 
笑	0	0	0	0	 
笒	0	0	0	0	 
笓	10087	0	0	0	 
笔	0	0	0	0	 
笖	0	0	0	0	 
笗	0	0	0	0	 
笘	9031	0	0	0	 
笙	0	0	0	0	 
笚	8492	0	0	0	 
笛	0	0	0	0	 
笝	8712	0	0	0	 
笞	0	0	0	0	 
笟	8327	0	0	0	 
笠	0	0	0	0	 
笡	0	0	0	0	 
笢	0	0	0	0	 
笣	9317	0	0	0	 
笤	8734	0	0	0	 
笥	9009	0	0	0	 
符	8151	0	0	0	 
笨	0	0	0	0	 
笩	8470	0	0	0	 
笪	8745	0	0	0	 
笫	7942	0	0	0	 
第	8569	0	0	0	 
笮	0	0	0	0	 
笯	0	0	0	0	 
笰	8602	0	0	0	 
笱	0	0	0	0	 
笲	8943	0	0	0	 
笳	0	0	0	0	 
笴	0	0	0	0	 
笵	0	0	0	0	 
笶	0	0	0	0	 
笷	8899	0	0	0	 
笸	0	0	0	0	 
笹	8998	0	0	0	 
笺	8998	0	0	0	 
笼	8635	0	0	0	 
笾	0	0	0	0	 
笿	0	0	0	0	 
筀	0	0	0	0	 
筁	0	0	0	0	 
筂	0	0	0	0	 
筃	0	0	0	0	 
筄	9889	0	0	0	 
筅	0	0	0	0	 
筆	9757	0	0	0	 
筇	0	0	0	0	 
筈	8756	0	0	0	 
等	11814	0	0	0	 
筋	0	0	0	0	 
筍	0	0	0	0	 
筎	9064	0	0	0	 
筏	11077	0	0	0	 
筐	9031	0	0	0	 
筒	0	0	0	0	 
筓	8470	0	0	0	 
答	8646	0	0	0	 
策	8635	0	0	0	 
筘	0	0	0	0	 
筙	7887	0	0	0	 
筚	8767	0	0	0	 
筛	0	0	0	0	 
筜	8657	0	0	0	 
筝	0	0	0	0	 
筞	0	0	0	0	 
筟	9284	0	0	0	 
筠	0	0	0	0	 
筡	8899	0	0	0	 
筢	0	0	0	0	 
筣	0	0	0	0	 
筤	0	0	0	0	 
筥	12991	0	0	0	 
筦	0	0	0	0	 
筧	0	0	0	0	 
筨	0	0	0	0	 
筩	0	0	0	0	 
筪	0	0	0	0	 
筫	0	0	0	0	 
筬	0	0	0	0	 
筭	8349	0	0	0	 
筮	0	0	0	0	 
筯	0	0	0	0	 
筰	9713	0	0	0	 
筱	9053	0	0	0	 
筲	0	0	0	0	 
筳	0	0	0	0	 
筴	9163	0	0	0	 
筵	0	0	0	0	 
筶	8987	0	0	0	 
筷	9086	0	0	0	 
筹	8272	0	0	0	 
筻	0	0	0	0	 
筼	0	0	0	0	 
筽	9273	0	0	0	 
签	0	0	0	0	 
筿	9383	0	0	0	 
简	0	0	0	0	 
箂	0	0	0	0	 
箃	0	0	0	0	 
箄	7887	0	0	0	 
箅	0	0	0	0	 
箆	0	0	0	0	 
箇	0	0	0	0	 
箈	0	0	0	0	 
箉	0	0	0	0	 
箊	0	0	0	0	 
箋	0	0	0	0	 
箌	8327	0	0	0	 
箍	0	0	0	0	 
箎	0	0	0	0	 
箏	9174	0	0	0	 
箐	0	0	0	0	 
箑	0	0	0	0	 
箒	0	0	0	0	 
箓	8492	0	0	0	 
箔	8591	0	0	0	 
箕	0	0	0	0	 
箖	9449	0	0	0	 
算	0	0	0	0	 
箘	0	0	0	0	 
箙	0	0	0	0	 
箚	0	0	0	0	 
箛	9020	0	0	0	 
箜	9614	0	0	0	 
箝	0	0	0	0	 
箞	0	0	0	0	 
箟	0	0	0	0	 
箠	10890	0	0	0	 
管	0	0	0	0	 
箣	0	0	0	0	 
箤	0	0	0	0	 
箥	8569	0	0	0	 
箦	8888	0	0	0	 
箧	8272	0	0	0	 
箨	8074	0	0	0	 
箩	8459	0	0	0	 
箪	9317	0	0	0	 
箫	8470	0	0	0	 
箬	8800	0	0	0	 
箭	0	0	0	0	 
箯	0	0	0	0	 
箰	8800	0	0	0	 
箱	0	0	0	0	 
箲	0	0	0	0	 
箳	8657	0	0	0	 
箴	0	0	0	0	 
箵	0	0	0	0	 
箶	0	0	0	0	 
箷	8327	0	0	0	 
箸	0	0	0	0	 
箹	0	0	0	0	 
箺	0	0	0	0	 
箻	0	0	0	0	 
箼	0	0	0	0	 
箽	0	0	0	0	 
箾	0	0	0	0	 
箿	0	0	0	0	 
節	9493	0	0	0	 
篁	0	0	0	0	 
篂	0	0	0	0	 
篃	0	0	0	0	 
範	0	0	0	0	 
篅	9119	0	0	0	 
篆	9196	0	0	0	 
篇	0	0	0	0	 
篈	0	0	0	0	 
築	0	0	0	0	 
篊	0	0	0	0	 
篋	9229	0	0	0	 
篌	0	0	0	0	 
篍	0	0	0	0	 
篎	0	0	0	0	 
篏	0	0	0	0	 
篐	8855	0	0	0	 
篑	0	0	0	0	 
篒	8811	0	0	0	 
篓	0	0	0	0	 
篔	0	0	0	0	 
篕	0	0	0	0	 
篖	0	0	0	0	 
篗	0	0	0	0	 
篘	9999	0	0	0	 
篙	0	0	0	0	 
篛	0	0	0	0	 
篜	8239	0	0	0	 
篝	0	0	0	0	 
篞	0	0	0	0	 
篟	0	0	0	0	 
篠	9284	0	0	0	 
篡	0	0	0	0	 
篣	0	0	0	0	 
篤	8327	0	0	0	 
篥	7887	0	0	0	 
篦	0	0	0	0	 
篧	0	0	0	0	 
篨	0	0	0	0	 
篩	8954	0	0	0	 
篪	0	0	0	0	 
篫	0	0	0	0	 
篬	0	0	0	0	 
篭	8855	0	0	0	 
篮	0	0	0	0	 
篯	0	0	0	0	 
篰	8932	0	0	0	 
篱	12991	0	0	0	 
篳	0	0	0	0	 
篴	0	0	0	0	 
篵	0	0	0	0	 
篶	8965	0	0	0	 
篷	0	0	0	0	 
篸	0	0	0	0	 
篹	0	0	0	0	 
篺	0	0	0	0	 
篻	8184	0	0	0	 
篼	0	0	0	0	 
篽	8140	0	0	0	 
篾	0	0	0	0	 
篿	0	0	0	0	 
簀	0	0	0	0	 
簁	0	0	0	0	 
簂	0	0	0	0	 
簃	0	0	0	0	 
簄	0	0	0	0	 
簅	0	0	0	0	 
簆	8976	0	0	0	 
簇	0	0	0	0	 
簉	0	0	0	0	 
簊	8855	0	0	0	 
簋	8987	0	0	0	 
簌	0	0	0	0	 
簍	0	0	0	0	 
簎	8327	0	0	0	 
簏	0	0	0	0	 
簐	0	0	0	0	 
簑	0	0	0	0	 
簒	0	0	0	0	 
簓	0	0	0	0	 
簔	0	0	0	0	 
簕	8767	0	0	0	 
簖	0	0	0	0	 
簗	0	0	0	0	 
簘	0	0	0	0	 
簙	0	0	0	0	 
簚	0	0	0	0	 
簛	0	0	0	0	 
簜	0	0	0	0	 
簝	0	0	0	0	 
簞	8822	0	0	0	 
簟	0	0	0	0	 
簡	0	0	0	0	 
簢	0	0	0	0	 
簣	0	0	0	0	 
簤	0	0	0	0	 
簥	10879	0	0	0	 
簦	0	0	0	0	 
簩	8811	0	0	0	 
簪	0	0	0	0	 
簬	0	0	0	0	 
簭	0	0	0	0	 
簮	0	0	0	0	 
簯	0	0	0	0	 
簰	0	0	0	0	 
簱	0	0	0	0	 
簲	0	0	0	0	 
簳	0	0	0	0	 
簴	0	0	0	0	 
簵	0	0	0	0	 
簶	0	0	0	0	 
簷	8492	0	0	0	 
簸	0	0	0	0	 
簺	0	0	0	0	 
簻	0	0	0	0	 
簼	0	0	0	0	 
簽	0	0	0	0	 
簾	7755	0	0	0	 
簿	9405	0	0	0	 
籀	0	0	0	0	 
籃	0	0	0	0	 
籄	0	0	0	0	 
籅	0	0	0	0	 
籆	0	0	0	0	 
籇	0	0	0	0	 
籈	0	0	0	0	 
籉	0	0	0	0	 
籊	0	0	0	0	 
籋	0	0	0	0	 
籌	8954	0	0	0	 
籍	0	0	0	0	 
籎	0	0	0	0	 
籏	0	0	0	0	 
籐	0	0	0	0	 
籑	0	0	0	0	 
籒	0	0	0	0	 
籓	0	0	0	0	 
籔	0	0	0	0	 
籕	0	0	0	0	 
籖	0	0	0	0	 
籗	0	0	0	0	 
籘	0	0	0	0	 
籙	0	0	0	0	 
籚	0	0	0	0	 
籛	0	0	0	0	 
籜	0	0	0	0	 
籝	0	0	0	0	 
籞	0	0	0	0	 
籟	0	0	0	0	 
籠	0	0	0	0	 
籡	0	0	0	0	 
籢	0	0	0	0	 
籣	12991	0	0	0	 
籤	0	0	0	0	 
籥	0	0	0	0	 
籦	0	0	0	0	 
籧	0	0	0	0	 
籨	0	0	0	0	 
籩	0	0	0	0	 
籪	0	0	0	0	 
籫	0	0	0	0	 
籬	0	0	0	0	 
籭	0	0	0	0	 
籮	0	0	0	0	 
籯	0	0	0	0	 
籰	0	0	0	0	 
籱	0	0	0	0	 
籲	8690	0	0	0	 
米	8492	0	0	0	 
籴	0	0	0	0	 
籵	0	0	0	0	 
籶	0	0	0	0	 
籷	0	0	0	0	 
籸	0	0	0	0	 
籹	0	0	0	0	 
籺	10252	0	0	0	 
类	8745	0	0	0	 
籽	0	0	0	0	 
籾	0	0	0	0	 
籿	0	0	0	0	 
粀	0	0	0	0	 
粁	0	0	0	0	 
粂	0	0	0	0	 
粃	0	0	0	0	 
粄	0	0	0	0	 
粅	0	0	0	0	 
粆	0	0	0	0	 
粇	0	0	0	0	 
粈	9273	0	0	0	 
粉	0	0	0	0	 
粋	0	0	0	0	 
粌	0	0	0	0	 
粍	0	0	0	0	 
粎	0	0	0	0	 
粏	0	0	0	0	 
粐	8052	0	0	0	 
粑	8327	0	0	0	 
粒	0	0	0	0	 
粓	0	0	0	0	 
粔	8426	0	0	0	 
粕	0	0	0	0	 
粖	10725	0	0	0	 
粗	0	0	0	0	 
粙	0	0	0	0	 
粚	0	0	0	0	 
粛	8800	0	0	0	 
粜	8327	0	0	0	 
粝	9097	0	0	0	 
粞	8987	0	0	0	 
粟	0	0	0	0	 
粠	0	0	0	0	 
粡	8404	0	0	0	 
粢	0	0	0	0	 
粣	8063	0	0	0	 
粤	8448	0	0	0	 
粥	0	0	0	0	 
粦	0	0	0	0	 
粧	0	0	0	0	 
粨	0	0	0	0	 
粩	8756	0	0	0	 
粪	0	0	0	0	 
粬	0	0	0	0	 
粭	9559	0	0	0	 
粮	0	0	0	0	 
粯	0	0	0	0	 
粰	9559	0	0	0	 
粱	8943	0	0	0	 
粲	8789	0	0	0	 
粳	0	0	0	0	 
粴	0	0	0	0	 
粵	0	0	0	0	 
粶	0	0	0	0	 
粷	0	0	0	0	 
粸	8888	0	0	0	 
粹	0	0	0	0	 
粻	9427	0	0	0	 
粼	8635	0	0	0	 
粽	8789	0	0	0	 
精	0	0	0	0	 
粿	0	0	0	0	 
糀	9174	0	0	0	 
糁	0	0	0	0	 
糂	0	0	0	0	 
糃	0	0	0	0	 
糄	8866	0	0	0	 
糅	0	0	0	0	 
糆	9229	0	0	0	 
糇	9537	0	0	0	 
糈	0	0	0	0	 
糉	9350	0	0	0	 
糊	8811	0	0	0	 
糌	9196	0	0	0	 
糍	0	0	0	0	 
糎	0	0	0	0	 
糏	0	0	0	0	 
糐	0	0	0	0	 
糑	0	0	0	0	 
糒	0	0	0	0	 
糓	0	0	0	0	 
糔	10912	0	0	0	 
糕	9713	0	0	0	 
糗	0	0	0	0	 
糘	9020	0	0	0	 
糙	0	0	0	0	 
糛	8525	0	0	0	 
糜	0	0	0	0	 
糝	0	0	0	0	 
糞	8547	0	0	0	 
糟	9020	0	0	0	 
糠	0	0	0	0	 
糡	0	0	0	0	 
糢	0	0	0	0	 
糣	0	0	0	0	 
糤	0	0	0	0	 
糥	0	0	0	0	 
糦	0	0	0	0	 
糧	8404	0	0	0	 
糨	0	0	0	0	 
糩	0	0	0	0	 
糪	0	0	0	0	 
糫	0	0	0	0	 
糬	0	0	0	0	 
糭	12991	0	0	0	 
糮	8558	0	0	0	 
糯	0	0	0	0	 
糰	0	0	0	0	 
糱	0	0	0	0	 
糲	0	0	0	0	 
糳	0	0	0	0	 
糴	0	0	0	0	 
糵	0	0	0	0	 
糶	0	0	0	0	 
糷	8140	0	0	0	 
糸	0	0	0	0	 
糹	0	0	0	0	 
糺	8921	0	0	0	 
系	0	0	0	0	 
糼	0	0	0	0	 
糽	0	0	0	0	 
糾	0	0	0	0	 
糿	0	0	0	0	 
紀	0	0	0	0	 
紁	0	0	0	0	 
紂	0	0	0	0	 
紃	0	0	0	0	 
約	0	0	0	0	 
紅	0	0	0	0	 
紆	0	0	0	0	 
紇	0	0	0	0	 
紈	0	0	0	0	 
紉	8855	0	0	0	 
紊	0	0	0	0	 
紋	0	0	0	0	 
紌	0	0	0	0	 
納	0	0	0	0	 
紎	0	0	0	0	 
紏	0	0	0	0	 
紐	0	0	0	0	 
紑	0	0	0	0	 
紒	0	0	0	0	 
紓	0	0	0	0	 
純	0	0	0	0	 
紕	0	0	0	0	 
紖	0	0	0	0	 
紗	0	0	0	0	 
紘	0	0	0	0	 
紙	0	0	0	0	 
級	0	0	0	0	 
紛	0	0	0	0	 
紜	0	0	0	0	 
紝	0	0	0	0	 
紞	0	0	0	0	 
紟	8987	0	0	0	 
素	0	0	0	0	 
紡	9262	0	0	0	 
索	0	0	0	0	 
紣	0	0	0	0	 
紤	0	0	0	0	 
紥	0	0	0	0	 
紦	9526	0	0	0	 
紧	0	0	0	0	 
紩	0	0	0	0	 
紪	8745	0	0	0	 
紫	0	0	0	0	 
紬	0	0	0	0	 
紭	0	0	0	0	 
紮	8206	0	0	0	 
累	0	0	0	0	 
紱	0	0	0	0	 
紲	0	0	0	0	 
紳	0	0	0	0	 
紴	0	0	0	0	 
紵	0	0	0	0	 
紶	0	0	0	0	 
紷	0	0	0	0	 
紸	0	0	0	0	 
紹	0	0	0	0	 
紺	0	0	0	0	 
紻	0	0	0	0	 
紼	0	0	0	0	 
紽	0	0	0	0	 
紾	0	0	0	0	 
紿	0	0	0	0	 
絀	0	0	0	0	 
絁	0	0	0	0	 
終	0	0	0	0	 
絃	0	0	0	0	 
組	0	0	0	0	 
絅	0	0	0	0	 
絆	0	0	0	0	 
絇	0	0	0	0	 
絈	0	0	0	0	 
絉	0	0	0	0	 
絊	0	0	0	0	 
絋	0	0	0	0	 
経	0	0	0	0	 
絍	0	0	0	0	 
絎	0	0	0	0	 
絏	0	0	0	0	 
結	0	0	0	0	 
絑	0	0	0	0	 
絒	0	0	0	0	 
絓	0	0	0	0	 
絔	0	0	0	0	 
絕	0	0	0	0	 
絖	12991	0	0	0	 
絗	0	0	0	0	 
絘	0	0	0	0	 
絙	0	0	0	0	 
絚	0	0	0	0	 
絛	0	0	0	0	 
絜	0	0	0	0	 
絝	0	0	0	0	 
絞	0	0	0	0	 
絟	0	0	0	0	 
絠	0	0	0	0	 
絡	0	0	0	0	 
絢	0	0	0	0	 
絣	0	0	0	0	 
絤	0	0	0	0	 
絥	0	0	0	0	 
給	0	0	0	0	 
絧	0	0	0	0	 
絨	0	0	0	0	 
絩	0	0	0	0	 
絪	0	0	0	0	 
絫	0	0	0	0	 
絬	0	0	0	0	 
絭	8987	0	0	0	 
絮	0	0	0	0	 
絯	0	0	0	0	 
絰	0	0	0	0	 
統	0	0	0	0	 
絲	0	0	0	0	 
絳	0	0	0	0	 
絴	0	0	0	0	 
絵	0	0	0	0	 
絶	8591	0	0	0	 
絷	0	0	0	0	 
絸	0	0	0	0	 
絹	0	0	0	0	 
絺	0	0	0	0	 
絻	0	0	0	0	 
絼	0	0	0	0	 
絽	0	0	0	0	 
絾	0	0	0	0	 
絿	0	0	0	0	 
綀	0	0	0	0	 
綁	0	0	0	0	 
綂	0	0	0	0	 
綃	0	0	0	0	 
綄	0	0	0	0	 
綅	0	0	0	0	 
綆	0	0	0	0	 
綇	0	0	0	0	 
綈	0	0	0	0	 
綉	0	0	0	0	 
綊	0	0	0	0	 
綋	0	0	0	0	 
綌	0	0	0	0	 
綍	0	0	0	0	 
綎	0	0	0	0	 
綏	0	0	0	0	 
綐	0	0	0	0	 
綑	0	0	0	0	 
綒	0	0	0	0	 
經	0	0	0	0	 
綔	0	0	0	0	 
綕	0	0	0	0	 
綖	0	0	0	0	 
綗	0	0	0	0	 
綘	0	0	0	0	 
継	0	0	0	0	 
続	0	0	0	0	 
綛	0	0	0	0	 
綜	0	0	0	0	 
綝	0	0	0	0	 
綞	0	0	0	0	 
綟	0	0	0	0	 
綠	0	0	0	0	 
綡	0	0	0	0	 
綢	0	0	0	0	 
綣	0	0	0	0	 
綤	0	0	0	0	 
綥	9042	0	0	0	 
綦	0	0	0	0	 
綧	0	0	0	0	 
綨	0	0	0	0	 
綩	0	0	0	0	 
綪	0	0	0	0	 
綫	0	0	0	0	 
綬	0	0	0	0	 
維	9174	0	0	0	 
綮	0	0	0	0	 
綯	0	0	0	0	 
綰	0	0	0	0	 
綱	0	0	0	0	 
網	0	0	0	0	 
綳	0	0	0	0	 
綴	0	0	0	0	 
綵	0	0	0	0	 
綶	0	0	0	0	 
綷	0	0	0	0	 
綸	0	0	0	0	 
綹	0	0	0	0	 
綺	12991	0	0	0	 
綻	0	0	0	0	 
綼	0	0	0	0	 
綽	0	0	0	0	 
綾	0	0	0	0	 
綿	0	0	0	0	 
緀	0	0	0	0	 
緁	0	0	0	0	 
緂	0	0	0	0	 
緃	0	0	0	0	 
緄	0	0	0	0	 
緅	0	0	0	0	 
緆	0	0	0	0	 
緇	0	0	0	0	 
緈	0	0	0	0	 
緉	0	0	0	0	 
緊	0	0	0	0	 
緋	0	0	0	0	 
緌	0	0	0	0	 
緍	0	0	0	0	 
緎	0	0	0	0	 
総	0	0	0	0	 
緐	0	0	0	0	 
緑	0	0	0	0	 
緒	0	0	0	0	 
緓	0	0	0	0	 
緔	0	0	0	0	 
緕	0	0	0	0	 
緖	0	0	0	0	 
緗	0	0	0	0	 
緘	0	0	0	0	 
緙	0	0	0	0	 
線	0	0	0	0	 
緛	0	0	0	0	 
緜	0	0	0	0	 
緝	0	0	0	0	 
緞	0	0	0	0	 
緟	0	0	0	0	 
締	0	0	0	0	 
緡	0	0	0	0	 
緢	0	0	0	0	 
緣	0	0	0	0	 
緤	0	0	0	0	 
緥	0	0	0	0	 
緦	0	0	0	0	 
緧	0	0	0	0	 
編	0	0	0	0	 
緩	0	0	0	0	 
緪	0	0	0	0	 
緫	0	0	0	0	 
緬	0	0	0	0	 
緭	0	0	0	0	 
緮	0	0	0	0	 
緯	0	0	0	0	 
緰	0	0	0	0	 
緱	0	0	0	0	 
緲	0	0	0	0	 
緳	0	0	0	0	 
練	0	0	0	0	 
緵	0	0	0	0	 
緶	0	0	0	0	 
緷	0	0	0	0	 
緸	0	0	0	0	 
緹	0	0	0	0	 
緺	0	0	0	0	 
緻	0	0	0	0	 
緼	0	0	0	0	 
緽	0	0	0	0	 
緾	0	0	0	0	 
緿	0	0	0	0	 
縀	0	0	0	0	 
縁	0	0	0	0	 
縂	0	0	0	0	 
縃	0	0	0	0	 
縄	0	0	0	0	 
縅	0	0	0	0	 
縆	0	0	0	0	 
縇	0	0	0	0	 
縈	0	0	0	0	 
縉	0	0	0	0	 
縊	0	0	0	0	 
縋	0	0	0	0	 
縌	0	0	0	0	 
縍	0	0	0	0	 
縎	0	0	0	0	 
縏	0	0	0	0	 
縐	0	0	0	0	 
縑	0	0	0	0	 
縒	0	0	0	0	 
縓	0	0	0	0	 
縔	0	0	0	0	 
縕	0	0	0	0	 
縖	0	0	0	0	 
縗	0	0	0	0	 
縘	0	0	0	0	 
縙	0	0	0	0	 
縚	12991	0	0	0	 
縛	0	0	0	0	 
縜	0	0	0	0	 
縝	0	0	0	0	 
縞	0	0	0	0	 
縟	0	0	0	0	 
縠	0	0	0	0	 
縡	0	0	0	0	 
縢	0	0	0	0	 
縣	0	0	0	0	 
縤	0	0	0	0	 
縥	0	0	0	0	 
縦	0	0	0	0	 
縧	0	0	0	0	 
縨	0	0	0	0	 
縩	0	0	0	0	 
縪	0	0	0	0	 
縫	0	0	0	0	 
縬	0	0	0	0	 
縭	0	0	0	0	 
縮	0	0	0	0	 
縯	0	0	0	0	 
縰	0	0	0	0	 
縱	0	0	0	0	 
縲	0	0	0	0	 
縳	0	0	0	0	 
縴	0	0	0	0	 
縵	0	0	0	0	 
縶	0	0	0	0	 
縷	0	0	0	0	 
縸	0	0	0	0	 
縹	0	0	0	0	 
縺	8789	0	0	0	 
縻	0	0	0	0	 
縼	0	0	0	0	 
總	0	0	0	0	 
績	0	0	0	0	 
縿	0	0	0	0	 
繀	9614	0	0	0	 
繁	0	0	0	0	 
繂	0	0	0	0	 
繃	0	0	0	0	 
繄	0	0	0	0	 
繅	0	0	0	0	 
繆	9075	0	0	0	 
繇	0	0	0	0	 
繈	0	0	0	0	 
繉	0	0	0	0	 
繊	0	0	0	0	 
繋	0	0	0	0	 
繌	0	0	0	0	 
繍	0	0	0	0	 
繎	0	0	0	0	 
繏	0	0	0	0	 
繐	0	0	0	0	 
繑	0	0	0	0	 
繒	0	0	0	0	 
繓	0	0	0	0	 
織	0	0	0	0	 
繕	0	0	0	0	 
繖	0	0	0	0	 
繗	0	0	0	0	 
繘	0	0	0	0	 
繙	0	0	0	0	 
繚	0	0	0	0	 
繛	0	0	0	0	 
繜	0	0	0	0	 
繝	0	0	0	0	 
繞	0	0	0	0	 
繟	0	0	0	0	 
繠	0	0	0	0	 
繡	0	0	0	0	 
繢	0	0	0	0	 
繣	0	0	0	0	 
繤	0	0	0	0	 
繥	0	0	0	0	 
繦	0	0	0	0	 
繧	0	0	0	0	 
繨	0	0	0	0	 
繩	0	0	0	0	 
繪	0	0	0	0	 
繫	0	0	0	0	 
繬	0	0	0	0	 
繭	0	0	0	0	 
繮	0	0	0	0	 
繯	0	0	0	0	 
繰	0	0	0	0	 
繱	0	0	0	0	 
繲	0	0	0	0	 
繳	0	0	0	0	 
繴	0	0	0	0	 
繵	0	0	0	0	 
繶	0	0	0	0	 
繷	0	0	0	0	 
繸	0	0	0	0	 
繹	0	0	0	0	 
繺	0	0	0	0	 
繻	0	0	0	0	 
繼	0	0	0	0	 
繽	12991	0	0	0	 
繾	0	0	0	0	 
繿	0	0	0	0	 
纀	0	0	0	0	 
纁	9592	0	0	0	 
纂	0	0	0	0	 
纃	0	0	0	0	 
纄	0	0	0	0	 
纅	0	0	0	0	 
纆	0	0	0	0	 
纇	0	0	0	0	 
纈	0	0	0	0	 
纉	0	0	0	0	 
纊	0	0	0	0	 
纋	0	0	0	0	 
續	0	0	0	0	 
纍	0	0	0	0	 
纎	0	0	0	0	 
纏	0	0	0	0	 
纐	0	0	0	0	 
纑	0	0	0	0	 
纒	0	0	0	0	 
纓	0	0	0	0	 
纔	0	0	0	0	 
纕	0	0	0	0	 
纖	0	0	0	0	 
纗	0	0	0	0	 
纘	0	0	0	0	 
纙	0	0	0	0	 
纚	7942	0	0	0	 
纛	0	0	0	0	 
纜	0	0	0	0	 
纝	0	0	0	0	 
纞	14575	0	0	0	 
纟	9064	0	0	0	 
纠	8250	0	0	0	 
纡	10769	0	0	0	 
红	9504	0	0	0	 
纤	7898	0	0	0	 
纥	8063	0	0	0	 
约	8954	0	0	0	 
级	9020	0	0	0	 
纨	9185	0	0	0	 
纩	9680	0	0	0	 
纪	8789	0	0	0	 
纬	9482	0	0	0	 
纭	9988	0	0	0	 
纯	10362	0	0	0	 
纰	10120	0	0	0	 
纲	0	0	0	0	 
纴	8635	0	0	0	 
纵	8811	0	0	0	 
纶	10901	0	0	0	 
纷	8855	0	0	0	 
纹	9130	0	0	0	 
纺	0	0	0	0	 
纼	8877	0	0	0	 
纽	11121	0	0	0	 
纾	14135	0	0	0	 
绀	9086	0	0	0	 
组	9174	0	0	0	 
绅	8921	0	0	0	 
细	8250	0	0	0	 
织	8657	0	0	0	 
终	17358	0	0	0	 
绉	8041	0	0	0	 
绎	8525	0	0	0	 
经	12540	0	0	0	 
绐	12034	0	0	0	 
结	0	0	0	0	 
绖	15400	0	0	0	 
绗	9647	0	0	0	 
绛	12485	0	0	0	 
绝	16214	0	0	0	 
绠	0	0	0	0	 
绤	9273	0	0	0	 
绥	8514	0	0	0	 
绦	11616	0	0	0	 
继	8987	0	0	0	 
绪	9306	0	0	0	 
绫	8987	0	0	0	 
续	20746	0	0	0	 
绮	8789	0	0	0	 
维	9174	0	0	0	 
绵	10637	0	0	0	 
绶	9086	0	0	0	 
绸	13937	0	0	0	 
绺	8470	0	0	0	 
绽	10032	0	0	0	 
绾	8712	0	0	0	 
缀	17996	0	0	0	 
缁	14344	0	0	0	 
缆	0	0	0	0	 
缊	8646	0	0	0	 
缋	8910	0	0	0	 
缌	12727	0	0	0	 
缍	0	0	0	0	 
缐	8239	0	0	0	 
缑	8712	0	0	0	 
缒	9724	0	0	0	 
缓	9768	0	0	0	 
缔	10527	0	0	0	 
编	9405	0	0	0	 
缘	9053	0	0	0	 
缙	8492	0	0	0	 
缚	8085	0	0	0	 
缛	9020	0	0	0	 
缜	9273	0	0	0	 
缝	8635	0	0	0	 
缟	10824	0	0	0	 
缠	8041	0	0	0	 
缢	8998	0	0	0	 
缣	8767	0	0	0	 
缤	9075	0	0	0	 
缥	8338	0	0	0	 
缦	8756	0	0	0	 
缧	8514	0	0	0	 
缨	9097	0	0	0	 
缩	8316	0	0	0	 
缪	9053	0	0	0	 
缫	9031	0	0	0	 
缬	8976	0	0	0	 
缭	9185	0	0	0	 
缮	8811	0	0	0	 
缯	8580	0	0	0	 
缰	9614	0	0	0	 
缱	8910	0	0	0	 
缲	9724	0	0	0	 
缳	10967	0	0	0	 
缴	9229	0	0	0	 
缶	8448	0	0	0	 
缸	8833	0	0	0	 
缺	0	0	0	0	 
缻	0	0	0	0	 
缼	0	0	0	0	 
缽	0	0	0	0	 
缾	0	0	0	0	 
缿	0	0	0	0	 
罀	0	0	0	0	 
罁	8514	0	0	0	 
罂	9174	0	0	0	 
罄	8910	0	0	0	 
罅	0	0	0	0	 
罆	0	0	0	0	 
罇	0	0	0	0	 
罈	0	0	0	0	 
罉	0	0	0	0	 
罊	0	0	0	0	 
罋	0	0	0	0	 
罌	0	0	0	0	 
罍	0	0	0	0	 
罎	0	0	0	0	 
罏	10483	0	0	0	 
罐	0	0	0	0	 
罒	0	0	0	0	 
罓	8789	0	0	0	 
罔	9273	0	0	0	 
罕	0	0	0	0	 
罖	8074	0	0	0	 
罗	9009	0	0	0	 
罘	9064	0	0	0	 
罚	0	0	0	0	 
罛	0	0	0	0	 
罜	0	0	0	0	 
罝	0	0	0	0	 
罞	8723	0	0	0	 
罟	10285	0	0	0	 
罡	0	0	0	0	 
罤	0	0	0	0	 
罥	0	0	0	0	 
罦	0	0	0	0	 
罧	10384	0	0	0	 
罨	8679	0	0	0	 
罪	0	0	0	0	 
罫	0	0	0	0	 
罬	0	0	0	0	 
罭	8074	0	0	0	 
置	0	0	0	0	 
罯	0	0	0	0	 
罰	11198	0	0	0	 
罱	0	0	0	0	 
罳	8745	0	0	0	 
罴	0	0	0	0	 
罶	0	0	0	0	 
罷	0	0	0	0	 
罸	8932	0	0	0	 
罹	0	0	0	0	 
罻	0	0	0	0	 
罼	0	0	0	0	 
罽	8811	0	0	0	 
罾	0	0	0	0	 
罿	0	0	0	0	 
羀	8591	0	0	0	 
羁	0	0	0	0	 
羃	0	0	0	0	 
羄	0	0	0	0	 
羅	12991	0	0	0	 
羆	0	0	0	0	 
羇	0	0	0	0	 
羈	0	0	0	0	 
羉	8998	0	0	0	 
羊	0	0	0	0	 
羋	9130	0	0	0	 
羌	0	0	0	0	 
羍	8525	0	0	0	 
美	0	0	0	0	 
羏	0	0	0	0	 
羐	0	0	0	0	 
羑	0	0	0	0	 
羒	0	0	0	0	 
羓	8250	0	0	0	 
羔	0	0	0	0	 
羖	0	0	0	0	 
羗	0	0	0	0	 
羘	0	0	0	0	 
羙	9306	0	0	0	 
羚	0	0	0	0	 
羜	8129	0	0	0	 
羝	8921	0	0	0	 
羞	9471	0	0	0	 
羟	0	0	0	0	 
羠	9306	0	0	0	 
羡	0	0	0	0	 
羢	0	0	0	0	 
羣	9526	0	0	0	 
群	0	0	0	0	 
羥	0	0	0	0	 
羦	9097	0	0	0	 
羧	0	0	0	0	 
羨	0	0	0	0	 
義	0	0	0	0	 
羪	0	0	0	0	 
羫	0	0	0	0	 
羬	0	0	0	0	 
羭	0	0	0	0	 
羮	8525	0	0	0	 
羯	9339	0	0	0	 
羰	0	0	0	0	 
羱	9097	0	0	0	 
羲	0	0	0	0	 
羳	0	0	0	0	 
羴	0	0	0	0	 
羵	0	0	0	0	 
羶	0	0	0	0	 
羷	8756	0	0	0	 
羸	8448	0	0	0	 
羹	0	0	0	0	 
羺	0	0	0	0	 
羻	8877	0	0	0	 
羼	8646	0	0	0	 
羽	0	0	0	0	 
羾	8041	0	0	0	 
羿	0	0	0	0	 
翀	8514	0	0	0	 
翁	0	0	0	0	 
翂	0	0	0	0	 
翃	0	0	0	0	 
翄	8591	0	0	0	 
翅	0	0	0	0	 
翇	0	0	0	0	 
翈	0	0	0	0	 
翉	8041	0	0	0	 
翊	8041	0	0	0	 
翌	0	0	0	0	 
翍	9306	0	0	0	 
翎	0	0	0	0	 
翏	0	0	0	0	 
翐	0	0	0	0	 
翑	0	0	0	0	 
習	0	0	0	0	 
翓	9130	0	0	0	 
翔	9097	0	0	0	 
翕	0	0	0	0	 
翖	0	0	0	0	 
翗	9009	0	0	0	 
翘	0	0	0	0	 
翙	0	0	0	0	 
翚	0	0	0	0	 
翛	0	0	0	0	 
翜	0	0	0	0	 
翝	0	0	0	0	 
翞	11935	0	0	0	 
翟	0	0	0	0	 
翢	0	0	0	0	 
翣	0	0	0	0	 
翤	8327	0	0	0	 
翥	9383	0	0	0	 
翦	0	0	0	0	 
翧	0	0	0	0	 
翨	9196	0	0	0	 
翩	0	0	0	0	 
翪	0	0	0	0	 
翫	0	0	0	0	 
翬	0	0	0	0	 
翭	8833	0	0	0	 
翮	0	0	0	0	 
翯	8756	0	0	0	 
翰	8415	0	0	0	 
翱	0	0	0	0	 
翲	8041	0	0	0	 
翳	0	0	0	0	 
翴	0	0	0	0	 
翵	0	0	0	0	 
翶	0	0	0	0	 
翷	0	0	0	0	 
翸	0	0	0	0	 
翹	0	0	0	0	 
翺	9218	0	0	0	 
翻	8041	0	0	0	 
翼	0	0	0	0	 
翽	0	0	0	0	 
翾	0	0	0	0	 
翿	8470	0	0	0	 
耀	8844	0	0	0	 
老	9130	0	0	0	 
考	9735	0	0	0	 
耄	9042	0	0	0	 
耆	0	0	0	0	 
耇	0	0	0	0	 
耈	0	0	0	0	 
耉	0	0	0	0	 
耊	8734	0	0	0	 
耋	10659	0	0	0	 
而	0	0	0	0	 
耎	0	0	0	0	 
耏	8404	0	0	0	 
耐	0	0	0	0	 
耑	8756	0	0	0	 
耒	0	0	0	0	 
耓	8745	0	0	0	 
耔	10384	0	0	0	 
耕	10450	0	0	0	 
耗	7876	0	0	0	 
耙	0	0	0	0	 
耛	8734	0	0	0	 
耜	0	0	0	0	 
耝	0	0	0	0	 
耞	12991	0	0	0	 
耟	8437	0	0	0	 
耠	0	0	0	0	 
耡	8261	0	0	0	 
耢	0	0	0	0	 
耣	0	0	0	0	 
耤	9339	0	0	0	 
耥	8382	0	0	0	 
耦	8811	0	0	0	 
耧	8404	0	0	0	 
耨	8921	0	0	0	 
耩	9108	0	0	0	 
耪	0	0	0	0	 
耫	0	0	0	0	 
耬	0	0	0	0	 
耭	0	0	0	0	 
耮	0	0	0	0	 
耯	0	0	0	0	 
耰	8195	0	0	0	 
耱	0	0	0	0	 
耲	8272	0	0	0	 
耳	8679	0	0	0	 
耵	8393	0	0	0	 
耶	8107	0	0	0	 
耷	9658	0	0	0	 
耸	0	0	0	0	 
耹	0	0	0	0	 
耺	8954	0	0	0	 
耻	8459	0	0	0	 
耽	0	0	0	0	 
耾	8811	0	0	0	 
耿	0	0	0	0	 
聀	0	0	0	0	 
聁	8228	0	0	0	 
聂	8459	0	0	0	 
聃	0	0	0	0	 
聄	0	0	0	0	 
聅	9306	0	0	0	 
聆	0	0	0	0	 
聇	0	0	0	0	 
聈	0	0	0	0	 
聉	12606	0	0	0	 
聊	9449	0	0	0	 
聍	0	0	0	0	 
聎	0	0	0	0	 
聏	0	0	0	0	 
聐	0	0	0	0	 
聑	8030	0	0	0	 
聒	0	0	0	0	 
聓	9075	0	0	0	 
联	0	0	0	0	 
聕	0	0	0	0	 
聖	0	0	0	0	 
聗	8987	0	0	0	 
聘	0	0	0	0	 
聙	8481	0	0	0	 
聚	0	0	0	0	 
聜	0	0	0	0	 
聝	0	0	0	0	 
聞	0	0	0	0	 
聟	0	0	0	0	 
聠	0	0	0	0	 
聡	0	0	0	0	 
聢	0	0	0	0	 
聣	0	0	0	0	 
聤	0	0	0	0	 
聥	0	0	0	0	 
聦	0	0	0	0	 
聧	0	0	0	0	 
聨	8855	0	0	0	 
聩	9306	0	0	0	 
聪	0	0	0	0	 
聬	0	0	0	0	 
聭	0	0	0	0	 
聮	0	0	0	0	 
聯	0	0	0	0	 
聰	8415	0	0	0	 
聱	0	0	0	0	 
聲	0	0	0	0	 
聳	0	0	0	0	 
聴	0	0	0	0	 
聵	0	0	0	0	 
聶	0	0	0	0	 
職	0	0	0	0	 
聸	0	0	0	0	 
聹	0	0	0	0	 
聺	0	0	0	0	 
聻	0	0	0	0	 
聼	0	0	0	0	 
聽	0	0	0	0	 
聾	16291	0	0	0	 
聿	0	0	0	0	 
肂	8987	0	0	0	 
肃	8041	0	0	0	 
肄	0	0	0	0	 
肅	8734	0	0	0	 
肆	8206	0	0	0	 
肇	0	0	0	0	 
肈	8261	0	0	0	 
肉	0	0	0	0	 
肊	9757	0	0	0	 
肋	0	0	0	0	 
肍	0	0	0	0	 
肎	0	0	0	0	 
肏	0	0	0	0	 
肐	0	0	0	0	 
肑	0	0	0	0	 
肒	9152	0	0	0	 
肓	0	0	0	0	 
肔	0	0	0	0	 
肕	9317	0	0	0	 
肖	0	0	0	0	 
肗	8811	0	0	0	 
肘	0	0	0	0	 
肙	12628	0	0	0	 
肚	8514	0	0	0	 
肝	10131	0	0	0	 
肟	9757	0	0	0	 
股	0	0	0	0	 
肣	10384	0	0	0	 
肤	0	0	0	0	 
肧	0	0	0	0	 
肨	11319	0	0	0	 
肩	9284	0	0	0	 
肫	0	0	0	0	 
肬	8404	0	0	0	 
肭	8228	0	0	0	 
肮	9174	0	0	0	 
肯	8448	0	0	0	 
肱	8041	0	0	0	 
育	0	0	0	0	 
肳	9075	0	0	0	 
肴	0	0	0	0	 
肵	0	0	0	0	 
肶	9614	0	0	0	 
肷	0	0	0	0	 
肸	0	0	0	0	 
肹	8492	0	0	0	 
肺	9152	0	0	0	 
肼	8426	0	0	0	 
肽	8998	0	0	0	 
肾	8998	0	0	0	 
肿	8327	0	0	0	 
胀	9031	0	0	0	 
胁	8998	0	0	0	 
胂	8184	0	0	0	 
胃	8261	0	0	0	 
胄	0	0	0	0	 
胅	8844	0	0	0	 
胆	0	0	0	0	 
胇	0	0	0	0	 
胈	12991	0	0	0	 
胉	0	0	0	0	 
胊	0	0	0	0	 
胋	7887	0	0	0	 
背	8745	0	0	0	 
胍	8569	0	0	0	 
胎	0	0	0	0	 
胏	0	0	0	0	 
胐	0	0	0	0	 
胑	0	0	0	0	 
胒	0	0	0	0	 
胓	0	0	0	0	 
胔	0	0	0	0	 
胕	8668	0	0	0	 
胖	8657	0	0	0	 
胗	0	0	0	0	 
胘	8382	0	0	0	 
胙	8525	0	0	0	 
胚	9372	0	0	0	 
胛	8855	0	0	0	 
胜	8250	0	0	0	 
胝	8217	0	0	0	 
胞	0	0	0	0	 
胠	9350	0	0	0	 
胡	0	0	0	0	 
胣	8778	0	0	0	 
胤	9174	0	0	0	 
胥	0	0	0	0	 
胦	8998	0	0	0	 
胧	8217	0	0	0	 
胨	9108	0	0	0	 
胩	8932	0	0	0	 
胪	8602	0	0	0	 
胫	9075	0	0	0	 
胬	8800	0	0	0	 
胭	0	0	0	0	 
胮	10340	0	0	0	 
胯	8888	0	0	0	 
胱	9174	0	0	0	 
胲	9548	0	0	0	 
胳	0	0	0	0	 
胵	8668	0	0	0	 
胶	0	0	0	0	 
胷	9438	0	0	0	 
胸	0	0	0	0	 
胹	8294	0	0	0	 
胺	0	0	0	0	 
胻	9537	0	0	0	 
胼	8998	0	0	0	 
能	0	0	0	0	 
胾	0	0	0	0	 
胿	0	0	0	0	 
脀	0	0	0	0	 
脁	8250	0	0	0	 
脂	0	0	0	0	 
脃	0	0	0	0	 
脄	0	0	0	0	 
脅	8888	0	0	0	 
脆	0	0	0	0	 
脈	8195	0	0	0	 
脉	8954	0	0	0	 
脊	0	0	0	0	 
脋	0	0	0	0	 
脌	8987	0	0	0	 
脍	8789	0	0	0	 
脎	8668	0	0	0	 
脏	9042	0	0	0	 
脐	8987	0	0	0	 
脑	8690	0	0	0	 
脒	9141	0	0	0	 
脓	9482	0	0	0	 
脔	0	0	0	0	 
脕	8492	0	0	0	 
脖	0	0	0	0	 
脗	9020	0	0	0	 
脘	0	0	0	0	 
脙	9031	0	0	0	 
脚	0	0	0	0	 
脜	0	0	0	0	 
脝	9097	0	0	0	 
脞	0	0	0	0	 
脟	0	0	0	0	 
脠	0	0	0	0	 
脡	0	0	0	0	 
脢	0	0	0	0	 
脣	0	0	0	0	 
脤	0	0	0	0	 
脥	0	0	0	0	 
脦	0	0	0	0	 
脧	0	0	0	0	 
脨	0	0	0	0	 
脩	0	0	0	0	 
脪	0	0	0	0	 
脫	8833	0	0	0	 
脬	0	0	0	0	 
脭	0	0	0	0	 
脮	8987	0	0	0	 
脯	0	0	0	0	 
脰	8360	0	0	0	 
脱	8349	0	0	0	 
脲	0	0	0	0	 
脳	0	0	0	0	 
脴	0	0	0	0	 
脵	8074	0	0	0	 
脶	0	0	0	0	 
脷	9075	0	0	0	 
脸	0	0	0	0	 
脹	0	0	0	0	 
脺	0	0	0	0	 
脻	0	0	0	0	 
脼	0	0	0	0	 
脽	8745	0	0	0	 
脾	0	0	0	0	 
脿	0	0	0	0	 
腀	0	0	0	0	 
腁	0	0	0	0	 
腂	0	0	0	0	 
腃	0	0	0	0	 
腄	0	0	0	0	 
腅	9405	0	0	0	 
腆	0	0	0	0	 
腇	8789	0	0	0	 
腈	0	0	0	0	 
腉	8382	0	0	0	 
腊	7964	0	0	0	 
腋	8800	0	0	0	 
腌	0	0	0	0	 
腍	0	0	0	0	 
腎	0	0	0	0	 
腏	9009	0	0	0	 
腐	9009	0	0	0	 
腑	0	0	0	0	 
腒	9009	0	0	0	 
腓	9130	0	0	0	 
腔	8470	0	0	0	 
腕	0	0	0	0	 
腖	0	0	0	0	 
腗	0	0	0	0	 
腘	8811	0	0	0	 
腙	8492	0	0	0	 
腚	0	0	0	0	 
腛	0	0	0	0	 
腜	0	0	0	0	 
腝	0	0	0	0	 
腞	0	0	0	0	 
腟	8921	0	0	0	 
腠	0	0	0	0	 
腡	0	0	0	0	 
腢	0	0	0	0	 
腣	0	0	0	0	 
腤	9152	0	0	0	 
腥	0	0	0	0	 
腦	9108	0	0	0	 
腧	0	0	0	0	 
腨	9086	0	0	0	 
腩	0	0	0	0	 
腪	0	0	0	0	 
腫	0	0	0	0	 
腬	8030	0	0	0	 
腭	8767	0	0	0	 
腮	0	0	0	0	 
腯	8679	0	0	0	 
腰	8800	0	0	0	 
腱	0	0	0	0	 
腲	0	0	0	0	 
腳	8646	0	0	0	 
腴	12991	0	0	0	 
腵	0	0	0	0	 
腶	0	0	0	0	 
腷	0	0	0	0	 
腸	8492	0	0	0	 
腹	9306	0	0	0	 
腺	8349	0	0	0	 
腻	9174	0	0	0	 
腼	8129	0	0	0	 
腽	9009	0	0	0	 
腾	9042	0	0	0	 
腿	8679	0	0	0	 
膀	9042	0	0	0	 
膂	0	0	0	0	 
膃	0	0	0	0	 
膄	0	0	0	0	 
膅	0	0	0	0	 
膆	0	0	0	0	 
膇	8206	0	0	0	 
膈	0	0	0	0	 
膉	8492	0	0	0	 
膊	0	0	0	0	 
膋	0	0	0	0	 
膌	0	0	0	0	 
膍	0	0	0	0	 
膎	8250	0	0	0	 
膏	8591	0	0	0	 
膑	0	0	0	0	 
膒	0	0	0	0	 
膓	0	0	0	0	 
膔	0	0	0	0	 
膕	0	0	0	0	 
膖	0	0	0	0	 
膗	8371	0	0	0	 
膘	0	0	0	0	 
膚	9636	0	0	0	 
膛	8745	0	0	0	 
膜	9097	0	0	0	 
膝	0	0	0	0	 
膞	0	0	0	0	 
膟	0	0	0	0	 
膠	0	0	0	0	 
膡	0	0	0	0	 
膢	8074	0	0	0	 
膣	0	0	0	0	 
膤	0	0	0	0	 
膥	8910	0	0	0	 
膦	8965	0	0	0	 
膨	0	0	0	0	 
膩	8569	0	0	0	 
膪	0	0	0	0	 
膫	0	0	0	0	 
膬	0	0	0	0	 
膭	0	0	0	0	 
膮	0	0	0	0	 
膯	0	0	0	0	 
膰	0	0	0	0	 
膱	0	0	0	0	 
膲	9185	0	0	0	 
膳	0	0	0	0	 
膴	0	0	0	0	 
膵	0	0	0	0	 
膶	0	0	0	0	 
膷	0	0	0	0	 
膸	0	0	0	0	 
膹	8514	0	0	0	 
膺	9383	0	0	0	 
膻	0	0	0	0	 
膼	0	0	0	0	 
膽	0	0	0	0	 
膾	0	0	0	0	 
膿	9482	0	0	0	 
臀	12397	0	0	0	 
臁	0	0	0	0	 
臄	0	0	0	0	 
臅	8041	0	0	0	 
臆	0	0	0	0	 
臇	0	0	0	0	 
臈	0	0	0	0	 
臉	9053	0	0	0	 
臊	0	0	0	0	 
臋	8723	0	0	0	 
臌	0	0	0	0	 
臍	0	0	0	0	 
臎	0	0	0	0	 
臏	0	0	0	0	 
臐	0	0	0	0	 
臑	0	0	0	0	 
臒	0	0	0	0	 
臓	0	0	0	0	 
臔	0	0	0	0	 
臕	0	0	0	0	 
臖	0	0	0	0	 
臗	0	0	0	0	 
臘	0	0	0	0	 
臙	0	0	0	0	 
臚	0	0	0	0	 
臛	0	0	0	0	 
臜	0	0	0	0	 
臝	0	0	0	0	 
臞	0	0	0	0	 
臟	0	0	0	0	 
臠	0	0	0	0	 
臡	0	0	0	0	 
臢	9152	0	0	0	 
臣	0	0	0	0	 
臤	0	0	0	0	 
臥	0	0	0	0	 
臦	8668	0	0	0	 
臧	0	0	0	0	 
臩	8052	0	0	0	 
自	0	0	0	0	 
臫	10186	0	0	0	 
臬	0	0	0	0	 
臯	0	0	0	0	 
臰	0	0	0	0	 
臱	0	0	0	0	 
臲	7898	0	0	0	 
至	8074	0	0	0	 
致	0	0	0	0	 
臵	0	0	0	0	 
臶	0	0	0	0	 
臷	0	0	0	0	 
臸	0	0	0	0	 
臹	0	0	0	0	 
臺	8657	0	0	0	 
臻	15103	0	0	0	 
臼	8646	0	0	0	 
臾	9075	0	0	0	 
舀	10362	0	0	0	 
舁	12606	0	0	0	 
舄	0	0	0	0	 
與	0	0	0	0	 
興	0	0	0	0	 
舉	0	0	0	0	 
舊	0	0	0	0	 
舋	9075	0	0	0	 
舌	9075	0	0	0	 
舍	0	0	0	0	 
舎	0	0	0	0	 
舏	8349	0	0	0	 
舐	0	0	0	0	 
舑	9317	0	0	0	 
舒	0	0	0	0	 
舓	9405	0	0	0	 
舔	0	0	0	0	 
舕	0	0	0	0	 
舖	0	0	0	0	 
舗	0	0	0	0	 
舘	0	0	0	0	 
舙	0	0	0	0	 
舚	12210	0	0	0	 
舛	0	0	0	0	 
舝	8591	0	0	0	 
舞	8448	0	0	0	 
舟	0	0	0	0	 
舠	14245	0	0	0	 
舡	0	0	0	0	 
舥	0	0	0	0	 
舦	0	0	0	0	 
舧	8789	0	0	0	 
舨	9130	0	0	0	 
航	13420	0	0	0	 
舫	10483	0	0	0	 
舯	9020	0	0	0	 
舱	14267	0	0	0	 
舳	9889	0	0	0	 
舷	10285	0	0	0	 
舸	0	0	0	0	 
舺	8932	0	0	0	 
舻	0	0	0	0	 
舽	9097	0	0	0	 
舾	0	0	0	0	 
艀	0	0	0	0	 
艁	0	0	0	0	 
艂	0	0	0	0	 
艃	9053	0	0	0	 
艄	0	0	0	0	 
艆	9438	0	0	0	 
艇	0	0	0	0	 
艈	8789	0	0	0	 
艉	8789	0	0	0	 
艋	0	0	0	0	 
艍	0	0	0	0	 
艎	9471	0	0	0	 
艏	0	0	0	0	 
艑	0	0	0	0	 
艒	0	0	0	0	 
艓	0	0	0	0	 
艔	0	0	0	0	 
艕	0	0	0	0	 
艖	0	0	0	0	 
艗	9108	0	0	0	 
艘	0	0	0	0	 
艙	9339	0	0	0	 
艚	0	0	0	0	 
艜	0	0	0	0	 
艝	0	0	0	0	 
艞	9240	0	0	0	 
艟	0	0	0	0	 
艡	0	0	0	0	 
艢	0	0	0	0	 
艣	0	0	0	0	 
艤	0	0	0	0	 
艥	0	0	0	0	 
艦	0	0	0	0	 
艧	8789	0	0	0	 
艨	0	0	0	0	 
艪	0	0	0	0	 
艫	0	0	0	0	 
艬	0	0	0	0	 
艭	8261	0	0	0	 
艮	9559	0	0	0	 
良	8998	0	0	0	 
艰	8602	0	0	0	 
色	8613	0	0	0	 
艳	9009	0	0	0	 
艴	0	0	0	0	 
艵	0	0	0	0	 
艶	0	0	0	0	 
艷	0	0	0	0	 
艸	14575	0	0	0	 
艹	8041	0	0	0	 
艺	0	0	0	0	 
艻	0	0	0	0	 
艼	8668	0	0	0	 
艽	7832	0	0	0	 
艾	8987	0	0	0	 
艿	0	0	0	0	 
芀	0	0	0	0	 
芁	8525	0	0	0	 
节	9020	0	0	0	 
芄	0	0	0	0	 
芅	0	0	0	0	 
芆	0	0	0	0	 
芇	8690	0	0	0	 
芈	0	0	0	0	 
芉	9273	0	0	0	 
芊	8041	0	0	0	 
芋	0	0	0	0	 
芌	9416	0	0	0	 
芍	9438	0	0	0	 
芎	8063	0	0	0	 
芏	0	0	0	0	 
芐	9042	0	0	0	 
芑	8932	0	0	0	 
芒	0	0	0	0	 
芓	0	0	0	0	 
芔	0	0	0	0	 
芕	0	0	0	0	 
芖	8800	0	0	0	 
芗	7887	0	0	0	 
芘	9009	0	0	0	 
芙	0	0	0	0	 
芚	0	0	0	0	 
芛	8591	0	0	0	 
芜	8250	0	0	0	 
芝	0	0	0	0	 
芞	9383	0	0	0	 
芟	0	0	0	0	 
芠	9097	0	0	0	 
芡	0	0	0	0	 
芢	0	0	0	0	 
芣	8789	0	0	0	 
芤	9878	0	0	0	 
芥	0	0	0	0	 
芧	8591	0	0	0	 
芨	10175	0	0	0	 
芩	9042	0	0	0	 
芪	9163	0	0	0	 
芫	13178	0	0	0	 
芬	9724	0	0	0	 
芯	8415	0	0	0	 
芰	8866	0	0	0	 
花	0	0	0	0	 
芲	8789	0	0	0	 
芳	8074	0	0	0	 
芴	12991	0	0	0	 
芵	0	0	0	0	 
芶	8591	0	0	0	 
芷	9482	0	0	0	 
芸	10175	0	0	0	 
芹	0	0	0	0	 
芺	0	0	0	0	 
芻	0	0	0	0	 
芼	8646	0	0	0	 
芽	9009	0	0	0	 
芾	0	0	0	0	 
芿	0	0	0	0	 
苀	9306	0	0	0	 
苁	0	0	0	0	 
苂	0	0	0	0	 
苃	8459	0	0	0	 
苄	0	0	0	0	 
苅	0	0	0	0	 
苆	8789	0	0	0	 
苇	8327	0	0	0	 
苈	0	0	0	0	 
苉	8030	0	0	0	 
苊	9306	0	0	0	 
苋	9251	0	0	0	 
苌	11440	0	0	0	 
苍	9196	0	0	0	 
苏	0	0	0	0	 
苐	8976	0	0	0	 
苑	9064	0	0	0	 
苒	9306	0	0	0	 
苓	8866	0	0	0	 
苔	9416	0	0	0	 
苕	0	0	0	0	 
苖	8734	0	0	0	 
苗	9614	0	0	0	 
苘	0	0	0	0	 
苙	0	0	0	0	 
苚	8492	0	0	0	 
苛	8261	0	0	0	 
苜	0	0	0	0	 
苝	10010	0	0	0	 
苞	9185	0	0	0	 
苠	8646	0	0	0	 
苡	0	0	0	0	 
苢	8481	0	0	0	 
苣	8932	0	0	0	 
苤	8305	0	0	0	 
若	9196	0	0	0	 
苦	0	0	0	0	 
苨	0	0	0	0	 
苩	0	0	0	0	 
苪	9185	0	0	0	 
苫	0	0	0	0	 
苬	0	0	0	0	 
苭	0	0	0	0	 
苮	8701	0	0	0	 
苯	0	0	0	0	 
苰	8514	0	0	0	 
英	0	0	0	0	 
苲	0	0	0	0	 
苳	8668	0	0	0	 
苴	0	0	0	0	 
苵	0	0	0	0	 
苶	8514	0	0	0	 
苷	0	0	0	0	 
苸	9394	0	0	0	 
苹	0	0	0	0	 
苺	9009	0	0	0	 
苻	0	0	0	0	 
苼	0	0	0	0	 
苽	0	0	0	0	 
苾	0	0	0	0	 
苿	0	0	0	0	 
茀	8668	0	0	0	 
茁	8195	0	0	0	 
茂	9009	0	0	0	 
范	9317	0	0	0	 
茄	8778	0	0	0	 
茅	8778	0	0	0	 
茆	8415	0	0	0	 
茇	9196	0	0	0	 
茈	8195	0	0	0	 
茉	0	0	0	0	 
茊	0	0	0	0	 
茋	8954	0	0	0	 
茌	0	0	0	0	 
茍	8789	0	0	0	 
茎	8998	0	0	0	 
茏	0	0	0	0	 
茐	8822	0	0	0	 
茑	0	0	0	0	 
茒	0	0	0	0	 
茓	8811	0	0	0	 
茔	9757	0	0	0	 
茕	0	0	0	0	 
茖	9240	0	0	0	 
茗	0	0	0	0	 
茘	0	0	0	0	 
茙	8778	0	0	0	 
茚	8261	0	0	0	 
茛	9097	0	0	0	 
茜	0	0	0	0	 
茝	0	0	0	0	 
茞	0	0	0	0	 
茟	0	0	0	0	 
茠	0	0	0	0	 
茡	0	0	0	0	 
茢	0	0	0	0	 
茣	0	0	0	0	 
茤	0	0	0	0	 
茥	0	0	0	0	 
茦	11594	0	0	0	 
茧	0	0	0	0	 
茪	8932	0	0	0	 
茫	10494	0	0	0	 
茬	0	0	0	0	 
茮	9009	0	0	0	 
茯	0	0	0	0	 
茰	8536	0	0	0	 
茱	0	0	0	0	 
茲	8580	0	0	0	 
茳	9119	0	0	0	 
茴	8943	0	0	0	 
茵	9185	0	0	0	 
茶	8877	0	0	0	 
茸	8635	0	0	0	 
茹	9240	0	0	0	 
茺	0	0	0	0	 
茻	9031	0	0	0	 
茼	0	0	0	0	 
茽	0	0	0	0	 
茾	0	0	0	0	 
茿	10208	0	0	0	 
荀	0	0	0	0	 
荁	0	0	0	0	 
荂	10153	0	0	0	 
荃	0	0	0	0	 
荄	0	0	0	0	 
荅	8789	0	0	0	 
荆	8976	0	0	0	 
荇	0	0	0	0	 
荈	9339	0	0	0	 
草	0	0	0	0	 
荋	0	0	0	0	 
荌	0	0	0	0	 
荍	0	0	0	0	 
荎	8734	0	0	0	 
荏	10714	0	0	0	 
荐	9152	0	0	0	 
荒	8327	0	0	0	 
荔	0	0	0	0	 
荖	0	0	0	0	 
荗	0	0	0	0	 
荘	0	0	0	0	 
荙	10296	0	0	0	 
荚	7887	0	0	0	 
荜	0	0	0	0	 
荝	9482	0	0	0	 
荞	8646	0	0	0	 
荟	8415	0	0	0	 
荠	8217	0	0	0	 
荡	0	0	0	0	 
荢	8877	0	0	0	 
荣	11385	0	0	0	 
荤	7821	0	0	0	 
荦	8811	0	0	0	 
荧	9614	0	0	0	 
荨	9053	0	0	0	 
荩	9878	0	0	0	 
荪	8943	0	0	0	 
荫	8778	0	0	0	 
荬	9416	0	0	0	 
荭	8261	0	0	0	 
荮	8470	0	0	0	 
药	0	0	0	0	 
荰	0	0	0	0	 
荱	0	0	0	0	 
荲	0	0	0	0	 
荳	0	0	0	0	 
荴	0	0	0	0	 
荵	0	0	0	0	 
荶	10461	0	0	0	 
荷	0	0	0	0	 
荹	0	0	0	0	 
荺	8492	0	0	0	 
荻	8910	0	0	0	 
荼	8998	0	0	0	 
荽	0	0	0	0	 
荾	0	0	0	0	 
荿	0	0	0	0	 
莀	12991	0	0	0	 
莁	0	0	0	0	 
莂	0	0	0	0	 
莃	0	0	0	0	 
莄	8327	0	0	0	 
莅	8987	0	0	0	 
莆	0	0	0	0	 
莇	0	0	0	0	 
莈	8327	0	0	0	 
莉	0	0	0	0	 
莋	0	0	0	0	 
莌	0	0	0	0	 
莍	8965	0	0	0	 
莎	0	0	0	0	 
莏	0	0	0	0	 
莐	0	0	0	0	 
莑	9031	0	0	0	 
莒	8525	0	0	0	 
莓	0	0	0	0	 
莔	0	0	0	0	 
莕	0	0	0	0	 
莖	0	0	0	0	 
莗	9174	0	0	0	 
莘	0	0	0	0	 
莙	0	0	0	0	 
莚	9438	0	0	0	 
莛	9075	0	0	0	 
莜	0	0	0	0	 
莝	9020	0	0	0	 
莞	0	0	0	0	 
莟	8789	0	0	0	 
莠	0	0	0	0	 
莡	0	0	0	0	 
莢	0	0	0	0	 
莣	0	0	0	0	 
莤	0	0	0	0	 
莥	0	0	0	0	 
莦	0	0	0	0	 
莧	9559	0	0	0	 
莨	9009	0	0	0	 
莩	8679	0	0	0	 
莪	7975	0	0	0	 
莫	0	0	0	0	 
莬	0	0	0	0	 
莭	0	0	0	0	 
莮	0	0	0	0	 
莯	9240	0	0	0	 
莰	8844	0	0	0	 
莱	9075	0	0	0	 
莲	8734	0	0	0	 
莳	8162	0	0	0	 
莴	0	0	0	0	 
莵	9504	0	0	0	 
莶	10142	0	0	0	 
获	8811	0	0	0	 
莹	8514	0	0	0	 
莺	0	0	0	0	 
莻	9988	0	0	0	 
莼	8932	0	0	0	 
莽	0	0	0	0	 
莾	0	0	0	0	 
莿	9020	0	0	0	 
菀	8789	0	0	0	 
菁	0	0	0	0	 
菂	0	0	0	0	 
菃	0	0	0	0	 
菄	8998	0	0	0	 
菅	0	0	0	0	 
菆	8327	0	0	0	 
菇	0	0	0	0	 
菈	0	0	0	0	 
菉	9031	0	0	0	 
菊	9284	0	0	0	 
菌	0	0	0	0	 
菎	8833	0	0	0	 
菏	0	0	0	0	 
菑	0	0	0	0	 
菒	0	0	0	0	 
菓	9009	0	0	0	 
菔	0	0	0	0	 
菕	8954	0	0	0	 
菖	0	0	0	0	 
菗	9317	0	0	0	 
菘	0	0	0	0	 
菙	0	0	0	0	 
菚	0	0	0	0	 
菛	10626	0	0	0	 
菜	0	0	0	0	 
菞	8404	0	0	0	 
菟	8129	0	0	0	 
菠	8756	0	0	0	 
菡	0	0	0	0	 
菢	0	0	0	0	 
菣	0	0	0	0	 
菤	9097	0	0	0	 
菥	0	0	0	0	 
菦	0	0	0	0	 
菧	0	0	0	0	 
菨	8987	0	0	0	 
菩	8217	0	0	0	 
菪	0	0	0	0	 
菫	0	0	0	0	 
菬	0	0	0	0	 
菭	0	0	0	0	 
菮	0	0	0	0	 
華	8327	0	0	0	 
菰	10692	0	0	0	 
菱	0	0	0	0	 
菴	0	0	0	0	 
菵	0	0	0	0	 
菶	0	0	0	0	 
菷	8800	0	0	0	 
菸	8690	0	0	0	 
菹	0	0	0	0	 
菺	0	0	0	0	 
菻	0	0	0	0	 
菼	9317	0	0	0	 
菽	0	0	0	0	 
菾	0	0	0	0	 
菿	0	0	0	0	 
萀	9042	0	0	0	 
萁	0	0	0	0	 
萂	8888	0	0	0	 
萃	8844	0	0	0	 
萄	0	0	0	0	 
萅	8074	0	0	0	 
萆	0	0	0	0	 
萇	0	0	0	0	 
萈	0	0	0	0	 
萉	0	0	0	0	 
萊	8778	0	0	0	 
萋	8789	0	0	0	 
萌	9394	0	0	0	 
萍	8789	0	0	0	 
萎	8261	0	0	0	 
萏	0	0	0	0	 
萐	9724	0	0	0	 
萑	0	0	0	0	 
萒	0	0	0	0	 
萓	0	0	0	0	 
萔	0	0	0	0	 
萕	0	0	0	0	 
萖	0	0	0	0	 
萗	8404	0	0	0	 
萘	0	0	0	0	 
萙	0	0	0	0	 
萚	0	0	0	0	 
萛	8690	0	0	0	 
萜	8074	0	0	0	 
萝	0	0	0	0	 
萞	0	0	0	0	 
萟	0	0	0	0	 
萠	12991	0	0	0	 
萡	0	0	0	0	 
萢	0	0	0	0	 
萣	8811	0	0	0	 
萤	8811	0	0	0	 
营	8811	0	0	0	 
萦	9317	0	0	0	 
萧	8789	0	0	0	 
萨	0	0	0	0	 
萩	0	0	0	0	 
萪	0	0	0	0	 
萫	0	0	0	0	 
萬	0	0	0	0	 
萭	0	0	0	0	 
萮	0	0	0	0	 
萯	0	0	0	0	 
萰	9614	0	0	0	 
萱	0	0	0	0	 
萲	0	0	0	0	 
萳	0	0	0	0	 
萴	0	0	0	0	 
萵	0	0	0	0	 
萶	0	0	0	0	 
萷	8646	0	0	0	 
萸	0	0	0	0	 
萹	0	0	0	0	 
萺	0	0	0	0	 
萻	8030	0	0	0	 
萼	7821	0	0	0	 
落	0	0	0	0	 
萾	0	0	0	0	 
萿	0	0	0	0	 
葀	0	0	0	0	 
葁	0	0	0	0	 
葂	0	0	0	0	 
葃	0	0	0	0	 
葄	0	0	0	0	 
葅	8613	0	0	0	 
葆	0	0	0	0	 
葇	0	0	0	0	 
葈	0	0	0	0	 
葉	0	0	0	0	 
葊	0	0	0	0	 
葋	0	0	0	0	 
葌	0	0	0	0	 
葍	0	0	0	0	 
葎	0	0	0	0	 
葏	0	0	0	0	 
葐	8932	0	0	0	 
葑	0	0	0	0	 
葒	0	0	0	0	 
葓	0	0	0	0	 
葔	0	0	0	0	 
葕	0	0	0	0	 
葖	8327	0	0	0	 
著	0	0	0	0	 
葘	8800	0	0	0	 
葙	8998	0	0	0	 
葚	9856	0	0	0	 
葛	0	0	0	0	 
葝	0	0	0	0	 
葞	0	0	0	0	 
葟	0	0	0	0	 
葠	8987	0	0	0	 
葡	0	0	0	0	 
葢	8734	0	0	0	 
董	0	0	0	0	 
葤	0	0	0	0	 
葥	0	0	0	0	 
葦	0	0	0	0	 
葧	0	0	0	0	 
葨	8580	0	0	0	 
葩	0	0	0	0	 
葪	10318	0	0	0	 
葫	8943	0	0	0	 
葭	0	0	0	0	 
葮	0	0	0	0	 
葯	0	0	0	0	 
葰	9306	0	0	0	 
葱	8393	0	0	0	 
葳	0	0	0	0	 
葴	11396	0	0	0	 
葵	0	0	0	0	 
葷	9460	0	0	0	 
葸	0	0	0	0	 
葹	8646	0	0	0	 
葺	0	0	0	0	 
葻	0	0	0	0	 
葼	0	0	0	0	 
葽	0	0	0	0	 
葾	0	0	0	0	 
葿	0	0	0	0	 
蒀	0	0	0	0	 
蒁	7942	0	0	0	 
蒂	0	0	0	0	 
蒄	0	0	0	0	 
蒅	0	0	0	0	 
蒆	9372	0	0	0	 
蒇	9130	0	0	0	 
蒈	8855	0	0	0	 
蒉	0	0	0	0	 
蒊	8921	0	0	0	 
蒋	8811	0	0	0	 
蒌	0	0	0	0	 
蒍	8426	0	0	0	 
蒎	0	0	0	0	 
蒏	0	0	0	0	 
蒐	0	0	0	0	 
蒑	0	0	0	0	 
蒒	0	0	0	0	 
蒓	0	0	0	0	 
蒔	0	0	0	0	 
蒕	0	0	0	0	 
蒖	8481	0	0	0	 
蒗	0	0	0	0	 
蒘	8789	0	0	0	 
蒙	0	0	0	0	 
蒚	0	0	0	0	 
蒛	9449	0	0	0	 
蒜	0	0	0	0	 
蒝	0	0	0	0	 
蒞	0	0	0	0	 
蒟	0	0	0	0	 
蒠	8162	0	0	0	 
蒡	0	0	0	0	 
蒢	0	0	0	0	 
蒣	0	0	0	0	 
蒤	0	0	0	0	 
蒥	0	0	0	0	 
蒦	0	0	0	0	 
蒧	12991	0	0	0	 
蒨	0	0	0	0	 
蒩	0	0	0	0	 
蒪	0	0	0	0	 
蒫	0	0	0	0	 
蒬	0	0	0	0	 
蒭	0	0	0	0	 
蒮	9504	0	0	0	 
蒯	0	0	0	0	 
蒰	0	0	0	0	 
蒱	8987	0	0	0	 
蒲	0	0	0	0	 
蒳	8789	0	0	0	 
蒴	0	0	0	0	 
蒵	0	0	0	0	 
蒶	0	0	0	0	 
蒷	8657	0	0	0	 
蒸	8998	0	0	0	 
蒹	8954	0	0	0	 
蒺	0	0	0	0	 
蒻	0	0	0	0	 
蒼	8085	0	0	0	 
蒽	0	0	0	0	 
蒾	8811	0	0	0	 
蒿	0	0	0	0	 
蓀	8657	0	0	0	 
蓁	0	0	0	0	 
蓂	0	0	0	0	 
蓃	8987	0	0	0	 
蓄	0	0	0	0	 
蓅	0	0	0	0	 
蓆	0	0	0	0	 
蓇	0	0	0	0	 
蓈	8877	0	0	0	 
蓉	8855	0	0	0	 
蓊	0	0	0	0	 
蓋	0	0	0	0	 
蓌	8481	0	0	0	 
蓍	0	0	0	0	 
蓎	0	0	0	0	 
蓏	8085	0	0	0	 
蓐	9097	0	0	0	 
蓑	0	0	0	0	 
蓒	7887	0	0	0	 
蓓	0	0	0	0	 
蓔	0	0	0	0	 
蓕	7887	0	0	0	 
蓖	0	0	0	0	 
蓘	0	0	0	0	 
蓙	0	0	0	0	 
蓚	0	0	0	0	 
蓛	0	0	0	0	 
蓜	8855	0	0	0	 
蓝	0	0	0	0	 
蓞	8415	0	0	0	 
蓟	8932	0	0	0	 
蓠	0	0	0	0	 
蓡	0	0	0	0	 
蓢	8041	0	0	0	 
蓣	0	0	0	0	 
蓤	8811	0	0	0	 
蓥	8195	0	0	0	 
蓦	0	0	0	0	 
蓧	0	0	0	0	 
蓨	0	0	0	0	 
蓩	0	0	0	0	 
蓪	0	0	0	0	 
蓫	8965	0	0	0	 
蓬	0	0	0	0	 
蓭	0	0	0	0	 
蓮	0	0	0	0	 
蓯	9460	0	0	0	 
蓰	0	0	0	0	 
蓱	0	0	0	0	 
蓲	0	0	0	0	 
蓳	0	0	0	0	 
蓴	0	0	0	0	 
蓵	0	0	0	0	 
蓶	0	0	0	0	 
蓷	0	0	0	0	 
蓸	0	0	0	0	 
蓹	0	0	0	0	 
蓺	0	0	0	0	 
蓻	8976	0	0	0	 
蓼	0	0	0	0	 
蓽	0	0	0	0	 
蓾	7953	0	0	0	 
蓿	0	0	0	0	 
蔀	0	0	0	0	 
蔁	0	0	0	0	 
蔂	0	0	0	0	 
蔃	0	0	0	0	 
蔄	0	0	0	0	 
蔅	0	0	0	0	 
蔆	0	0	0	0	 
蔇	0	0	0	0	 
蔈	0	0	0	0	 
蔉	0	0	0	0	 
蔊	0	0	0	0	 
蔋	8987	0	0	0	 
蔌	0	0	0	0	 
蔍	0	0	0	0	 
蔎	0	0	0	0	 
蔏	0	0	0	0	 
蔐	8140	0	0	0	 
蔑	0	0	0	0	 
蔒	8338	0	0	0	 
蔓	0	0	0	0	 
蔔	0	0	0	0	 
蔕	0	0	0	0	 
蔖	7942	0	0	0	 
蔗	0	0	0	0	 
蔘	0	0	0	0	 
蔙	8184	0	0	0	 
蔚	0	0	0	0	 
蔛	0	0	0	0	 
蔜	0	0	0	0	 
蔝	0	0	0	0	 
蔞	8976	0	0	0	 
蔟	0	0	0	0	 
蔠	8646	0	0	0	 
蔡	0	0	0	0	 
蔣	0	0	0	0	 
蔤	0	0	0	0	 
蔥	0	0	0	0	 
蔦	0	0	0	0	 
蔧	0	0	0	0	 
蔨	0	0	0	0	 
蔩	12991	0	0	0	 
蔪	8921	0	0	0	 
蔫	9317	0	0	0	 
蔬	0	0	0	0	 
蔭	0	0	0	0	 
蔮	0	0	0	0	 
蔯	0	0	0	0	 
蔰	0	0	0	0	 
蔱	0	0	0	0	 
蔲	0	0	0	0	 
蔳	0	0	0	0	 
蔴	0	0	0	0	 
蔵	0	0	0	0	 
蔶	9471	0	0	0	 
蔷	8184	0	0	0	 
蔸	9075	0	0	0	 
蔹	8910	0	0	0	 
蔺	8635	0	0	0	 
蔻	8415	0	0	0	 
蔼	7887	0	0	0	 
蔽	0	0	0	0	 
蔿	0	0	0	0	 
蕀	0	0	0	0	 
蕁	0	0	0	0	 
蕂	9218	0	0	0	 
蕃	0	0	0	0	 
蕄	0	0	0	0	 
蕅	0	0	0	0	 
蕆	0	0	0	0	 
蕇	9691	0	0	0	 
蕈	8668	0	0	0	 
蕉	9416	0	0	0	 
蕊	0	0	0	0	 
蕋	0	0	0	0	 
蕌	0	0	0	0	 
蕍	0	0	0	0	 
蕎	0	0	0	0	 
蕏	0	0	0	0	 
蕐	0	0	0	0	 
蕑	0	0	0	0	 
蕒	0	0	0	0	 
蕓	0	0	0	0	 
蕔	0	0	0	0	 
蕕	8932	0	0	0	 
蕖	0	0	0	0	 
蕗	0	0	0	0	 
蕘	8646	0	0	0	 
蕙	0	0	0	0	 
蕚	0	0	0	0	 
蕛	0	0	0	0	 
蕜	0	0	0	0	 
蕝	8679	0	0	0	 
蕞	0	0	0	0	 
蕟	0	0	0	0	 
蕠	0	0	0	0	 
蕡	0	0	0	0	 
蕢	0	0	0	0	 
蕣	9416	0	0	0	 
蕤	0	0	0	0	 
蕥	0	0	0	0	 
蕦	0	0	0	0	 
蕧	8184	0	0	0	 
蕨	0	0	0	0	 
蕩	0	0	0	0	 
蕪	0	0	0	0	 
蕫	0	0	0	0	 
蕬	0	0	0	0	 
蕭	0	0	0	0	 
蕮	0	0	0	0	 
蕯	0	0	0	0	 
蕰	0	0	0	0	 
蕱	9042	0	0	0	 
蕲	0	0	0	0	 
蕳	8877	0	0	0	 
蕴	0	0	0	0	 
蕵	0	0	0	0	 
蕶	0	0	0	0	 
蕷	0	0	0	0	 
蕸	8338	0	0	0	 
蕹	8954	0	0	0	 
蕺	9416	0	0	0	 
蕻	0	0	0	0	 
蕼	0	0	0	0	 
蕽	8756	0	0	0	 
蕾	0	0	0	0	 
薀	0	0	0	0	 
薁	0	0	0	0	 
薂	0	0	0	0	 
薃	8613	0	0	0	 
薄	8811	0	0	0	 
薅	0	0	0	0	 
薆	8393	0	0	0	 
薇	0	0	0	0	 
薈	0	0	0	0	 
薉	0	0	0	0	 
薊	0	0	0	0	 
薋	0	0	0	0	 
薌	0	0	0	0	 
薍	0	0	0	0	 
薎	8041	0	0	0	 
薏	0	0	0	0	 
薐	0	0	0	0	 
薑	0	0	0	0	 
薒	0	0	0	0	 
薓	0	0	0	0	 
薔	0	0	0	0	 
薕	0	0	0	0	 
薖	0	0	0	0	 
薗	0	0	0	0	 
薘	0	0	0	0	 
薙	0	0	0	0	 
薚	8767	0	0	0	 
薛	7887	0	0	0	 
薜	0	0	0	0	 
薝	0	0	0	0	 
薞	0	0	0	0	 
薟	0	0	0	0	 
薠	0	0	0	0	 
薡	0	0	0	0	 
薢	0	0	0	0	 
薣	8602	0	0	0	 
薤	0	0	0	0	 
薥	0	0	0	0	 
薦	0	0	0	0	 
薧	9075	0	0	0	 
薨	0	0	0	0	 
薩	9724	0	0	0	 
薪	12991	0	0	0	 
薫	0	0	0	0	 
薬	0	0	0	0	 
薭	9471	0	0	0	 
薮	9713	0	0	0	 
薯	9867	0	0	0	 
薰	0	0	0	0	 
薱	0	0	0	0	 
薲	0	0	0	0	 
薳	0	0	0	0	 
薴	0	0	0	0	 
薵	0	0	0	0	 
薶	8635	0	0	0	 
薷	0	0	0	0	 
薸	8866	0	0	0	 
薹	0	0	0	0	 
薺	0	0	0	0	 
薻	0	0	0	0	 
薼	0	0	0	0	 
薽	0	0	0	0	 
薾	0	0	0	0	 
薿	0	0	0	0	 
藀	8635	0	0	0	 
藁	0	0	0	0	 
藂	0	0	0	0	 
藃	0	0	0	0	 
藄	0	0	0	0	 
藅	0	0	0	0	 
藆	0	0	0	0	 
藇	0	0	0	0	 
藈	8954	0	0	0	 
藉	0	0	0	0	 
藋	0	0	0	0	 
藌	0	0	0	0	 
藍	0	0	0	0	 
藎	11066	0	0	0	 
藏	0	0	0	0	 
藑	0	0	0	0	 
藒	9889	0	0	0	 
藓	0	0	0	0	 
藔	8382	0	0	0	 
藕	0	0	0	0	 
藖	0	0	0	0	 
藗	0	0	0	0	 
藘	0	0	0	0	 
藙	0	0	0	0	 
藚	0	0	0	0	 
藛	8932	0	0	0	 
藜	0	0	0	0	 
藝	0	0	0	0	 
藞	0	0	0	0	 
藟	0	0	0	0	 
藠	0	0	0	0	 
藡	0	0	0	0	 
藢	0	0	0	0	 
藣	9009	0	0	0	 
藤	0	0	0	0	 
藥	0	0	0	0	 
藦	0	0	0	0	 
藧	0	0	0	0	 
藨	9218	0	0	0	 
藩	0	0	0	0	 
藪	0	0	0	0	 
藫	0	0	0	0	 
藬	0	0	0	0	 
藭	0	0	0	0	 
藮	0	0	0	0	 
藯	0	0	0	0	 
藰	0	0	0	0	 
藱	0	0	0	0	 
藲	0	0	0	0	 
藳	0	0	0	0	 
藴	0	0	0	0	 
藵	0	0	0	0	 
藶	0	0	0	0	 
藷	0	0	0	0	 
藸	0	0	0	0	 
藹	0	0	0	0	 
藺	8910	0	0	0	 
藻	0	0	0	0	 
藼	0	0	0	0	 
藽	0	0	0	0	 
藾	8349	0	0	0	 
藿	0	0	0	0	 
蘀	0	0	0	0	 
蘁	0	0	0	0	 
蘂	0	0	0	0	 
蘃	0	0	0	0	 
蘄	9273	0	0	0	 
蘅	0	0	0	0	 
蘆	0	0	0	0	 
蘇	0	0	0	0	 
蘈	0	0	0	0	 
蘉	0	0	0	0	 
蘊	0	0	0	0	 
蘋	0	0	0	0	 
蘌	0	0	0	0	 
蘍	0	0	0	0	 
蘎	0	0	0	0	 
蘏	0	0	0	0	 
蘐	8745	0	0	0	 
蘑	0	0	0	0	 
蘒	0	0	0	0	 
蘓	0	0	0	0	 
蘔	0	0	0	0	 
蘕	8228	0	0	0	 
蘖	0	0	0	0	 
蘗	0	0	0	0	 
蘘	0	0	0	0	 
蘙	0	0	0	0	 
蘚	0	0	0	0	 
蘛	0	0	0	0	 
蘜	0	0	0	0	 
蘝	12991	0	0	0	 
蘞	0	0	0	0	 
蘟	0	0	0	0	 
蘠	0	0	0	0	 
蘡	0	0	0	0	 
蘢	0	0	0	0	 
蘣	0	0	0	0	 
蘤	0	0	0	0	 
蘥	0	0	0	0	 
蘦	8932	0	0	0	 
蘧	0	0	0	0	 
蘨	9614	0	0	0	 
蘩	0	0	0	0	 
蘪	0	0	0	0	 
蘫	0	0	0	0	 
蘬	0	0	0	0	 
蘭	0	0	0	0	 
蘮	0	0	0	0	 
蘯	0	0	0	0	 
蘰	0	0	0	0	 
蘱	0	0	0	0	 
蘲	0	0	0	0	 
蘳	0	0	0	0	 
蘴	0	0	0	0	 
蘵	0	0	0	0	 
蘶	0	0	0	0	 
蘷	8470	0	0	0	 
蘸	0	0	0	0	 
蘹	0	0	0	0	 
蘺	0	0	0	0	 
蘻	8690	0	0	0	 
蘼	0	0	0	0	 
蘽	0	0	0	0	 
蘾	0	0	0	0	 
蘿	0	0	0	0	 
虀	0	0	0	0	 
虁	0	0	0	0	 
虂	0	0	0	0	 
虃	0	0	0	0	 
虄	0	0	0	0	 
虅	0	0	0	0	 
虆	0	0	0	0	 
虇	0	0	0	0	 
虈	0	0	0	0	 
虉	0	0	0	0	 
虊	0	0	0	0	 
虋	0	0	0	0	 
虌	16929	0	0	0	 
虍	8932	0	0	0	 
虏	8118	0	0	0	 
虐	8492	0	0	0	 
虑	0	0	0	0	 
虒	0	0	0	0	 
虓	9614	0	0	0	 
虔	0	0	0	0	 
虖	0	0	0	0	 
虗	0	0	0	0	 
虘	0	0	0	0	 
虙	9174	0	0	0	 
虚	0	0	0	0	 
虛	0	0	0	0	 
虜	0	0	0	0	 
虝	8646	0	0	0	 
虞	0	0	0	0	 
號	0	0	0	0	 
虠	0	0	0	0	 
虡	8195	0	0	0	 
虢	0	0	0	0	 
虤	0	0	0	0	 
虥	0	0	0	0	 
虦	0	0	0	0	 
虧	0	0	0	0	 
虨	0	0	0	0	 
虩	0	0	0	0	 
虪	12188	0	0	0	 
虫	8954	0	0	0	 
虮	0	0	0	0	 
虰	8481	0	0	0	 
虱	0	0	0	0	 
虲	0	0	0	0	 
虳	0	0	0	0	 
虴	0	0	0	0	 
虵	0	0	0	0	 
虶	0	0	0	0	 
虷	0	0	0	0	 
虸	17226	0	0	0	 
虹	9086	0	0	0	 
虾	10329	0	0	0	 
虿	8646	0	0	0	 
蚁	8745	0	0	0	 
蚂	0	0	0	0	 
蚃	0	0	0	0	 
蚄	0	0	0	0	 
蚅	0	0	0	0	 
蚆	0	0	0	0	 
蚇	0	0	0	0	 
蚈	0	0	0	0	 
蚉	8855	0	0	0	 
蚊	13453	0	0	0	 
蚋	0	0	0	0	 
蚏	0	0	0	0	 
蚐	0	0	0	0	 
蚑	0	0	0	0	 
蚒	9251	0	0	0	 
蚓	9438	0	0	0	 
蚕	0	0	0	0	 
蚗	0	0	0	0	 
蚘	0	0	0	0	 
蚙	0	0	0	0	 
蚚	0	0	0	0	 
蚛	8646	0	0	0	 
蚜	9174	0	0	0	 
蚝	0	0	0	0	 
蚟	0	0	0	0	 
蚠	12991	0	0	0	 
蚡	0	0	0	0	 
蚢	10571	0	0	0	 
蚣	0	0	0	0	 
蚥	0	0	0	0	 
蚦	14201	0	0	0	 
蚧	9889	0	0	0	 
蚬	0	0	0	0	 
蚮	9317	0	0	0	 
蚯	9075	0	0	0	 
蚰	8261	0	0	0	 
蚱	0	0	0	0	 
蚲	0	0	0	0	 
蚳	8272	0	0	0	 
蚴	8833	0	0	0	 
蚵	8932	0	0	0	 
蚶	0	0	0	0	 
蚷	0	0	0	0	 
蚸	0	0	0	0	 
蚹	9064	0	0	0	 
蚺	0	0	0	0	 
蚻	0	0	0	0	 
蚼	0	0	0	0	 
蚽	0	0	0	0	 
蚾	0	0	0	0	 
蚿	8327	0	0	0	 
蛀	0	0	0	0	 
蛁	0	0	0	0	 
蛂	0	0	0	0	 
蛃	8327	0	0	0	 
蛄	0	0	0	0	 
蛅	8701	0	0	0	 
蛆	9075	0	0	0	 
蛇	0	0	0	0	 
蛈	9306	0	0	0	 
蛉	9581	0	0	0	 
蛊	0	0	0	0	 
蛌	0	0	0	0	 
蛍	8327	0	0	0	 
蛎	8712	0	0	0	 
蛏	8701	0	0	0	 
蛐	8745	0	0	0	 
蛑	0	0	0	0	 
蛒	0	0	0	0	 
蛓	9119	0	0	0	 
蛔	0	0	0	0	 
蛖	0	0	0	0	 
蛗	8998	0	0	0	 
蛘	8305	0	0	0	 
蛙	0	0	0	0	 
蛚	8536	0	0	0	 
蛛	0	0	0	0	 
蛜	0	0	0	0	 
蛝	8415	0	0	0	 
蛞	8668	0	0	0	 
蛟	0	0	0	0	 
蛠	0	0	0	0	 
蛡	0	0	0	0	 
蛢	0	0	0	0	 
蛣	9229	0	0	0	 
蛤	0	0	0	0	 
蛦	0	0	0	0	 
蛧	0	0	0	0	 
蛨	9757	0	0	0	 
蛩	0	0	0	0	 
蛪	0	0	0	0	 
蛫	0	0	0	0	 
蛬	8074	0	0	0	 
蛭	8877	0	0	0	 
蛮	0	0	0	0	 
蛯	8415	0	0	0	 
蛰	9372	0	0	0	 
蛱	8987	0	0	0	 
蛲	8910	0	0	0	 
蛳	9042	0	0	0	 
蛴	0	0	0	0	 
蛵	0	0	0	0	 
蛶	0	0	0	0	 
蛷	9053	0	0	0	 
蛸	9141	0	0	0	 
蛹	0	0	0	0	 
蛺	0	0	0	0	 
蛻	0	0	0	0	 
蛼	0	0	0	0	 
蛽	8679	0	0	0	 
蛾	9713	0	0	0	 
蜀	0	0	0	0	 
蜁	11143	0	0	0	 
蜂	0	0	0	0	 
蜄	0	0	0	0	 
蜅	0	0	0	0	 
蜆	7920	0	0	0	 
蜇	8591	0	0	0	 
蜈	9009	0	0	0	 
蜉	8932	0	0	0	 
蜊	0	0	0	0	 
蜋	0	0	0	0	 
蜌	9372	0	0	0	 
蜍	0	0	0	0	 
蜎	0	0	0	0	 
蜏	0	0	0	0	 
蜐	0	0	0	0	 
蜑	9163	0	0	0	 
蜒	9438	0	0	0	 
蜓	0	0	0	0	 
蜔	8569	0	0	0	 
蜕	0	0	0	0	 
蜖	8162	0	0	0	 
蜗	8250	0	0	0	 
蜘	0	0	0	0	 
蜙	8668	0	0	0	 
蜚	0	0	0	0	 
蜛	8140	0	0	0	 
蜜	0	0	0	0	 
蜝	9042	0	0	0	 
蜞	0	0	0	0	 
蜟	0	0	0	0	 
蜠	8382	0	0	0	 
蜡	8789	0	0	0	 
蜢	9130	0	0	0	 
蜣	0	0	0	0	 
蜤	9097	0	0	0	 
蜥	0	0	0	0	 
蜦	0	0	0	0	 
蜧	0	0	0	0	 
蜨	9317	0	0	0	 
蜩	0	0	0	0	 
蜪	0	0	0	0	 
蜫	0	0	0	0	 
蜬	0	0	0	0	 
蜭	8041	0	0	0	 
蜮	0	0	0	0	 
蜯	0	0	0	0	 
蜰	8745	0	0	0	 
蜱	0	0	0	0	 
蜲	0	0	0	0	 
蜳	8041	0	0	0	 
蜴	0	0	0	0	 
蜵	0	0	0	0	 
蜶	10153	0	0	0	 
蜷	0	0	0	0	 
蜸	0	0	0	0	 
蜹	0	0	0	0	 
蜺	9317	0	0	0	 
蜻	0	0	0	0	 
蜼	0	0	0	0	 
蜽	8195	0	0	0	 
蜾	8657	0	0	0	 
蜿	0	0	0	0	 
蝀	0	0	0	0	 
蝁	0	0	0	0	 
蝂	0	0	0	0	 
蝃	0	0	0	0	 
蝄	0	0	0	0	 
蝅	0	0	0	0	 
蝆	8811	0	0	0	 
蝇	8030	0	0	0	 
蝈	9372	0	0	0	 
蝉	12991	0	0	0	 
蝋	8492	0	0	0	 
蝌	0	0	0	0	 
蝍	8745	0	0	0	 
蝎	0	0	0	0	 
蝏	0	0	0	0	 
蝐	0	0	0	0	 
蝑	0	0	0	0	 
蝒	8646	0	0	0	 
蝓	0	0	0	0	 
蝔	0	0	0	0	 
蝕	0	0	0	0	 
蝖	9493	0	0	0	 
蝗	8635	0	0	0	 
蝙	0	0	0	0	 
蝚	0	0	0	0	 
蝛	0	0	0	0	 
蝜	0	0	0	0	 
蝝	0	0	0	0	 
蝞	0	0	0	0	 
蝟	9009	0	0	0	 
蝠	0	0	0	0	 
蝡	0	0	0	0	 
蝢	9075	0	0	0	 
蝣	9658	0	0	0	 
蝤	8745	0	0	0	 
蝥	0	0	0	0	 
蝦	0	0	0	0	 
蝧	0	0	0	0	 
蝨	0	0	0	0	 
蝩	0	0	0	0	 
蝪	0	0	0	0	 
蝫	0	0	0	0	 
蝬	0	0	0	0	 
蝭	8492	0	0	0	 
蝮	0	0	0	0	 
蝯	9328	0	0	0	 
蝰	0	0	0	0	 
蝱	0	0	0	0	 
蝲	0	0	0	0	 
蝳	9350	0	0	0	 
蝴	8734	0	0	0	 
蝶	0	0	0	0	 
蝸	0	0	0	0	 
蝹	0	0	0	0	 
蝺	9086	0	0	0	 
蝻	8811	0	0	0	 
蝼	9647	0	0	0	 
蝽	8877	0	0	0	 
蝾	0	0	0	0	 
蝿	0	0	0	0	 
螀	0	0	0	0	 
螁	8998	0	0	0	 
螂	9108	0	0	0	 
螃	9097	0	0	0	 
螅	0	0	0	0	 
螇	9405	0	0	0	 
螈	0	0	0	0	 
螊	9108	0	0	0	 
螋	0	0	0	0	 
螌	8877	0	0	0	 
融	0	0	0	0	 
螎	0	0	0	0	 
螏	0	0	0	0	 
螐	0	0	0	0	 
螑	0	0	0	0	 
螒	10175	0	0	0	 
螓	0	0	0	0	 
螔	0	0	0	0	 
螕	0	0	0	0	 
螖	9636	0	0	0	 
螗	0	0	0	0	 
螙	0	0	0	0	 
螚	0	0	0	0	 
螛	0	0	0	0	 
螜	0	0	0	0	 
螝	0	0	0	0	 
螞	9240	0	0	0	 
螟	0	0	0	0	 
螠	0	0	0	0	 
螡	0	0	0	0	 
螢	0	0	0	0	 
螣	0	0	0	0	 
螤	0	0	0	0	 
螥	0	0	0	0	 
螦	0	0	0	0	 
螧	8877	0	0	0	 
螨	0	0	0	0	 
螩	0	0	0	0	 
螪	12980	0	0	0	 
螫	8415	0	0	0	 
螯	0	0	0	0	 
螰	0	0	0	0	 
螱	0	0	0	0	 
螲	9636	0	0	0	 
螳	9075	0	0	0	 
螵	0	0	0	0	 
螷	0	0	0	0	 
螸	0	0	0	0	 
螹	8074	0	0	0	 
螺	0	0	0	0	 
螻	0	0	0	0	 
螼	8657	0	0	0	 
螽	0	0	0	0	 
螿	8866	0	0	0	 
蟀	0	0	0	0	 
蟂	0	0	0	0	 
蟃	0	0	0	0	 
蟄	0	0	0	0	 
蟅	8745	0	0	0	 
蟆	0	0	0	0	 
蟈	0	0	0	0	 
蟉	10285	0	0	0	 
蟊	0	0	0	0	 
蟍	0	0	0	0	 
蟎	0	0	0	0	 
蟏	0	0	0	0	 
蟐	10659	0	0	0	 
蟑	8624	0	0	0	 
蟓	12991	0	0	0	 
蟕	0	0	0	0	 
蟖	0	0	0	0	 
蟗	0	0	0	0	 
蟘	0	0	0	0	 
蟙	0	0	0	0	 
蟚	8965	0	0	0	 
蟛	0	0	0	0	 
蟝	0	0	0	0	 
蟞	0	0	0	0	 
蟟	9031	0	0	0	 
蟠	0	0	0	0	 
蟢	0	0	0	0	 
蟣	0	0	0	0	 
蟤	9493	0	0	0	 
蟥	0	0	0	0	 
蟧	0	0	0	0	 
蟨	0	0	0	0	 
蟩	8646	0	0	0	 
蟪	0	0	0	0	 
蟬	0	0	0	0	 
蟭	9185	0	0	0	 
蟮	0	0	0	0	 
蟰	0	0	0	0	 
蟱	0	0	0	0	 
蟲	0	0	0	0	 
蟳	0	0	0	0	 
蟴	0	0	0	0	 
蟵	0	0	0	0	 
蟶	0	0	0	0	 
蟷	0	0	0	0	 
蟸	8602	0	0	0	 
蟹	0	0	0	0	 
蟺	0	0	0	0	 
蟻	0	0	0	0	 
蟼	0	0	0	0	 
蟽	9372	0	0	0	 
蟾	0	0	0	0	 
蠀	0	0	0	0	 
蠁	0	0	0	0	 
蠂	8074	0	0	0	 
蠃	0	0	0	0	 
蠄	0	0	0	0	 
蠅	0	0	0	0	 
蠆	0	0	0	0	 
蠇	0	0	0	0	 
蠈	0	0	0	0	 
蠉	9075	0	0	0	 
蠊	0	0	0	0	 
蠌	0	0	0	0	 
蠍	0	0	0	0	 
蠎	0	0	0	0	 
蠏	0	0	0	0	 
蠐	0	0	0	0	 
蠑	0	0	0	0	 
蠒	8789	0	0	0	 
蠓	8635	0	0	0	 
蠕	8349	0	0	0	 
蠖	0	0	0	0	 
蠘	0	0	0	0	 
蠙	0	0	0	0	 
蠚	8140	0	0	0	 
蠛	0	0	0	0	 
蠝	0	0	0	0	 
蠞	0	0	0	0	 
蠟	0	0	0	0	 
蠠	11264	0	0	0	 
蠡	0	0	0	0	 
蠣	0	0	0	0	 
蠤	0	0	0	0	 
蠥	0	0	0	0	 
蠦	0	0	0	0	 
蠧	0	0	0	0	 
蠨	0	0	0	0	 
蠩	0	0	0	0	 
蠪	0	0	0	0	 
蠫	0	0	0	0	 
蠬	0	0	0	0	 
蠭	0	0	0	0	 
蠮	0	0	0	0	 
蠯	0	0	0	0	 
蠰	0	0	0	0	 
蠱	9416	0	0	0	 
蠲	0	0	0	0	 
蠳	0	0	0	0	 
蠴	0	0	0	0	 
蠵	0	0	0	0	 
蠶	0	0	0	0	 
蠷	0	0	0	0	 
蠸	8063	0	0	0	 
蠹	0	0	0	0	 
蠻	8932	0	0	0	 
蠼	0	0	0	0	 
蠾	0	0	0	0	 
蠿	9031	0	0	0	 
血	0	0	0	0	 
衁	0	0	0	0	 
衂	0	0	0	0	 
衃	10021	0	0	0	 
衄	0	0	0	0	 
衆	0	0	0	0	 
衇	0	0	0	0	 
衈	0	0	0	0	 
衉	12991	0	0	0	 
衊	0	0	0	0	 
衋	9493	0	0	0	 
行	9163	0	0	0	 
衍	0	0	0	0	 
衎	0	0	0	0	 
衏	0	0	0	0	 
衐	0	0	0	0	 
衑	0	0	0	0	 
衒	0	0	0	0	 
術	9889	0	0	0	 
衔	0	0	0	0	 
衕	0	0	0	0	 
衖	8239	0	0	0	 
街	8646	0	0	0	 
衙	0	0	0	0	 
衚	0	0	0	0	 
衛	0	0	0	0	 
衜	0	0	0	0	 
衝	0	0	0	0	 
衞	0	0	0	0	 
衟	0	0	0	0	 
衠	11308	0	0	0	 
衡	8250	0	0	0	 
衣	14575	0	0	0	 
衤	8272	0	0	0	 
补	0	0	0	0	 
衦	0	0	0	0	 
衧	10527	0	0	0	 
表	0	0	0	0	 
衪	9383	0	0	0	 
衫	8712	0	0	0	 
衬	9295	0	0	0	 
衮	0	0	0	0	 
衯	8998	0	0	0	 
衰	0	0	0	0	 
衱	8404	0	0	0	 
衲	0	0	0	0	 
衳	0	0	0	0	 
衴	0	0	0	0	 
衵	0	0	0	0	 
衶	8657	0	0	0	 
衷	0	0	0	0	 
衸	0	0	0	0	 
衹	0	0	0	0	 
衺	0	0	0	0	 
衻	0	0	0	0	 
衼	8217	0	0	0	 
衽	9911	0	0	0	 
衾	9218	0	0	0	 
衿	0	0	0	0	 
袀	9405	0	0	0	 
袁	8008	0	0	0	 
袂	0	0	0	0	 
袃	8415	0	0	0	 
袄	8822	0	0	0	 
袅	0	0	0	0	 
袆	0	0	0	0	 
袇	8943	0	0	0	 
袈	0	0	0	0	 
袉	0	0	0	0	 
袊	7997	0	0	0	 
袋	9163	0	0	0	 
袍	0	0	0	0	 
袎	0	0	0	0	 
袏	0	0	0	0	 
袐	0	0	0	0	 
袑	8954	0	0	0	 
袒	0	0	0	0	 
袓	0	0	0	0	 
袔	0	0	0	0	 
袕	8811	0	0	0	 
袖	0	0	0	0	 
袗	0	0	0	0	 
袘	0	0	0	0	 
袙	0	0	0	0	 
袚	0	0	0	0	 
袛	8129	0	0	0	 
袜	0	0	0	0	 
袝	0	0	0	0	 
袞	0	0	0	0	 
袟	0	0	0	0	 
袠	0	0	0	0	 
袡	8580	0	0	0	 
袢	0	0	0	0	 
袣	8195	0	0	0	 
袤	0	0	0	0	 
袥	0	0	0	0	 
袦	0	0	0	0	 
袧	0	0	0	0	 
袨	0	0	0	0	 
袩	0	0	0	0	 
袪	7711	0	0	0	 
被	0	0	0	0	 
袬	9460	0	0	0	 
袭	0	0	0	0	 
袮	0	0	0	0	 
袯	0	0	0	0	 
袰	9009	0	0	0	 
袱	0	0	0	0	 
袲	0	0	0	0	 
袳	0	0	0	0	 
袴	0	0	0	0	 
袵	0	0	0	0	 
袶	9372	0	0	0	 
袷	0	0	0	0	 
袸	0	0	0	0	 
袹	0	0	0	0	 
袺	0	0	0	0	 
袻	7898	0	0	0	 
袼	0	0	0	0	 
袽	0	0	0	0	 
袾	0	0	0	0	 
袿	0	0	0	0	 
裀	9823	0	0	0	 
裁	0	0	0	0	 
裄	9218	0	0	0	 
装	8393	0	0	0	 
裆	0	0	0	0	 
裇	0	0	0	0	 
裈	8734	0	0	0	 
裉	0	0	0	0	 
裊	0	0	0	0	 
裋	0	0	0	0	 
裌	0	0	0	0	 
裍	9009	0	0	0	 
裎	0	0	0	0	 
裏	0	0	0	0	 
裐	0	0	0	0	 
裑	8899	0	0	0	 
裒	0	0	0	0	 
裓	8041	0	0	0	 
裔	8041	0	0	0	 
裕	0	0	0	0	 
裖	0	0	0	0	 
裗	9658	0	0	0	 
裘	9526	0	0	0	 
裙	0	0	0	0	 
裚	12991	0	0	0	 
裛	0	0	0	0	 
補	0	0	0	0	 
裝	0	0	0	0	 
裞	8965	0	0	0	 
裟	0	0	0	0	 
裠	0	0	0	0	 
裡	9075	0	0	0	 
裢	9075	0	0	0	 
裣	10703	0	0	0	 
裤	0	0	0	0	 
裦	0	0	0	0	 
裧	7887	0	0	0	 
裨	0	0	0	0	 
裩	0	0	0	0	 
裪	0	0	0	0	 
裫	0	0	0	0	 
裬	0	0	0	0	 
裭	0	0	0	0	 
裮	0	0	0	0	 
裯	8294	0	0	0	 
裰	8712	0	0	0	 
裱	0	0	0	0	 
裲	8459	0	0	0	 
裳	8844	0	0	0	 
裴	0	0	0	0	 
裵	0	0	0	0	 
裶	0	0	0	0	 
裷	8074	0	0	0	 
裸	8195	0	0	0	 
裹	0	0	0	0	 
裻	8305	0	0	0	 
裼	0	0	0	0	 
製	8668	0	0	0	 
裾	0	0	0	0	 
裿	0	0	0	0	 
褀	0	0	0	0	 
褁	8569	0	0	0	 
褂	0	0	0	0	 
褄	0	0	0	0	 
褅	0	0	0	0	 
褆	0	0	0	0	 
複	0	0	0	0	 
褈	0	0	0	0	 
褉	8976	0	0	0	 
褊	0	0	0	0	 
褋	0	0	0	0	 
褌	0	0	0	0	 
褍	0	0	0	0	 
褎	0	0	0	0	 
褏	8360	0	0	0	 
褐	10263	0	0	0	 
褒	0	0	0	0	 
褔	0	0	0	0	 
褕	0	0	0	0	 
褖	0	0	0	0	 
褗	0	0	0	0	 
褘	7887	0	0	0	 
褙	9372	0	0	0	 
褚	9042	0	0	0	 
褛	0	0	0	0	 
褜	0	0	0	0	 
褝	0	0	0	0	 
褞	0	0	0	0	 
褟	0	0	0	0	 
褠	8107	0	0	0	 
褡	0	0	0	0	 
褢	0	0	0	0	 
褣	0	0	0	0	 
褤	8085	0	0	0	 
褥	0	0	0	0	 
褦	0	0	0	0	 
褧	0	0	0	0	 
褨	0	0	0	0	 
褩	8569	0	0	0	 
褪	8954	0	0	0	 
褫	0	0	0	0	 
褬	0	0	0	0	 
褭	0	0	0	0	 
褮	0	0	0	0	 
褯	9273	0	0	0	 
褰	0	0	0	0	 
褲	0	0	0	0	 
褳	8855	0	0	0	 
褴	0	0	0	0	 
褵	8415	0	0	0	 
褶	0	0	0	0	 
褷	0	0	0	0	 
褸	0	0	0	0	 
褹	0	0	0	0	 
褺	0	0	0	0	 
褻	0	0	0	0	 
褼	0	0	0	0	 
褽	0	0	0	0	 
褾	0	0	0	0	 
褿	0	0	0	0	 
襀	9471	0	0	0	 
襁	0	0	0	0	 
襂	0	0	0	0	 
襃	8800	0	0	0	 
襄	0	0	0	0	 
襅	0	0	0	0	 
襆	0	0	0	0	 
襇	0	0	0	0	 
襈	0	0	0	0	 
襉	0	0	0	0	 
襊	0	0	0	0	 
襋	0	0	0	0	 
襌	0	0	0	0	 
襍	0	0	0	0	 
襎	0	0	0	0	 
襏	0	0	0	0	 
襐	0	0	0	0	 
襑	0	0	0	0	 
襒	0	0	0	0	 
襓	0	0	0	0	 
襔	0	0	0	0	 
襕	0	0	0	0	 
襖	0	0	0	0	 
襗	0	0	0	0	 
襘	0	0	0	0	 
襙	12991	0	0	0	 
襚	0	0	0	0	 
襛	0	0	0	0	 
襜	0	0	0	0	 
襝	7887	0	0	0	 
襞	9218	0	0	0	 
襟	0	0	0	0	 
襡	0	0	0	0	 
襢	0	0	0	0	 
襣	0	0	0	0	 
襤	0	0	0	0	 
襥	8635	0	0	0	 
襦	0	0	0	0	 
襧	0	0	0	0	 
襨	0	0	0	0	 
襩	0	0	0	0	 
襪	0	0	0	0	 
襫	0	0	0	0	 
襬	0	0	0	0	 
襭	0	0	0	0	 
襮	0	0	0	0	 
襯	0	0	0	0	 
襰	0	0	0	0	 
襱	0	0	0	0	 
襲	0	0	0	0	 
襳	0	0	0	0	 
襴	0	0	0	0	 
襵	0	0	0	0	 
襶	0	0	0	0	 
襷	0	0	0	0	 
襸	0	0	0	0	 
襹	0	0	0	0	 
襺	8580	0	0	0	 
襻	0	0	0	0	 
襼	0	0	0	0	 
襽	0	0	0	0	 
襾	9097	0	0	0	 
西	0	0	0	0	 
覀	8470	0	0	0	 
要	0	0	0	0	 
覂	10175	0	0	0	 
覃	0	0	0	0	 
覄	0	0	0	0	 
覅	8492	0	0	0	 
覆	0	0	0	0	 
覇	0	0	0	0	 
覈	0	0	0	0	 
覉	0	0	0	0	 
覊	0	0	0	0	 
見	0	0	0	0	 
覌	0	0	0	0	 
覍	0	0	0	0	 
覎	0	0	0	0	 
規	0	0	0	0	 
覐	0	0	0	0	 
覑	0	0	0	0	 
覒	0	0	0	0	 
覓	0	0	0	0	 
覔	0	0	0	0	 
覕	0	0	0	0	 
視	0	0	0	0	 
覗	0	0	0	0	 
覘	0	0	0	0	 
覙	0	0	0	0	 
覚	0	0	0	0	 
覛	0	0	0	0	 
覜	0	0	0	0	 
覝	0	0	0	0	 
覞	0	0	0	0	 
覟	0	0	0	0	 
覠	0	0	0	0	 
覡	0	0	0	0	 
覢	0	0	0	0	 
覣	0	0	0	0	 
覤	0	0	0	0	 
覥	0	0	0	0	 
覦	0	0	0	0	 
覧	0	0	0	0	 
覨	0	0	0	0	 
覩	0	0	0	0	 
親	0	0	0	0	 
覫	0	0	0	0	 
覬	0	0	0	0	 
覭	0	0	0	0	 
覮	0	0	0	0	 
覯	0	0	0	0	 
覰	0	0	0	0	 
覱	0	0	0	0	 
覲	0	0	0	0	 
観	0	0	0	0	 
覴	0	0	0	0	 
覵	0	0	0	0	 
覶	0	0	0	0	 
覷	0	0	0	0	 
覸	0	0	0	0	 
覹	0	0	0	0	 
覺	0	0	0	0	 
覻	0	0	0	0	 
覼	0	0	0	0	 
覽	0	0	0	0	 
覾	0	0	0	0	 
覿	0	0	0	0	 
觀	10901	0	0	0	 
见	9592	0	0	0	 
规	8349	0	0	0	 
视	9042	0	0	0	 
觇	8855	0	0	0	 
览	9647	0	0	0	 
觉	9460	0	0	0	 
觋	8492	0	0	0	 
觌	12991	0	0	0	 
觍	8646	0	0	0	 
觎	8052	0	0	0	 
觏	9053	0	0	0	 
觐	8591	0	0	0	 
觑	9031	0	0	0	 
角	0	0	0	0	 
觔	0	0	0	0	 
觕	8184	0	0	0	 
觖	0	0	0	0	 
觗	0	0	0	0	 
觘	0	0	0	0	 
觙	8327	0	0	0	 
觚	0	0	0	0	 
觛	8404	0	0	0	 
觜	0	0	0	0	 
觝	9031	0	0	0	 
觞	0	0	0	0	 
觟	0	0	0	0	 
觠	0	0	0	0	 
觡	0	0	0	0	 
觢	8228	0	0	0	 
解	10736	0	0	0	 
觥	0	0	0	0	 
觧	0	0	0	0	 
觨	0	0	0	0	 
觩	0	0	0	0	 
觪	8987	0	0	0	 
觫	0	0	0	0	 
觭	0	0	0	0	 
觮	8074	0	0	0	 
觯	0	0	0	0	 
觱	0	0	0	0	 
觲	9350	0	0	0	 
觳	0	0	0	0	 
觵	0	0	0	0	 
觶	0	0	0	0	 
觷	0	0	0	0	 
觸	0	0	0	0	 
觹	0	0	0	0	 
觺	0	0	0	0	 
觻	0	0	0	0	 
觼	0	0	0	0	 
觽	0	0	0	0	 
觾	0	0	0	0	 
觿	9163	0	0	0	 
言	0	0	0	0	 
訁	0	0	0	0	 
訂	0	0	0	0	 
訃	0	0	0	0	 
訄	0	0	0	0	 
訅	0	0	0	0	 
訆	9075	0	0	0	 
訇	0	0	0	0	 
計	0	0	0	0	 
訉	0	0	0	0	 
訊	0	0	0	0	 
訋	0	0	0	0	 
訌	0	0	0	0	 
訍	0	0	0	0	 
討	0	0	0	0	 
訏	0	0	0	0	 
訐	0	0	0	0	 
訑	0	0	0	0	 
訒	0	0	0	0	 
訓	0	0	0	0	 
訔	0	0	0	0	 
訕	0	0	0	0	 
訖	0	0	0	0	 
託	0	0	0	0	 
記	0	0	0	0	 
訙	0	0	0	0	 
訚	0	0	0	0	 
訛	0	0	0	0	 
訜	0	0	0	0	 
訝	0	0	0	0	 
訞	0	0	0	0	 
訟	0	0	0	0	 
訠	0	0	0	0	 
訡	0	0	0	0	 
訢	0	0	0	0	 
訣	0	0	0	0	 
訤	0	0	0	0	 
訥	0	0	0	0	 
訦	0	0	0	0	 
訧	0	0	0	0	 
訨	0	0	0	0	 
訩	0	0	0	0	 
訪	0	0	0	0	 
訫	0	0	0	0	 
訬	0	0	0	0	 
設	0	0	0	0	 
訮	0	0	0	0	 
訯	0	0	0	0	 
訰	0	0	0	0	 
許	0	0	0	0	 
訲	0	0	0	0	 
訳	0	0	0	0	 
訴	0	0	0	0	 
訵	0	0	0	0	 
訶	0	0	0	0	 
訷	0	0	0	0	 
訸	0	0	0	0	 
訹	0	0	0	0	 
診	0	0	0	0	 
註	0	0	0	0	 
証	0	0	0	0	 
訽	14762	0	0	0	 
訾	0	0	0	0	 
詀	0	0	0	0	 
詁	0	0	0	0	 
詂	0	0	0	0	 
詃	0	0	0	0	 
詄	0	0	0	0	 
詅	0	0	0	0	 
詆	0	0	0	0	 
詇	8327	0	0	0	 
詈	0	0	0	0	 
詊	0	0	0	0	 
詋	0	0	0	0	 
詌	0	0	0	0	 
詍	0	0	0	0	 
詎	0	0	0	0	 
詏	0	0	0	0	 
詐	0	0	0	0	 
詑	0	0	0	0	 
詒	0	0	0	0	 
詓	0	0	0	0	 
詔	0	0	0	0	 
評	0	0	0	0	 
詖	0	0	0	0	 
詗	0	0	0	0	 
詘	0	0	0	0	 
詙	0	0	0	0	 
詚	0	0	0	0	 
詛	0	0	0	0	 
詜	0	0	0	0	 
詝	0	0	0	0	 
詞	0	0	0	0	 
詟	0	0	0	0	 
詠	0	0	0	0	 
詡	0	0	0	0	 
詢	0	0	0	0	 
詣	0	0	0	0	 
詤	0	0	0	0	 
詥	0	0	0	0	 
試	0	0	0	0	 
詧	0	0	0	0	 
詨	0	0	0	0	 
詩	0	0	0	0	 
詪	0	0	0	0	 
詫	0	0	0	0	 
詬	0	0	0	0	 
詭	0	0	0	0	 
詮	0	0	0	0	 
詯	0	0	0	0	 
詰	0	0	0	0	 
話	0	0	0	0	 
該	0	0	0	0	 
詳	0	0	0	0	 
詴	0	0	0	0	 
詵	0	0	0	0	 
詶	0	0	0	0	 
詷	0	0	0	0	 
詸	8657	0	0	0	 
詹	0	0	0	0	 
詺	0	0	0	0	 
詻	0	0	0	0	 
詼	0	0	0	0	 
詽	0	0	0	0	 
詾	0	0	0	0	 
詿	0	0	0	0	 
誀	0	0	0	0	 
誁	0	0	0	0	 
誂	0	0	0	0	 
誃	0	0	0	0	 
誄	0	0	0	0	 
誅	0	0	0	0	 
誆	0	0	0	0	 
誇	0	0	0	0	 
誈	8041	0	0	0	 
誉	9009	0	0	0	 
誊	0	0	0	0	 
誋	0	0	0	0	 
誌	0	0	0	0	 
認	0	0	0	0	 
誎	0	0	0	0	 
誏	0	0	0	0	 
誐	0	0	0	0	 
誑	0	0	0	0	 
誒	8349	0	0	0	 
誓	0	0	0	0	 
誔	0	0	0	0	 
誕	0	0	0	0	 
誖	0	0	0	0	 
誗	0	0	0	0	 
誘	0	0	0	0	 
誙	0	0	0	0	 
誚	0	0	0	0	 
誛	0	0	0	0	 
誜	0	0	0	0	 
誝	0	0	0	0	 
語	0	0	0	0	 
誟	0	0	0	0	 
誠	0	0	0	0	 
誡	0	0	0	0	 
誢	0	0	0	0	 
誣	12991	0	0	0	 
誤	0	0	0	0	 
誥	0	0	0	0	 
誦	0	0	0	0	 
誧	0	0	0	0	 
誨	0	0	0	0	 
誩	0	0	0	0	 
說	0	0	0	0	 
誫	0	0	0	0	 
説	0	0	0	0	 
読	0	0	0	0	 
誮	0	0	0	0	 
誯	0	0	0	0	 
誰	0	0	0	0	 
誱	0	0	0	0	 
課	0	0	0	0	 
誳	0	0	0	0	 
誴	0	0	0	0	 
誵	0	0	0	0	 
誶	0	0	0	0	 
誷	0	0	0	0	 
誸	0	0	0	0	 
誹	0	0	0	0	 
誺	0	0	0	0	 
誻	0	0	0	0	 
誼	0	0	0	0	 
誽	0	0	0	0	 
誾	0	0	0	0	 
調	0	0	0	0	 
諀	0	0	0	0	 
諁	0	0	0	0	 
諂	0	0	0	0	 
諃	0	0	0	0	 
諄	0	0	0	0	 
諅	0	0	0	0	 
諆	0	0	0	0	 
談	0	0	0	0	 
諈	0	0	0	0	 
諉	0	0	0	0	 
諊	0	0	0	0	 
請	0	0	0	0	 
諌	0	0	0	0	 
諍	0	0	0	0	 
諎	0	0	0	0	 
諏	0	0	0	0	 
諐	0	0	0	0	 
諑	0	0	0	0	 
諒	0	0	0	0	 
諓	0	0	0	0	 
諔	0	0	0	0	 
諕	0	0	0	0	 
論	0	0	0	0	 
諗	0	0	0	0	 
諘	0	0	0	0	 
諙	0	0	0	0	 
諚	0	0	0	0	 
諛	0	0	0	0	 
諜	0	0	0	0	 
諝	0	0	0	0	 
諞	0	0	0	0	 
諟	0	0	0	0	 
諠	0	0	0	0	 
諡	0	0	0	0	 
諢	0	0	0	0	 
諣	0	0	0	0	 
諤	0	0	0	0	 
諥	0	0	0	0	 
諦	0	0	0	0	 
諧	0	0	0	0	 
諨	0	0	0	0	 
諩	0	0	0	0	 
諪	0	0	0	0	 
諫	0	0	0	0	 
諬	0	0	0	0	 
諭	0	0	0	0	 
諮	0	0	0	0	 
諯	0	0	0	0	 
諰	0	0	0	0	 
諱	0	0	0	0	 
諲	0	0	0	0	 
諳	0	0	0	0	 
諴	0	0	0	0	 
諵	0	0	0	0	 
諶	0	0	0	0	 
諷	0	0	0	0	 
諸	0	0	0	0	 
諹	0	0	0	0	 
諺	0	0	0	0	 
諻	0	0	0	0	 
諼	0	0	0	0	 
諽	0	0	0	0	 
諾	0	0	0	0	 
諿	0	0	0	0	 
謀	0	0	0	0	 
謁	0	0	0	0	 
謂	0	0	0	0	 
謃	12991	0	0	0	 
謄	0	0	0	0	 
謅	0	0	0	0	 
謆	9383	0	0	0	 
謇	0	0	0	0	 
謈	0	0	0	0	 
謉	0	0	0	0	 
謊	0	0	0	0	 
謋	0	0	0	0	 
謌	0	0	0	0	 
謍	0	0	0	0	 
謎	0	0	0	0	 
謏	0	0	0	0	 
謐	0	0	0	0	 
謑	0	0	0	0	 
謒	0	0	0	0	 
謓	0	0	0	0	 
謔	0	0	0	0	 
謕	0	0	0	0	 
謖	0	0	0	0	 
謗	0	0	0	0	 
謘	0	0	0	0	 
謙	0	0	0	0	 
謚	0	0	0	0	 
講	0	0	0	0	 
謜	0	0	0	0	 
謝	0	0	0	0	 
謞	0	0	0	0	 
謟	0	0	0	0	 
謠	0	0	0	0	 
謡	0	0	0	0	 
謢	0	0	0	0	 
謣	0	0	0	0	 
謤	0	0	0	0	 
謥	9614	0	0	0	 
謦	0	0	0	0	 
謨	0	0	0	0	 
謩	0	0	0	0	 
謪	0	0	0	0	 
謫	0	0	0	0	 
謬	0	0	0	0	 
謭	0	0	0	0	 
謮	0	0	0	0	 
謯	0	0	0	0	 
謰	0	0	0	0	 
謱	0	0	0	0	 
謲	0	0	0	0	 
謳	0	0	0	0	 
謴	0	0	0	0	 
謵	0	0	0	0	 
謶	0	0	0	0	 
謷	0	0	0	0	 
謸	0	0	0	0	 
謹	0	0	0	0	 
謺	0	0	0	0	 
謻	0	0	0	0	 
謼	0	0	0	0	 
謽	0	0	0	0	 
謾	0	0	0	0	 
謿	0	0	0	0	 
譀	0	0	0	0	 
譁	0	0	0	0	 
譂	0	0	0	0	 
譃	0	0	0	0	 
譄	0	0	0	0	 
譅	0	0	0	0	 
譆	0	0	0	0	 
譇	0	0	0	0	 
譈	0	0	0	0	 
證	0	0	0	0	 
譊	0	0	0	0	 
譋	0	0	0	0	 
譌	0	0	0	0	 
譍	0	0	0	0	 
譎	0	0	0	0	 
譏	0	0	0	0	 
譐	0	0	0	0	 
譑	0	0	0	0	 
譒	0	0	0	0	 
譓	0	0	0	0	 
譔	0	0	0	0	 
譕	0	0	0	0	 
譖	0	0	0	0	 
譗	0	0	0	0	 
識	0	0	0	0	 
譙	0	0	0	0	 
譚	0	0	0	0	 
譛	0	0	0	0	 
譜	0	0	0	0	 
譝	0	0	0	0	 
譞	0	0	0	0	 
譟	0	0	0	0	 
譠	0	0	0	0	 
譡	0	0	0	0	 
譢	0	0	0	0	 
譣	0	0	0	0	 
譤	0	0	0	0	 
譥	9152	0	0	0	 
警	12991	0	0	0	 
譧	0	0	0	0	 
譨	0	0	0	0	 
譩	0	0	0	0	 
譪	0	0	0	0	 
譫	8305	0	0	0	 
譬	0	0	0	0	 
譭	0	0	0	0	 
譮	0	0	0	0	 
譯	0	0	0	0	 
議	0	0	0	0	 
譱	0	0	0	0	 
譲	0	0	0	0	 
譳	0	0	0	0	 
譴	0	0	0	0	 
譵	0	0	0	0	 
譶	0	0	0	0	 
護	0	0	0	0	 
譸	0	0	0	0	 
譹	0	0	0	0	 
譺	0	0	0	0	 
譻	0	0	0	0	 
譼	0	0	0	0	 
譽	0	0	0	0	 
譾	0	0	0	0	 
譿	0	0	0	0	 
讀	0	0	0	0	 
讁	0	0	0	0	 
讂	0	0	0	0	 
讃	0	0	0	0	 
讄	0	0	0	0	 
讅	0	0	0	0	 
讆	0	0	0	0	 
讇	0	0	0	0	 
讈	0	0	0	0	 
讉	0	0	0	0	 
變	0	0	0	0	 
讋	0	0	0	0	 
讌	0	0	0	0	 
讍	0	0	0	0	 
讎	0	0	0	0	 
讏	0	0	0	0	 
讐	0	0	0	0	 
讑	0	0	0	0	 
讒	0	0	0	0	 
讓	0	0	0	0	 
讔	0	0	0	0	 
讕	0	0	0	0	 
讖	0	0	0	0	 
讗	0	0	0	0	 
讘	0	0	0	0	 
讙	0	0	0	0	 
讚	0	0	0	0	 
讛	0	0	0	0	 
讜	0	0	0	0	 
讝	0	0	0	0	 
讞	0	0	0	0	 
讟	14575	0	0	0	 
讠	10054	0	0	0	 
计	8492	0	0	0	 
讣	8217	0	0	0	 
认	8591	0	0	0	 
讥	8525	0	0	0	 
讦	8899	0	0	0	 
讧	8844	0	0	0	 
讨	8074	0	0	0	 
让	9185	0	0	0	 
讪	8646	0	0	0	 
讫	0	0	0	0	 
讬	9691	0	0	0	 
训	8041	0	0	0	 
议	9691	0	0	0	 
讯	8415	0	0	0	 
记	8921	0	0	0	 
讲	9614	0	0	0	 
讳	8481	0	0	0	 
讵	8129	0	0	0	 
讶	8217	0	0	0	 
讷	9537	0	0	0	 
许	9878	0	0	0	 
讹	0	0	0	0	 
讻	9141	0	0	0	 
讼	10769	0	0	0	 
讽	12364	0	0	0	 
访	8723	0	0	0	 
诂	8525	0	0	0	 
诃	9394	0	0	0	 
评	9086	0	0	0	 
诅	8734	0	0	0	 
识	0	0	0	0	 
诇	8261	0	0	0	 
诈	8987	0	0	0	 
诉	9020	0	0	0	 
诊	8492	0	0	0	 
诋	8448	0	0	0	 
诌	10846	0	0	0	 
词	8206	0	0	0	 
诏	0	0	0	0	 
诐	8041	0	0	0	 
译	8646	0	0	0	 
诒	9361	0	0	0	 
诓	8756	0	0	0	 
诔	8349	0	0	0	 
试	8569	0	0	0	 
诖	8481	0	0	0	 
诗	8525	0	0	0	 
诘	8811	0	0	0	 
诙	10736	0	0	0	 
诚	9174	0	0	0	 
诜	8701	0	0	0	 
话	8261	0	0	0	 
诞	8052	0	0	0	 
诟	10153	0	0	0	 
诠	11099	0	0	0	 
诡	8041	0	0	0	 
诣	8470	0	0	0	 
诤	10164	0	0	0	 
该	10681	0	0	0	 
诧	9537	0	0	0	 
诩	0	0	0	0	 
诪	9350	0	0	0	 
诫	8646	0	0	0	 
语	9009	0	0	0	 
诮	8074	0	0	0	 
误	8052	0	0	0	 
诰	8272	0	0	0	 
诱	11407	0	0	0	 
诲	8877	0	0	0	 
说	9141	0	0	0	 
诵	8327	0	0	0	 
诶	9614	0	0	0	 
请	8536	0	0	0	 
诸	8602	0	0	0	 
诹	8558	0	0	0	 
诺	8668	0	0	0	 
读	8668	0	0	0	 
诼	12496	0	0	0	 
诽	8646	0	0	0	 
谀	8932	0	0	0	 
谁	9515	0	0	0	 
谂	10615	0	0	0	 
调	11605	0	0	0	 
谅	8866	0	0	0	 
谇	8954	0	0	0	 
谈	0	0	0	0	 
谉	8041	0	0	0	 
谊	8745	0	0	0	 
谋	9152	0	0	0	 
谌	12848	0	0	0	 
谍	9031	0	0	0	 
谐	8767	0	0	0	 
谑	7964	0	0	0	 
谒	8184	0	0	0	 
谓	8030	0	0	0	 
谔	8041	0	0	0	 
谕	9614	0	0	0	 
谖	10736	0	0	0	 
谗	8514	0	0	0	 
谙	8613	0	0	0	 
谚	7942	0	0	0	 
谛	8690	0	0	0	 
谜	9537	0	0	0	 
谝	0	0	0	0	 
谞	8745	0	0	0	 
谟	8734	0	0	0	 
谠	8987	0	0	0	 
谡	8602	0	0	0	 
谢	9075	0	0	0	 
谣	9889	0	0	0	 
谤	9273	0	0	0	 
谦	8140	0	0	0	 
谧	10241	0	0	0	 
谨	8415	0	0	0	 
谪	9383	0	0	0	 
谫	8316	0	0	0	 
谬	8954	0	0	0	 
谭	8624	0	0	0	 
谮	9482	0	0	0	 
谯	8855	0	0	0	 
谰	8987	0	0	0	 
谱	8184	0	0	0	 
谲	8613	0	0	0	 
谳	9614	0	0	0	 
谴	8657	0	0	0	 
谵	8712	0	0	0	 
谶	8723	0	0	0	 
谷	0	0	0	0	 
谹	0	0	0	0	 
谺	0	0	0	0	 
谻	0	0	0	0	 
谼	0	0	0	0	 
谽	0	0	0	0	 
谾	0	0	0	0	 
谿	0	0	0	0	 
豀	8437	0	0	0	 
豁	0	0	0	0	 
豃	0	0	0	0	 
豄	0	0	0	0	 
豅	7997	0	0	0	 
豆	8580	0	0	0	 
豇	0	0	0	0	 
豈	8954	0	0	0	 
豉	0	0	0	0	 
豊	0	0	0	0	 
豋	8657	0	0	0	 
豌	0	0	0	0	 
豍	0	0	0	0	 
豎	0	0	0	0	 
豏	0	0	0	0	 
豐	0	0	0	0	 
豑	0	0	0	0	 
豒	0	0	0	0	 
豓	0	0	0	0	 
豔	8734	0	0	0	 
豕	0	0	0	0	 
豗	0	0	0	0	 
豘	0	0	0	0	 
豙	9482	0	0	0	 
豚	0	0	0	0	 
豛	0	0	0	0	 
豜	0	0	0	0	 
豝	0	0	0	0	 
豞	12991	0	0	0	 
豟	0	0	0	0	 
豠	8624	0	0	0	 
象	9174	0	0	0	 
豢	0	0	0	0	 
豣	0	0	0	0	 
豤	0	0	0	0	 
豥	0	0	0	0	 
豦	0	0	0	0	 
豧	0	0	0	0	 
豨	0	0	0	0	 
豩	9174	0	0	0	 
豪	8041	0	0	0	 
豫	0	0	0	0	 
豬	0	0	0	0	 
豭	0	0	0	0	 
豮	0	0	0	0	 
豯	0	0	0	0	 
豰	0	0	0	0	 
豱	0	0	0	0	 
豲	8767	0	0	0	 
豳	0	0	0	0	 
豴	0	0	0	0	 
豵	0	0	0	0	 
豶	0	0	0	0	 
豷	8074	0	0	0	 
豸	8008	0	0	0	 
豹	8976	0	0	0	 
豺	0	0	0	0	 
豼	0	0	0	0	 
豽	0	0	0	0	 
豾	0	0	0	0	 
豿	0	0	0	0	 
貀	0	0	0	0	 
貁	8734	0	0	0	 
貂	0	0	0	0	 
貃	0	0	0	0	 
貄	8921	0	0	0	 
貅	0	0	0	0	 
貆	0	0	0	0	 
貇	0	0	0	0	 
貈	9867	0	0	0	 
貉	0	0	0	0	 
貋	8195	0	0	0	 
貌	0	0	0	0	 
貍	0	0	0	0	 
貎	0	0	0	0	 
貏	0	0	0	0	 
貐	0	0	0	0	 
貑	0	0	0	0	 
貒	0	0	0	0	 
貓	8745	0	0	0	 
貔	0	0	0	0	 
貕	0	0	0	0	 
貖	0	0	0	0	 
貗	8195	0	0	0	 
貘	0	0	0	0	 
貙	0	0	0	0	 
貚	0	0	0	0	 
貛	0	0	0	0	 
貜	0	0	0	0	 
貝	0	0	0	0	 
貞	0	0	0	0	 
貟	0	0	0	0	 
負	0	0	0	0	 
財	0	0	0	0	 
貢	0	0	0	0	 
貣	0	0	0	0	 
貤	0	0	0	0	 
貥	0	0	0	0	 
貦	0	0	0	0	 
貧	0	0	0	0	 
貨	0	0	0	0	 
販	0	0	0	0	 
貪	0	0	0	0	 
貫	0	0	0	0	 
責	0	0	0	0	 
貭	0	0	0	0	 
貮	0	0	0	0	 
貯	0	0	0	0	 
貰	0	0	0	0	 
貱	0	0	0	0	 
貲	0	0	0	0	 
貳	0	0	0	0	 
貴	0	0	0	0	 
貵	0	0	0	0	 
貶	0	0	0	0	 
買	0	0	0	0	 
貸	0	0	0	0	 
貹	0	0	0	0	 
貺	0	0	0	0	 
費	0	0	0	0	 
貼	0	0	0	0	 
貽	0	0	0	0	 
貾	0	0	0	0	 
貿	0	0	0	0	 
賀	0	0	0	0	 
賁	0	0	0	0	 
賂	0	0	0	0	 
賃	0	0	0	0	 
賄	0	0	0	0	 
賅	0	0	0	0	 
賆	0	0	0	0	 
資	0	0	0	0	 
賈	0	0	0	0	 
賉	0	0	0	0	 
賊	0	0	0	0	 
賋	0	0	0	0	 
賌	0	0	0	0	 
賍	12991	0	0	0	 
賎	0	0	0	0	 
賏	0	0	0	0	 
賐	0	0	0	0	 
賑	0	0	0	0	 
賒	0	0	0	0	 
賓	0	0	0	0	 
賔	0	0	0	0	 
賕	0	0	0	0	 
賖	0	0	0	0	 
賗	0	0	0	0	 
賘	0	0	0	0	 
賙	0	0	0	0	 
賚	0	0	0	0	 
賛	0	0	0	0	 
賜	0	0	0	0	 
賝	0	0	0	0	 
賞	0	0	0	0	 
賟	0	0	0	0	 
賠	0	0	0	0	 
賡	0	0	0	0	 
賢	0	0	0	0	 
賣	0	0	0	0	 
賤	0	0	0	0	 
賥	0	0	0	0	 
賦	0	0	0	0	 
賧	0	0	0	0	 
賨	0	0	0	0	 
賩	0	0	0	0	 
質	0	0	0	0	 
賫	0	0	0	0	 
賬	0	0	0	0	 
賭	0	0	0	0	 
賮	0	0	0	0	 
賯	0	0	0	0	 
賰	0	0	0	0	 
賱	0	0	0	0	 
賲	0	0	0	0	 
賳	0	0	0	0	 
賴	0	0	0	0	 
賵	0	0	0	0	 
賶	0	0	0	0	 
賷	0	0	0	0	 
賸	0	0	0	0	 
賹	0	0	0	0	 
賺	0	0	0	0	 
賻	0	0	0	0	 
購	0	0	0	0	 
賽	0	0	0	0	 
賾	0	0	0	0	 
賿	0	0	0	0	 
贀	0	0	0	0	 
贁	0	0	0	0	 
贂	0	0	0	0	 
贃	0	0	0	0	 
贄	0	0	0	0	 
贅	0	0	0	0	 
贆	0	0	0	0	 
贇	0	0	0	0	 
贈	0	0	0	0	 
贉	0	0	0	0	 
贊	0	0	0	0	 
贋	0	0	0	0	 
贌	0	0	0	0	 
贍	0	0	0	0	 
贎	0	0	0	0	 
贏	0	0	0	0	 
贐	0	0	0	0	 
贑	0	0	0	0	 
贒	0	0	0	0	 
贓	0	0	0	0	 
贔	0	0	0	0	 
贕	0	0	0	0	 
贖	0	0	0	0	 
贗	0	0	0	0	 
贘	0	0	0	0	 
贙	0	0	0	0	 
贚	0	0	0	0	 
贛	0	0	0	0	 
贜	7887	0	0	0	 
贝	8657	0	0	0	 
贞	8492	0	0	0	 
负	0	0	0	0	 
贠	8272	0	0	0	 
贡	10362	0	0	0	 
财	9889	0	0	0	 
贤	9460	0	0	0	 
败	9669	0	0	0	 
货	9009	0	0	0	 
贩	8657	0	0	0	 
贪	9383	0	0	0	 
贫	10307	0	0	0	 
贬	8327	0	0	0	 
贮	9416	0	0	0	 
贯	10846	0	0	0	 
贱	8349	0	0	0	 
贳	8690	0	0	0	 
贴	10791	0	0	0	 
贵	9152	0	0	0	 
贷	11825	0	0	0	 
费	8745	0	0	0	 
贼	8074	0	0	0	 
贽	12309	0	0	0	 
贾	9724	0	0	0	 
赁	8668	0	0	0	 
赃	8404	0	0	0	 
资	8250	0	0	0	 
赅	9053	0	0	0	 
赆	9658	0	0	0	 
赇	8470	0	0	0	 
赈	8261	0	0	0	 
赉	8767	0	0	0	 
赊	8492	0	0	0	 
赋	9845	0	0	0	 
赌	9713	0	0	0	 
赎	9372	0	0	0	 
赏	8756	0	0	0	 
赐	0	0	0	0	 
赒	8448	0	0	0	 
赓	8844	0	0	0	 
赔	8844	0	0	0	 
赕	8261	0	0	0	 
赖	0	0	0	0	 
赗	8712	0	0	0	 
赘	8492	0	0	0	 
赙	9119	0	0	0	 
赚	8602	0	0	0	 
赛	8569	0	0	0	 
赜	8613	0	0	0	 
赝	8624	0	0	0	 
赞	0	0	0	0	 
赟	8624	0	0	0	 
赠	9185	0	0	0	 
赡	8811	0	0	0	 
赢	10362	0	0	0	 
赣	8602	0	0	0	 
赦	9086	0	0	0	 
赧	0	0	0	0	 
赨	0	0	0	0	 
赩	0	0	0	0	 
赪	8140	0	0	0	 
赫	8415	0	0	0	 
赭	0	0	0	0	 
赮	0	0	0	0	 
赯	8965	0	0	0	 
走	0	0	0	0	 
赱	0	0	0	0	 
赲	9064	0	0	0	 
赳	8492	0	0	0	 
赴	8206	0	0	0	 
赵	11132	0	0	0	 
赶	0	0	0	0	 
赸	0	0	0	0	 
赹	0	0	0	0	 
赺	12991	0	0	0	 
赻	0	0	0	0	 
赼	0	0	0	0	 
赽	0	0	0	0	 
赾	0	0	0	0	 
赿	0	0	0	0	 
趀	8712	0	0	0	 
趁	0	0	0	0	 
趃	8668	0	0	0	 
趄	8712	0	0	0	 
超	0	0	0	0	 
趆	0	0	0	0	 
趇	0	0	0	0	 
趈	0	0	0	0	 
趉	7887	0	0	0	 
越	8701	0	0	0	 
趋	0	0	0	0	 
趌	0	0	0	0	 
趍	0	0	0	0	 
趎	0	0	0	0	 
趏	0	0	0	0	 
趐	8404	0	0	0	 
趑	0	0	0	0	 
趒	0	0	0	0	 
趓	7986	0	0	0	 
趔	0	0	0	0	 
趕	0	0	0	0	 
趖	0	0	0	0	 
趗	0	0	0	0	 
趘	0	0	0	0	 
趙	0	0	0	0	 
趚	0	0	0	0	 
趛	0	0	0	0	 
趜	0	0	0	0	 
趝	0	0	0	0	 
趞	9196	0	0	0	 
趟	0	0	0	0	 
趠	0	0	0	0	 
趡	0	0	0	0	 
趢	8591	0	0	0	 
趣	0	0	0	0	 
趤	0	0	0	0	 
趥	0	0	0	0	 
趦	0	0	0	0	 
趧	0	0	0	0	 
趨	0	0	0	0	 
趩	0	0	0	0	 
趪	0	0	0	0	 
趫	0	0	0	0	 
趬	0	0	0	0	 
趭	0	0	0	0	 
趮	0	0	0	0	 
趯	0	0	0	0	 
趰	9174	0	0	0	 
趱	0	0	0	0	 
趲	9086	0	0	0	 
足	8580	0	0	0	 
趴	8008	0	0	0	 
趵	0	0	0	0	 
趶	0	0	0	0	 
趷	9416	0	0	0	 
趸	8668	0	0	0	 
趺	0	0	0	0	 
趻	9383	0	0	0	 
趼	0	0	0	0	 
趽	8591	0	0	0	 
趾	8624	0	0	0	 
趿	0	0	0	0	 
跀	0	0	0	0	 
跁	0	0	0	0	 
跂	8063	0	0	0	 
跃	8954	0	0	0	 
跄	0	0	0	0	 
跅	8866	0	0	0	 
跆	0	0	0	0	 
跇	0	0	0	0	 
跈	0	0	0	0	 
跉	0	0	0	0	 
跊	9735	0	0	0	 
跋	8525	0	0	0	 
跎	8943	0	0	0	 
跏	0	0	0	0	 
跐	9163	0	0	0	 
跑	0	0	0	0	 
跒	0	0	0	0	 
跓	0	0	0	0	 
跔	0	0	0	0	 
跕	8591	0	0	0	 
跖	8668	0	0	0	 
跗	0	0	0	0	 
跘	0	0	0	0	 
跙	9383	0	0	0	 
跚	8492	0	0	0	 
跛	0	0	0	0	 
跜	9713	0	0	0	 
距	8206	0	0	0	 
跟	0	0	0	0	 
跡	0	0	0	0	 
跢	9889	0	0	0	 
跣	8668	0	0	0	 
跤	0	0	0	0	 
跥	0	0	0	0	 
跦	0	0	0	0	 
跧	8976	0	0	0	 
跨	14245	0	0	0	 
跪	0	0	0	0	 
跭	0	0	0	0	 
跮	8327	0	0	0	 
路	0	0	0	0	 
跰	0	0	0	0	 
跱	0	0	0	0	 
跲	8800	0	0	0	 
跳	0	0	0	0	 
跴	8800	0	0	0	 
践	9174	0	0	0	 
跷	7887	0	0	0	 
跸	9504	0	0	0	 
跹	9834	0	0	0	 
跺	0	0	0	0	 
跼	8415	0	0	0	 
跽	0	0	0	0	 
跾	0	0	0	0	 
跿	0	0	0	0	 
踀	0	0	0	0	 
踁	0	0	0	0	 
踂	0	0	0	0	 
踃	0	0	0	0	 
踄	8877	0	0	0	 
踅	0	0	0	0	 
踇	0	0	0	0	 
踈	9042	0	0	0	 
踉	9141	0	0	0	 
踊	0	0	0	0	 
踋	9086	0	0	0	 
踌	0	0	0	0	 
踎	8470	0	0	0	 
踏	12991	0	0	0	 
踐	0	0	0	0	 
踑	0	0	0	0	 
踒	0	0	0	0	 
踓	8580	0	0	0	 
踔	0	0	0	0	 
踕	0	0	0	0	 
踖	0	0	0	0	 
踗	0	0	0	0	 
踘	0	0	0	0	 
踙	0	0	0	0	 
踚	0	0	0	0	 
踛	0	0	0	0	 
踜	9295	0	0	0	 
踝	10494	0	0	0	 
踞	0	0	0	0	 
踠	0	0	0	0	 
踡	8448	0	0	0	 
踢	8492	0	0	0	 
踣	0	0	0	0	 
踤	0	0	0	0	 
踥	0	0	0	0	 
踦	0	0	0	0	 
踧	0	0	0	0	 
踨	10505	0	0	0	 
踩	0	0	0	0	 
踫	8074	0	0	0	 
踬	0	0	0	0	 
踭	9339	0	0	0	 
踮	8591	0	0	0	 
踯	0	0	0	0	 
踰	8459	0	0	0	 
踱	0	0	0	0	 
踲	0	0	0	0	 
踳	0	0	0	0	 
踴	8998	0	0	0	 
踵	0	0	0	0	 
踶	0	0	0	0	 
踷	0	0	0	0	 
踸	8569	0	0	0	 
踹	8800	0	0	0	 
踺	0	0	0	0	 
踻	0	0	0	0	 
踼	9031	0	0	0	 
踽	0	0	0	0	 
踾	0	0	0	0	 
踿	8734	0	0	0	 
蹀	9537	0	0	0	 
蹁	8866	0	0	0	 
蹂	0	0	0	0	 
蹃	8745	0	0	0	 
蹄	0	0	0	0	 
蹅	0	0	0	0	 
蹆	10736	0	0	0	 
蹇	8932	0	0	0	 
蹉	8778	0	0	0	 
蹊	8470	0	0	0	 
蹋	0	0	0	0	 
蹌	0	0	0	0	 
蹍	0	0	0	0	 
蹎	0	0	0	0	 
蹏	0	0	0	0	 
蹐	8228	0	0	0	 
蹑	9031	0	0	0	 
蹒	0	0	0	0	 
蹓	0	0	0	0	 
蹔	0	0	0	0	 
蹕	0	0	0	0	 
蹖	0	0	0	0	 
蹗	0	0	0	0	 
蹘	8976	0	0	0	 
蹙	0	0	0	0	 
蹛	0	0	0	0	 
蹜	0	0	0	0	 
蹝	0	0	0	0	 
蹞	0	0	0	0	 
蹟	0	0	0	0	 
蹠	0	0	0	0	 
蹡	0	0	0	0	 
蹢	0	0	0	0	 
蹣	0	0	0	0	 
蹤	0	0	0	0	 
蹥	8151	0	0	0	 
蹦	0	0	0	0	 
蹨	8371	0	0	0	 
蹩	0	0	0	0	 
蹫	10758	0	0	0	 
蹬	9614	0	0	0	 
蹯	9372	0	0	0	 
蹰	0	0	0	0	 
蹱	9075	0	0	0	 
蹲	8976	0	0	0	 
蹴	0	0	0	0	 
蹵	8184	0	0	0	 
蹶	0	0	0	0	 
蹷	0	0	0	0	 
蹸	0	0	0	0	 
蹹	0	0	0	0	 
蹺	0	0	0	0	 
蹻	8987	0	0	0	 
蹼	0	0	0	0	 
蹽	0	0	0	0	 
蹾	9427	0	0	0	 
蹿	8162	0	0	0	 
躁	0	0	0	0	 
躂	0	0	0	0	 
躃	0	0	0	0	 
躄	8932	0	0	0	 
躅	0	0	0	0	 
躆	9372	0	0	0	 
躇	0	0	0	0	 
躉	0	0	0	0	 
躊	0	0	0	0	 
躋	0	0	0	0	 
躌	0	0	0	0	 
躍	0	0	0	0	 
躎	8910	0	0	0	 
躏	7986	0	0	0	 
躐	0	0	0	0	 
躑	0	0	0	0	 
躒	0	0	0	0	 
躓	9372	0	0	0	 
躔	0	0	0	0	 
躕	0	0	0	0	 
躖	0	0	0	0	 
躗	0	0	0	0	 
躘	0	0	0	0	 
躙	0	0	0	0	 
躚	0	0	0	0	 
躛	9251	0	0	0	 
躜	0	0	0	0	 
躝	8602	0	0	0	 
躞	12991	0	0	0	 
躟	0	0	0	0	 
躠	0	0	0	0	 
躡	0	0	0	0	 
躢	0	0	0	0	 
躣	0	0	0	0	 
躤	0	0	0	0	 
躥	0	0	0	0	 
躦	0	0	0	0	 
躧	0	0	0	0	 
躨	0	0	0	0	 
躩	0	0	0	0	 
躪	9174	0	0	0	 
身	8448	0	0	0	 
躬	0	0	0	0	 
躭	0	0	0	0	 
躮	8701	0	0	0	 
躯	0	0	0	0	 
躰	0	0	0	0	 
躱	8459	0	0	0	 
躲	0	0	0	0	 
躴	0	0	0	0	 
躵	0	0	0	0	 
躶	0	0	0	0	 
躷	0	0	0	0	 
躸	0	0	0	0	 
躹	9636	0	0	0	 
躺	0	0	0	0	 
躻	0	0	0	0	 
躼	0	0	0	0	 
躽	0	0	0	0	 
躾	0	0	0	0	 
躿	0	0	0	0	 
軀	0	0	0	0	 
軁	0	0	0	0	 
軂	0	0	0	0	 
軃	0	0	0	0	 
軄	0	0	0	0	 
軅	0	0	0	0	 
軆	0	0	0	0	 
軇	0	0	0	0	 
軈	0	0	0	0	 
軉	0	0	0	0	 
車	0	0	0	0	 
軋	0	0	0	0	 
軌	0	0	0	0	 
軍	8184	0	0	0	 
軎	0	0	0	0	 
軐	0	0	0	0	 
軑	0	0	0	0	 
軒	0	0	0	0	 
軓	0	0	0	0	 
軔	0	0	0	0	 
軕	0	0	0	0	 
軖	0	0	0	0	 
軗	0	0	0	0	 
軘	0	0	0	0	 
軙	0	0	0	0	 
軚	0	0	0	0	 
軛	0	0	0	0	 
軜	0	0	0	0	 
軝	0	0	0	0	 
軞	0	0	0	0	 
軟	0	0	0	0	 
軠	0	0	0	0	 
軡	0	0	0	0	 
転	0	0	0	0	 
軣	0	0	0	0	 
軤	0	0	0	0	 
軥	0	0	0	0	 
軦	0	0	0	0	 
軧	0	0	0	0	 
軨	0	0	0	0	 
軩	0	0	0	0	 
軪	0	0	0	0	 
軫	0	0	0	0	 
軬	0	0	0	0	 
軭	0	0	0	0	 
軮	0	0	0	0	 
軯	0	0	0	0	 
軰	0	0	0	0	 
軱	0	0	0	0	 
軲	0	0	0	0	 
軳	0	0	0	0	 
軴	0	0	0	0	 
軵	0	0	0	0	 
軶	0	0	0	0	 
軷	0	0	0	0	 
軸	0	0	0	0	 
軹	0	0	0	0	 
軺	0	0	0	0	 
軻	0	0	0	0	 
軼	0	0	0	0	 
軽	0	0	0	0	 
軾	0	0	0	0	 
軿	0	0	0	0	 
輀	0	0	0	0	 
輁	0	0	0	0	 
輂	0	0	0	0	 
較	0	0	0	0	 
輄	12991	0	0	0	 
輅	0	0	0	0	 
輆	0	0	0	0	 
輇	0	0	0	0	 
輈	0	0	0	0	 
載	0	0	0	0	 
輊	0	0	0	0	 
輋	0	0	0	0	 
輌	0	0	0	0	 
輍	0	0	0	0	 
輎	0	0	0	0	 
輏	0	0	0	0	 
輐	0	0	0	0	 
輑	0	0	0	0	 
輒	0	0	0	0	 
輓	0	0	0	0	 
輔	0	0	0	0	 
輕	0	0	0	0	 
輖	0	0	0	0	 
輗	0	0	0	0	 
輘	0	0	0	0	 
輙	0	0	0	0	 
輚	0	0	0	0	 
輛	0	0	0	0	 
輜	0	0	0	0	 
輝	0	0	0	0	 
輞	0	0	0	0	 
輟	0	0	0	0	 
輠	0	0	0	0	 
輡	0	0	0	0	 
輢	0	0	0	0	 
輣	0	0	0	0	 
輤	0	0	0	0	 
輥	0	0	0	0	 
輦	0	0	0	0	 
輧	0	0	0	0	 
輨	0	0	0	0	 
輩	0	0	0	0	 
輪	0	0	0	0	 
輫	0	0	0	0	 
輬	0	0	0	0	 
輭	0	0	0	0	 
輮	0	0	0	0	 
輯	0	0	0	0	 
輰	0	0	0	0	 
輱	0	0	0	0	 
輲	0	0	0	0	 
輳	0	0	0	0	 
輴	0	0	0	0	 
輵	0	0	0	0	 
輶	0	0	0	0	 
輷	0	0	0	0	 
輸	0	0	0	0	 
輹	0	0	0	0	 
輺	0	0	0	0	 
輻	0	0	0	0	 
輼	0	0	0	0	 
輽	0	0	0	0	 
輾	0	0	0	0	 
輿	0	0	0	0	 
轀	0	0	0	0	 
轁	0	0	0	0	 
轂	0	0	0	0	 
轃	0	0	0	0	 
轄	0	0	0	0	 
轅	0	0	0	0	 
轆	0	0	0	0	 
轇	0	0	0	0	 
轈	0	0	0	0	 
轉	0	0	0	0	 
轊	0	0	0	0	 
轋	0	0	0	0	 
轌	0	0	0	0	 
轍	0	0	0	0	 
轎	0	0	0	0	 
轏	0	0	0	0	 
轐	0	0	0	0	 
轑	0	0	0	0	 
轒	0	0	0	0	 
轓	0	0	0	0	 
轔	0	0	0	0	 
轕	0	0	0	0	 
轖	0	0	0	0	 
轗	0	0	0	0	 
轘	0	0	0	0	 
轙	0	0	0	0	 
轚	0	0	0	0	 
轛	0	0	0	0	 
轜	0	0	0	0	 
轝	0	0	0	0	 
轞	0	0	0	0	 
轟	0	0	0	0	 
轠	0	0	0	0	 
轡	0	0	0	0	 
轢	0	0	0	0	 
轣	0	0	0	0	 
轤	12991	0	0	0	 
轥	8712	0	0	0	 
车	8811	0	0	0	 
轧	10725	0	0	0	 
轨	0	0	0	0	 
轪	8217	0	0	0	 
轫	9592	0	0	0	 
转	8030	0	0	0	 
轭	9317	0	0	0	 
轮	9339	0	0	0	 
软	11055	0	0	0	 
轰	8492	0	0	0	 
轲	8932	0	0	0	 
轳	8811	0	0	0	 
轴	8591	0	0	0	 
轵	8041	0	0	0	 
轶	8954	0	0	0	 
轷	9020	0	0	0	 
轸	8327	0	0	0	 
轹	9075	0	0	0	 
轺	9317	0	0	0	 
轻	8349	0	0	0	 
轼	8228	0	0	0	 
载	8074	0	0	0	 
轾	8481	0	0	0	 
轿	10153	0	0	0	 
辁	8327	0	0	0	 
辂	9933	0	0	0	 
较	9009	0	0	0	 
辅	9042	0	0	0	 
辆	9262	0	0	0	 
辇	7887	0	0	0	 
辈	13519	0	0	0	 
辉	0	0	0	0	 
辌	16907	0	0	0	 
辍	0	0	0	0	 
辒	9317	0	0	0	 
输	8371	0	0	0	 
辔	9405	0	0	0	 
辕	9427	0	0	0	 
辖	9020	0	0	0	 
辗	9845	0	0	0	 
辘	10615	0	0	0	 
辚	8327	0	0	0	 
辜	0	0	0	0	 
辝	10406	0	0	0	 
辞	0	0	0	0	 
辡	0	0	0	0	 
辢	8382	0	0	0	 
辣	0	0	0	0	 
辤	0	0	0	0	 
辥	0	0	0	0	 
辦	0	0	0	0	 
辧	10406	0	0	0	 
辨	8459	0	0	0	 
辫	0	0	0	0	 
辭	0	0	0	0	 
辮	0	0	0	0	 
辯	9152	0	0	0	 
辰	8635	0	0	0	 
辱	0	0	0	0	 
農	0	0	0	0	 
辳	0	0	0	0	 
辴	0	0	0	0	 
辵	14575	0	0	0	 
辶	0	0	0	0	 
辷	0	0	0	0	 
辸	8635	0	0	0	 
边	0	0	0	0	 
辻	0	0	0	0	 
込	10230	0	0	0	 
辽	0	0	0	0	 
迀	9273	0	0	0	 
迁	8250	0	0	0	 
迂	0	0	0	0	 
迃	8437	0	0	0	 
迄	9691	0	0	0	 
迅	0	0	0	0	 
迆	9031	0	0	0	 
过	0	0	0	0	 
迉	0	0	0	0	 
迊	0	0	0	0	 
迋	0	0	0	0	 
迌	0	0	0	0	 
迍	8811	0	0	0	 
迎	0	0	0	0	 
迏	8877	0	0	0	 
运	8767	0	0	0	 
近	8129	0	0	0	 
迓	9614	0	0	0	 
返	8591	0	0	0	 
迕	0	0	0	0	 
迖	0	0	0	0	 
迗	8877	0	0	0	 
还	7777	0	0	0	 
这	0	0	0	0	 
迚	10934	0	0	0	 
进	8789	0	0	0	 
违	9075	0	0	0	 
连	8954	0	0	0	 
迟	0	0	0	0	 
迡	9317	0	0	0	 
迢	0	0	0	0	 
迣	8646	0	0	0	 
迤	9273	0	0	0	 
迥	8943	0	0	0	 
迦	0	0	0	0	 
迧	7997	0	0	0	 
迨	8272	0	0	0	 
迩	9955	0	0	0	 
迪	0	0	0	0	 
迬	10032	0	0	0	 
迭	0	0	0	0	 
迯	9108	0	0	0	 
述	0	0	0	0	 
迱	0	0	0	0	 
迲	8602	0	0	0	 
迳	0	0	0	0	 
迴	0	0	0	0	 
迵	0	0	0	0	 
迶	8690	0	0	0	 
迷	9944	0	0	0	 
迸	0	0	0	0	 
迺	0	0	0	0	 
迻	0	0	0	0	 
迼	8877	0	0	0	 
追	0	0	0	0	 
迾	0	0	0	0	 
迿	8569	0	0	0	 
退	9141	0	0	0	 
送	8349	0	0	0	 
适	8844	0	0	0	 
逃	9108	0	0	0	 
逄	8679	0	0	0	 
逅	8349	0	0	0	 
逆	0	0	0	0	 
逇	0	0	0	0	 
逈	9867	0	0	0	 
选	9691	0	0	0	 
逊	7931	0	0	0	 
逋	0	0	0	0	 
逌	9317	0	0	0	 
逍	0	0	0	0	 
逎	8470	0	0	0	 
透	8932	0	0	0	 
逐	9658	0	0	0	 
逑	7942	0	0	0	 
递	8910	0	0	0	 
途	0	0	0	0	 
逕	8305	0	0	0	 
逖	7997	0	0	0	 
逗	0	0	0	0	 
逘	0	0	0	0	 
這	8734	0	0	0	 
通	8712	0	0	0	 
逛	8349	0	0	0	 
逝	10945	0	0	0	 
逞	8360	0	0	0	 
造	9295	0	0	0	 
逡	9273	0	0	0	 
逢	0	0	0	0	 
逤	0	0	0	0	 
逥	8932	0	0	0	 
逦	0	0	0	0	 
逧	0	0	0	0	 
逨	0	0	0	0	 
逩	0	0	0	0	 
逪	0	0	0	0	 
逫	0	0	0	0	 
逬	9174	0	0	0	 
逭	8580	0	0	0	 
逮	8327	0	0	0	 
逯	0	0	0	0	 
逰	0	0	0	0	 
週	0	0	0	0	 
進	0	0	0	0	 
逳	0	0	0	0	 
逴	9328	0	0	0	 
逵	8393	0	0	0	 
逶	0	0	0	0	 
逷	8041	0	0	0	 
逸	0	0	0	0	 
逹	0	0	0	0	 
逺	8074	0	0	0	 
逻	8074	0	0	0	 
逼	8646	0	0	0	 
逾	0	0	0	0	 
逿	0	0	0	0	 
遀	10824	0	0	0	 
遁	0	0	0	0	 
遃	9647	0	0	0	 
遄	0	0	0	0	 
遅	0	0	0	0	 
遆	8041	0	0	0	 
遇	0	0	0	0	 
遈	0	0	0	0	 
遉	0	0	0	0	 
遊	0	0	0	0	 
運	0	0	0	0	 
遌	8459	0	0	0	 
遍	10274	0	0	0	 
遏	9493	0	0	0	 
遑	9658	0	0	0	 
遒	7942	0	0	0	 
道	0	0	0	0	 
達	12991	0	0	0	 
違	0	0	0	0	 
遖	8646	0	0	0	 
遗	8052	0	0	0	 
遘	0	0	0	0	 
遙	0	0	0	0	 
遚	8558	0	0	0	 
遛	0	0	0	0	 
遜	0	0	0	0	 
遝	0	0	0	0	 
遞	0	0	0	0	 
遟	0	0	0	0	 
遠	0	0	0	0	 
遡	8624	0	0	0	 
遢	9614	0	0	0	 
遣	0	0	0	0	 
遤	9075	0	0	0	 
遥	0	0	0	0	 
遦	0	0	0	0	 
遧	8184	0	0	0	 
遨	0	0	0	0	 
適	0	0	0	0	 
遪	0	0	0	0	 
遫	0	0	0	0	 
遬	8547	0	0	0	 
遭	8107	0	0	0	 
遮	0	0	0	0	 
遯	0	0	0	0	 
遰	0	0	0	0	 
遱	0	0	0	0	 
遲	0	0	0	0	 
遳	9427	0	0	0	 
遴	9251	0	0	0	 
遵	0	0	0	0	 
遶	0	0	0	0	 
遷	0	0	0	0	 
選	0	0	0	0	 
遹	0	0	0	0	 
遺	0	0	0	0	 
遻	0	0	0	0	 
遼	8481	0	0	0	 
遽	0	0	0	0	 
遾	9427	0	0	0	 
避	0	0	0	0	 
邁	8602	0	0	0	 
邂	8866	0	0	0	 
邃	0	0	0	0	 
還	0	0	0	0	 
邅	0	0	0	0	 
邆	0	0	0	0	 
邇	8734	0	0	0	 
邈	0	0	0	0	 
邉	0	0	0	0	 
邊	8591	0	0	0	 
邋	0	0	0	0	 
邌	0	0	0	0	 
邍	0	0	0	0	 
邎	0	0	0	0	 
邏	0	0	0	0	 
邐	8041	0	0	0	 
邑	0	0	0	0	 
邒	8206	0	0	0	 
邓	8800	0	0	0	 
邕	0	0	0	0	 
邖	9273	0	0	0	 
邗	0	0	0	0	 
邘	8932	0	0	0	 
邙	0	0	0	0	 
邚	9757	0	0	0	 
邛	0	0	0	0	 
邜	9185	0	0	0	 
邝	0	0	0	0	 
邞	0	0	0	0	 
邟	0	0	0	0	 
邠	8789	0	0	0	 
邡	9493	0	0	0	 
邢	8173	0	0	0	 
那	0	0	0	0	 
邤	0	0	0	0	 
邥	8338	0	0	0	 
邦	0	0	0	0	 
邨	0	0	0	0	 
邩	9031	0	0	0	 
邪	0	0	0	0	 
邫	8250	0	0	0	 
邬	0	0	0	0	 
邭	9075	0	0	0	 
邮	9273	0	0	0	 
邯	8866	0	0	0	 
邰	9317	0	0	0	 
邱	0	0	0	0	 
邲	8448	0	0	0	 
邳	8987	0	0	0	 
邴	8866	0	0	0	 
邵	7887	0	0	0	 
邶	0	0	0	0	 
邷	8492	0	0	0	 
邸	8602	0	0	0	 
邹	7964	0	0	0	 
邺	9427	0	0	0	 
邻	0	0	0	0	 
邽	8536	0	0	0	 
邾	0	0	0	0	 
邿	0	0	0	0	 
郀	8041	0	0	0	 
郁	0	0	0	0	 
郂	0	0	0	0	 
郃	8888	0	0	0	 
郄	8074	0	0	0	 
郅	0	0	0	0	 
郆	10208	0	0	0	 
郇	0	0	0	0	 
郈	0	0	0	0	 
郉	8668	0	0	0	 
郊	0	0	0	0	 
郋	0	0	0	0	 
郌	0	0	0	0	 
郍	11055	0	0	0	 
郎	8987	0	0	0	 
郐	8470	0	0	0	 
郑	0	0	0	0	 
郒	8877	0	0	0	 
郓	0	0	0	0	 
郔	0	0	0	0	 
郕	0	0	0	0	 
郖	9097	0	0	0	 
郗	0	0	0	0	 
郘	0	0	0	0	 
郙	0	0	0	0	 
郚	9009	0	0	0	 
郛	8052	0	0	0	 
郜	9174	0	0	0	 
郝	0	0	0	0	 
郟	0	0	0	0	 
郠	9119	0	0	0	 
郡	8811	0	0	0	 
郢	0	0	0	0	 
郣	0	0	0	0	 
郤	0	0	0	0	 
郥	8327	0	0	0	 
郦	9482	0	0	0	 
郧	7755	0	0	0	 
部	0	0	0	0	 
郩	0	0	0	0	 
郪	8745	0	0	0	 
郫	0	0	0	0	 
郬	8030	0	0	0	 
郭	8954	0	0	0	 
郯	0	0	0	0	 
郰	0	0	0	0	 
郱	0	0	0	0	 
郲	0	0	0	0	 
郳	8855	0	0	0	 
郴	0	0	0	0	 
郵	0	0	0	0	 
郶	0	0	0	0	 
郷	8459	0	0	0	 
郸	12991	0	0	0	 
郹	0	0	0	0	 
郺	0	0	0	0	 
郻	0	0	0	0	 
郼	7997	0	0	0	 
都	9163	0	0	0	 
郾	0	0	0	0	 
郿	0	0	0	0	 
鄀	0	0	0	0	 
鄁	8030	0	0	0	 
鄂	9240	0	0	0	 
鄄	0	0	0	0	 
鄅	0	0	0	0	 
鄆	0	0	0	0	 
鄇	0	0	0	0	 
鄈	0	0	0	0	 
鄉	0	0	0	0	 
鄊	0	0	0	0	 
鄋	0	0	0	0	 
鄌	0	0	0	0	 
鄍	0	0	0	0	 
鄎	0	0	0	0	 
鄏	0	0	0	0	 
鄐	0	0	0	0	 
鄑	0	0	0	0	 
鄒	0	0	0	0	 
鄓	0	0	0	0	 
鄔	0	0	0	0	 
鄕	0	0	0	0	 
鄖	0	0	0	0	 
鄗	0	0	0	0	 
鄘	8437	0	0	0	 
鄙	0	0	0	0	 
鄛	0	0	0	0	 
鄜	9251	0	0	0	 
鄝	8800	0	0	0	 
鄟	8514	0	0	0	 
鄣	9185	0	0	0	 
鄤	8899	0	0	0	 
鄰	8602	0	0	0	 
鄲	9306	0	0	0	 
鄺	0	0	0	0	 
酄	8932	0	0	0	 
酆	0	0	0	0	 
酇	0	0	0	0	 
酈	8789	0	0	0	 
酉	8679	0	0	0	 
酊	9658	0	0	0	 
酋	8668	0	0	0	 
酌	8371	0	0	0	 
配	8261	0	0	0	 
酎	8646	0	0	0	 
酏	8514	0	0	0	 
酐	0	0	0	0	 
酑	9317	0	0	0	 
酒	0	0	0	0	 
酔	0	0	0	0	 
酕	0	0	0	0	 
酖	8987	0	0	0	 
酗	0	0	0	0	 
酘	0	0	0	0	 
酙	8932	0	0	0	 
酚	0	0	0	0	 
酜	8877	0	0	0	 
酝	8426	0	0	0	 
酞	0	0	0	0	 
酟	0	0	0	0	 
酠	11869	0	0	0	 
酡	8327	0	0	0	 
酤	9196	0	0	0	 
酥	0	0	0	0	 
酦	0	0	0	0	 
酧	0	0	0	0	 
酨	10186	0	0	0	 
酩	9086	0	0	0	 
酬	9031	0	0	0	 
酮	12815	0	0	0	 
酯	9009	0	0	0	 
酲	11935	0	0	0	 
酴	10901	0	0	0	 
酷	8206	0	0	0	 
酹	0	0	0	0	 
酻	0	0	0	0	 
酼	12650	0	0	0	 
酽	0	0	0	0	 
醀	0	0	0	0	 
醁	0	0	0	0	 
醂	0	0	0	0	 
醃	0	0	0	0	 
醄	8525	0	0	0	 
醅	9988	0	0	0	 
醇	0	0	0	0	 
醈	8679	0	0	0	 
醉	0	0	0	0	 
醊	14465	0	0	0	 
醋	12991	0	0	0	 
醏	13783	0	0	0	 
醐	0	0	0	0	 
醓	0	0	0	0	 
醔	0	0	0	0	 
醕	0	0	0	0	 
醖	0	0	0	0	 
醗	0	0	0	0	 
醘	0	0	0	0	 
醙	8690	0	0	0	 
醚	10153	0	0	0	 
醛	0	0	0	0	 
醜	0	0	0	0	 
醝	0	0	0	0	 
醞	0	0	0	0	 
醟	0	0	0	0	 
醠	0	0	0	0	 
醡	11407	0	0	0	 
醢	0	0	0	0	 
醥	0	0	0	0	 
醦	0	0	0	0	 
醧	0	0	0	0	 
醨	0	0	0	0	 
醩	8844	0	0	0	 
醪	0	0	0	0	 
醬	11957	0	0	0	 
醭	0	0	0	0	 
醱	0	0	0	0	 
醲	0	0	0	0	 
醳	9922	0	0	0	 
醴	0	0	0	0	 
醷	0	0	0	0	 
醸	0	0	0	0	 
醹	9867	0	0	0	 
醺	9988	0	0	0	 
醼	8349	0	0	0	 
释	10010	0	0	0	 
釋	8393	0	0	0	 
野	9042	0	0	0	 
量	10428	0	0	0	 
釐	0	0	0	0	 
針	0	0	0	0	 
釧	0	0	0	0	 
釨	0	0	0	0	 
釩	0	0	0	0	 
釪	0	0	0	0	 
釫	0	0	0	0	 
釬	0	0	0	0	 
釭	0	0	0	0	 
釮	0	0	0	0	 
釯	0	0	0	0	 
釰	0	0	0	0	 
釱	0	0	0	0	 
釲	0	0	0	0	 
釳	0	0	0	0	 
釴	0	0	0	0	 
釵	0	0	0	0	 
釶	0	0	0	0	 
釷	0	0	0	0	 
釸	0	0	0	0	 
釹	0	0	0	0	 
釺	0	0	0	0	 
釻	0	0	0	0	 
釼	0	0	0	0	 
釽	0	0	0	0	 
釾	0	0	0	0	 
釿	0	0	0	0	 
鈀	0	0	0	0	 
鈁	0	0	0	0	 
鈂	0	0	0	0	 
鈃	0	0	0	0	 
鈄	0	0	0	0	 
鈅	12991	0	0	0	 
鈆	0	0	0	0	 
鈇	0	0	0	0	 
鈈	0	0	0	0	 
鈉	0	0	0	0	 
鈊	0	0	0	0	 
鈋	0	0	0	0	 
鈌	0	0	0	0	 
鈍	0	0	0	0	 
鈎	0	0	0	0	 
鈏	0	0	0	0	 
鈐	0	0	0	0	 
鈑	0	0	0	0	 
鈒	0	0	0	0	 
鈓	0	0	0	0	 
鈔	0	0	0	0	 
鈕	0	0	0	0	 
鈖	0	0	0	0	 
鈗	0	0	0	0	 
鈘	0	0	0	0	 
鈙	0	0	0	0	 
鈚	0	0	0	0	 
鈛	0	0	0	0	 
鈜	0	0	0	0	 
鈝	0	0	0	0	 
鈞	0	0	0	0	 
鈟	0	0	0	0	 
鈠	0	0	0	0	 
鈡	0	0	0	0	 
鈢	0	0	0	0	 
鈣	0	0	0	0	 
鈤	0	0	0	0	 
鈥	0	0	0	0	 
鉇	0	0	0	0	 
鉈	0	0	0	0	 
鉉	0	0	0	0	 
鉊	0	0	0	0	 
鉋	0	0	0	0	 
鉌	0	0	0	0	 
鉍	0	0	0	0	 
鉎	0	0	0	0	 
鉏	0	0	0	0	 
鉐	0	0	0	0	 
鉑	0	0	0	0	 
鉒	0	0	0	0	 
鉓	0	0	0	0	 
鉔	0	0	0	0	 
鉕	0	0	0	0	 
鉖	0	0	0	0	 
鉗	0	0	0	0	 
鉘	0	0	0	0	 
鉙	0	0	0	0	 
鉚	0	0	0	0	 
鉛	0	0	0	0	 
鉜	0	0	0	0	 
鉝	0	0	0	0	 
鉞	0	0	0	0	 
鉟	0	0	0	0	 
鉠	0	0	0	0	 
鉡	0	0	0	0	 
鉢	0	0	0	0	 
鉣	0	0	0	0	 
鉤	0	0	0	0	 
鉥	12991	0	0	0	 
鉦	0	0	0	0	 
鉧	0	0	0	0	 
鉨	0	0	0	0	 
鉩	0	0	0	0	 
鉪	0	0	0	0	 
鉫	0	0	0	0	 
鉬	0	0	0	0	 
鉭	0	0	0	0	 
鉮	0	0	0	0	 
鉯	0	0	0	0	 
鉰	0	0	0	0	 
鉱	0	0	0	0	 
鉲	0	0	0	0	 
鉳	8800	0	0	0	 
鉴	0	0	0	0	 
鉶	0	0	0	0	 
鉷	0	0	0	0	 
鉸	0	0	0	0	 
鉹	0	0	0	0	 
鉺	0	0	0	0	 
鉻	0	0	0	0	 
鉼	0	0	0	0	 
鉽	0	0	0	0	 
鉾	0	0	0	0	 
鉿	0	0	0	0	 
銀	0	0	0	0	 
銁	0	0	0	0	 
銂	0	0	0	0	 
銃	0	0	0	0	 
銄	0	0	0	0	 
銅	9757	0	0	0	 
銈	0	0	0	0	 
銏	0	0	0	0	 
銩	0	0	0	0	 
銪	0	0	0	0	 
銫	0	0	0	0	 
銬	0	0	0	0	 
銭	9482	0	0	0	 
銮	0	0	0	0	 
銯	0	0	0	0	 
銰	0	0	0	0	 
銱	0	0	0	0	 
銲	0	0	0	0	 
銳	0	0	0	0	 
銴	0	0	0	0	 
銵	0	0	0	0	 
銶	0	0	0	0	 
銷	0	0	0	0	 
銸	0	0	0	0	 
銹	0	0	0	0	 
銺	0	0	0	0	 
銻	0	0	0	0	 
銼	0	0	0	0	 
銽	0	0	0	0	 
銾	0	0	0	0	 
銿	0	0	0	0	 
鋀	0	0	0	0	 
鋁	0	0	0	0	 
鋂	0	0	0	0	 
鋃	0	0	0	0	 
鋄	0	0	0	0	 
鋅	0	0	0	0	 
鋆	0	0	0	0	 
鋇	8074	0	0	0	 
鋈	0	0	0	0	 
鋉	12991	0	0	0	 
鋊	0	0	0	0	 
鋋	0	0	0	0	 
鋌	0	0	0	0	 
鋍	0	0	0	0	 
鋎	0	0	0	0	 
鋏	0	0	0	0	 
鋐	0	0	0	0	 
鋑	0	0	0	0	 
鋒	0	0	0	0	 
鋓	0	0	0	0	 
鋔	0	0	0	0	 
鋕	0	0	0	0	 
鋖	0	0	0	0	 
鋗	0	0	0	0	 
鋘	0	0	0	0	 
鋙	0	0	0	0	 
鋚	0	0	0	0	 
鋛	0	0	0	0	 
鋜	0	0	0	0	 
鋝	0	0	0	0	 
鋞	0	0	0	0	 
鋟	0	0	0	0	 
鋠	0	0	0	0	 
鋡	0	0	0	0	 
鋢	0	0	0	0	 
鋣	0	0	0	0	 
鋤	0	0	0	0	 
鋥	0	0	0	0	 
鋦	0	0	0	0	 
鋧	0	0	0	0	 
鋨	0	0	0	0	 
鋩	0	0	0	0	 
錋	0	0	0	0	 
錌	0	0	0	0	 
錍	0	0	0	0	 
錎	0	0	0	0	 
錏	0	0	0	0	 
錐	0	0	0	0	 
錑	0	0	0	0	 
錒	0	0	0	0	 
錓	0	0	0	0	 
錔	0	0	0	0	 
錕	0	0	0	0	 
錖	0	0	0	0	 
錗	0	0	0	0	 
錘	0	0	0	0	 
錙	0	0	0	0	 
錚	0	0	0	0	 
錛	0	0	0	0	 
錜	0	0	0	0	 
錝	0	0	0	0	 
錞	0	0	0	0	 
錟	0	0	0	0	 
錠	0	0	0	0	 
錡	0	0	0	0	 
錢	0	0	0	0	 
錣	0	0	0	0	 
錤	0	0	0	0	 
錥	0	0	0	0	 
錦	0	0	0	0	 
錧	0	0	0	0	 
錨	0	0	0	0	 
錩	12991	0	0	0	 
錪	0	0	0	0	 
錫	0	0	0	0	 
錬	0	0	0	0	 
錭	0	0	0	0	 
錮	0	0	0	0	 
錯	0	0	0	0	 
錰	0	0	0	0	 
錱	0	0	0	0	 
録	0	0	0	0	 
錳	0	0	0	0	 
錴	0	0	0	0	 
錵	0	0	0	0	 
錶	0	0	0	0	 
錷	0	0	0	0	 
錸	0	0	0	0	 
錹	0	0	0	0	 
錺	0	0	0	0	 
錻	0	0	0	0	 
錼	0	0	0	0	 
錽	8624	0	0	0	 
錾	0	0	0	0	 
錿	0	0	0	0	 
鍀	0	0	0	0	 
鍁	0	0	0	0	 
鍂	0	0	0	0	 
鍃	0	0	0	0	 
鍄	0	0	0	0	 
鍅	0	0	0	0	 
鍆	0	0	0	0	 
鍇	0	0	0	0	 
鍈	0	0	0	0	 
鍉	8745	0	0	0	 
鍊	0	0	0	0	 
鍫	0	0	0	0	 
鍭	0	0	0	0	 
鍮	0	0	0	0	 
鍯	0	0	0	0	 
鍰	0	0	0	0	 
鍱	0	0	0	0	 
鍲	0	0	0	0	 
鍳	0	0	0	0	 
鍴	0	0	0	0	 
鍵	0	0	0	0	 
鍶	0	0	0	0	 
鍷	0	0	0	0	 
鍸	0	0	0	0	 
鍹	0	0	0	0	 
鍺	0	0	0	0	 
鍻	0	0	0	0	 
鍼	0	0	0	0	 
鍽	0	0	0	0	 
鍾	0	0	0	0	 
鍿	0	0	0	0	 
鎀	0	0	0	0	 
鎁	0	0	0	0	 
鎂	0	0	0	0	 
鎃	0	0	0	0	 
鎄	0	0	0	0	 
鎅	0	0	0	0	 
鎆	0	0	0	0	 
鎇	0	0	0	0	 
鎈	0	0	0	0	 
鎉	0	0	0	0	 
鎊	0	0	0	0	 
鎋	12991	0	0	0	 
鎌	0	0	0	0	 
鎍	0	0	0	0	 
鎎	8976	0	0	0	 
鎏	0	0	0	0	 
鎐	0	0	0	0	 
鎑	0	0	0	0	 
鎒	0	0	0	0	 
鎓	0	0	0	0	 
鎔	0	0	0	0	 
鎕	0	0	0	0	 
鎖	0	0	0	0	 
鎗	0	0	0	0	 
鎘	0	0	0	0	 
鎙	0	0	0	0	 
鎚	0	0	0	0	 
鎛	0	0	0	0	 
鎜	0	0	0	0	 
鎝	0	0	0	0	 
鎞	0	0	0	0	 
鎟	0	0	0	0	 
鎠	0	0	0	0	 
鎡	0	0	0	0	 
鎢	0	0	0	0	 
鎣	0	0	0	0	 
鎤	0	0	0	0	 
鎥	0	0	0	0	 
鎦	0	0	0	0	 
鎧	0	0	0	0	 
鎨	0	0	0	0	 
鎩	0	0	0	0	 
鎪	0	0	0	0	 
鎫	7832	0	0	0	 
鎬	0	0	0	0	 
鏋	0	0	0	0	 
鏏	0	0	0	0	 
鏐	0	0	0	0	 
鏑	0	0	0	0	 
鏒	0	0	0	0	 
鏓	0	0	0	0	 
鏔	0	0	0	0	 
鏕	8184	0	0	0	 
鏖	0	0	0	0	 
鏗	0	0	0	0	 
鏘	0	0	0	0	 
鏙	0	0	0	0	 
鏚	0	0	0	0	 
鏛	0	0	0	0	 
鏜	0	0	0	0	 
鏝	0	0	0	0	 
鏞	0	0	0	0	 
鏟	0	0	0	0	 
鏠	0	0	0	0	 
鏡	0	0	0	0	 
鏢	0	0	0	0	 
鏣	0	0	0	0	 
鏤	0	0	0	0	 
鏥	0	0	0	0	 
鏦	0	0	0	0	 
鏧	0	0	0	0	 
鏨	0	0	0	0	 
鏩	0	0	0	0	 
鏪	0	0	0	0	 
鏫	0	0	0	0	 
鏬	0	0	0	0	 
鏭	0	0	0	0	 
鏮	12991	0	0	0	 
鏯	0	0	0	0	 
鏰	0	0	0	0	 
鏱	0	0	0	0	 
鏲	0	0	0	0	 
鏳	0	0	0	0	 
鏴	0	0	0	0	 
鏵	0	0	0	0	 
鏶	0	0	0	0	 
鏷	0	0	0	0	 
鏸	0	0	0	0	 
鏹	0	0	0	0	 
鏺	0	0	0	0	 
鏻	0	0	0	0	 
鏼	0	0	0	0	 
鏽	0	0	0	0	 
鏾	0	0	0	0	 
鏿	0	0	0	0	 
鐀	0	0	0	0	 
鐁	0	0	0	0	 
鐂	0	0	0	0	 
鐃	0	0	0	0	 
鐄	0	0	0	0	 
鐅	0	0	0	0	 
鐆	0	0	0	0	 
鐇	0	0	0	0	 
鐈	0	0	0	0	 
鐉	0	0	0	0	 
鐊	0	0	0	0	 
鐋	0	0	0	0	 
鐌	0	0	0	0	 
鐍	0	0	0	0	 
鐎	0	0	0	0	 
鐰	0	0	0	0	 
鐱	0	0	0	0	 
鐲	0	0	0	0	 
鐳	0	0	0	0	 
鐴	0	0	0	0	 
鐵	0	0	0	0	 
鐶	0	0	0	0	 
鐷	0	0	0	0	 
鐸	0	0	0	0	 
鐹	0	0	0	0	 
鐺	0	0	0	0	 
鐻	0	0	0	0	 
鐼	0	0	0	0	 
鐽	7887	0	0	0	 
鐾	0	0	0	0	 
鐿	0	0	0	0	 
鑀	0	0	0	0	 
鑁	0	0	0	0	 
鑂	0	0	0	0	 
鑃	0	0	0	0	 
鑄	0	0	0	0	 
鑅	0	0	0	0	 
鑆	0	0	0	0	 
鑇	0	0	0	0	 
鑈	0	0	0	0	 
鑉	0	0	0	0	 
鑊	0	0	0	0	 
鑋	0	0	0	0	 
鑌	0	0	0	0	 
鑍	0	0	0	0	 
鑎	0	0	0	0	 
鑏	12991	0	0	0	 
鑐	0	0	0	0	 
鑑	0	0	0	0	 
鑒	0	0	0	0	 
鑓	0	0	0	0	 
鑔	0	0	0	0	 
鑕	0	0	0	0	 
鑖	0	0	0	0	 
鑗	0	0	0	0	 
鑘	0	0	0	0	 
鑙	0	0	0	0	 
鑚	0	0	0	0	 
鑛	0	0	0	0	 
鑜	0	0	0	0	 
鑝	0	0	0	0	 
鑞	0	0	0	0	 
鑟	0	0	0	0	 
鑠	0	0	0	0	 
鑡	0	0	0	0	 
鑢	0	0	0	0	 
鑣	0	0	0	0	 
鑤	0	0	0	0	 
鑥	0	0	0	0	 
鑦	0	0	0	0	 
鑧	0	0	0	0	 
鑨	0	0	0	0	 
鑩	0	0	0	0	 
鑪	9724	0	0	0	 
鑫	0	0	0	0	 
鑬	0	0	0	0	 
鑭	0	0	0	0	 
鑮	0	0	0	0	 
鑯	14575	0	0	0	 
鑰	8525	0	0	0	 
钆	8646	0	0	0	 
钇	8657	0	0	0	 
针	8492	0	0	0	 
钉	8393	0	0	0	 
钊	8580	0	0	0	 
钋	8976	0	0	0	 
钌	8910	0	0	0	 
钍	9273	0	0	0	 
钎	9218	0	0	0	 
钏	9383	0	0	0	 
钐	9614	0	0	0	 
钑	10142	0	0	0	 
钓	8899	0	0	0	 
钕	8712	0	0	0	 
钖	9504	0	0	0	 
钘	8426	0	0	0	 
钛	8481	0	0	0	 
钜	10923	0	0	0	 
钝	8657	0	0	0	 
钟	8404	0	0	0	 
钠	7887	0	0	0	 
钡	10780	0	0	0	 
钢	9614	0	0	0	 
钤	8470	0	0	0	 
钥	9911	0	0	0	 
钦	10285	0	0	0	 
钧	8239	0	0	0	 
钩	8877	0	0	0	 
钪	8789	0	0	0	 
钫	8602	0	0	0	 
钬	8943	0	0	0	 
钭	8877	0	0	0	 
钮	8415	0	0	0	 
钯	8041	0	0	0	 
钰	9614	0	0	0	 
钱	8657	0	0	0	 
钲	9614	0	0	0	 
钳	8723	0	0	0	 
钴	8129	0	0	0	 
钵	8492	0	0	0	 
钶	8899	0	0	0	 
钷	7755	0	0	0	 
钸	8492	0	0	0	 
钹	8063	0	0	0	 
钺	9251	0	0	0	 
钻	8261	0	0	0	 
钼	8954	0	0	0	 
钽	10593	0	0	0	 
钾	9075	0	0	0	 
铀	8976	0	0	0	 
铁	8492	0	0	0	 
铂	10879	0	0	0	 
铃	9273	0	0	0	 
铅	8778	0	0	0	 
铆	8349	0	0	0	 
铇	9482	0	0	0	 
铉	8525	0	0	0	 
铊	7887	0	0	0	 
铋	8899	0	0	0	 
铌	8745	0	0	0	 
铍	8459	0	0	0	 
铎	8635	0	0	0	 
铏	8844	0	0	0	 
铑	8272	0	0	0	 
铒	8789	0	0	0	 
铓	9009	0	0	0	 
铖	9372	0	0	0	 
铗	8393	0	0	0	 
铘	8987	0	0	0	 
铙	8712	0	0	0	 
铚	9031	0	0	0	 
铜	9042	0	0	0	 
铝	8558	0	0	0	 
铞	8943	0	0	0	 
铟	9130	0	0	0	 
铠	8811	0	0	0	 
铡	8536	0	0	0	 
铢	9460	0	0	0	 
铣	9438	0	0	0	 
铤	8591	0	0	0	 
铥	9174	0	0	0	 
铦	10153	0	0	0	 
铨	10615	0	0	0	 
铩	12430	0	0	0	 
铫	14311	0	0	0	 
铮	19261	0	0	0	 
铲	9768	0	0	0	 
铷	10340	0	0	0	 
铹	11671	0	0	0	 
铻	11341	0	0	0	 
铿	9262	0	0	0	 
锁	21098	0	0	0	 
锂	15092	0	0	0	 
锉	15906	0	0	0	 
锍	8448	0	0	0	 
锑	20504	0	0	0	 
锒	12562	0	0	0	 
锘	18117	0	0	0	 
锛	8118	0	0	0	 
锢	8074	0	0	0	 
锣	9295	0	0	0	 
锤	8877	0	0	0	 
锥	9526	0	0	0	 
锦	9152	0	0	0	 
锨	9757	0	0	0	 
锩	8437	0	0	0	 
锪	8844	0	0	0	 
锫	8954	0	0	0	 
锬	8492	0	0	0	 
锭	12617	0	0	0	 
键	8404	0	0	0	 
锱	8888	0	0	0	 
锲	0	0	0	0	 
锳	9130	0	0	0	 
锴	9130	0	0	0	 
锵	8910	0	0	0	 
锶	8030	0	0	0	 
锷	8888	0	0	0	 
锸	9174	0	0	0	 
锹	8657	0	0	0	 
锺	11044	0	0	0	 
锻	0	0	0	0	 
锽	9724	0	0	0	 
锾	8030	0	0	0	 
锿	9460	0	0	0	 
镀	8261	0	0	0	 
镂	0	0	0	0	 
镃	8492	0	0	0	 
镄	8525	0	0	0	 
镅	8195	0	0	0	 
镆	8470	0	0	0	 
镇	0	0	0	0	 
镈	8206	0	0	0	 
镉	8228	0	0	0	 
镊	0	0	0	0	 
镋	9416	0	0	0	 
镌	8228	0	0	0	 
镍	8954	0	0	0	 
镎	8976	0	0	0	 
镏	12034	0	0	0	 
镐	8943	0	0	0	 
镓	8767	0	0	0	 
镔	0	0	0	0	 
镕	8371	0	0	0	 
镖	9339	0	0	0	 
镗	8338	0	0	0	 
镘	8074	0	0	0	 
镙	0	0	0	0	 
镚	8800	0	0	0	 
镛	8602	0	0	0	 
镜	8129	0	0	0	 
镝	9086	0	0	0	 
镞	9482	0	0	0	 
镟	0	0	0	0	 
镠	8954	0	0	0	 
镡	8184	0	0	0	 
镢	10692	0	0	0	 
镣	8932	0	0	0	 
镥	9075	0	0	0	 
镦	8855	0	0	0	 
镧	8987	0	0	0	 
镨	9427	0	0	0	 
镩	9471	0	0	0	 
镪	8206	0	0	0	 
镫	8349	0	0	0	 
镬	8756	0	0	0	 
镭	8668	0	0	0	 
镯	9075	0	0	0	 
镰	8041	0	0	0	 
镱	9185	0	0	0	 
镲	8371	0	0	0	 
镳	0	0	0	0	 
镴	0	0	0	0	 
镵	8800	0	0	0	 
镶	0	0	0	0	 
長	0	0	0	0	 
镸	0	0	0	0	 
镹	0	0	0	0	 
镺	0	0	0	0	 
镻	0	0	0	0	 
镼	0	0	0	0	 
镽	0	0	0	0	 
镾	9251	0	0	0	 
长	0	0	0	0	 
門	0	0	0	0	 
閁	0	0	0	0	 
閂	0	0	0	0	 
閃	0	0	0	0	 
閄	0	0	0	0	 
閅	0	0	0	0	 
閆	0	0	0	0	 
閇	0	0	0	0	 
閈	0	0	0	0	 
閉	0	0	0	0	 
閊	0	0	0	0	 
開	12991	0	0	0	 
閌	0	0	0	0	 
閍	0	0	0	0	 
閎	0	0	0	0	 
閏	0	0	0	0	 
閐	0	0	0	0	 
閑	0	0	0	0	 
閒	0	0	0	0	 
間	0	0	0	0	 
閔	0	0	0	0	 
閕	0	0	0	0	 
閖	0	0	0	0	 
閗	0	0	0	0	 
閘	0	0	0	0	 
閙	0	0	0	0	 
閚	0	0	0	0	 
閛	0	0	0	0	 
閜	0	0	0	0	 
閝	0	0	0	0	 
閞	0	0	0	0	 
閟	0	0	0	0	 
閠	0	0	0	0	 
閡	0	0	0	0	 
関	0	0	0	0	 
閣	0	0	0	0	 
閤	0	0	0	0	 
閥	0	0	0	0	 
閦	0	0	0	0	 
閧	0	0	0	0	 
閨	0	0	0	0	 
閩	0	0	0	0	 
閪	0	0	0	0	 
閫	0	0	0	0	 
闍	0	0	0	0	 
闎	0	0	0	0	 
闏	0	0	0	0	 
闐	0	0	0	0	 
闑	0	0	0	0	 
闒	0	0	0	0	 
闓	0	0	0	0	 
闔	0	0	0	0	 
闕	0	0	0	0	 
闖	0	0	0	0	 
闗	0	0	0	0	 
闘	0	0	0	0	 
闙	0	0	0	0	 
闚	0	0	0	0	 
闛	0	0	0	0	 
關	0	0	0	0	 
闝	0	0	0	0	 
闞	0	0	0	0	 
闟	0	0	0	0	 
闠	0	0	0	0	 
闡	0	0	0	0	 
闢	0	0	0	0	 
闣	0	0	0	0	 
闤	0	0	0	0	 
闥	0	0	0	0	 
闦	0	0	0	0	 
闧	8789	0	0	0	 
门	9658	0	0	0	 
闩	9768	0	0	0	 
闪	9163	0	0	0	 
闫	0	0	0	0	 
闬	9240	0	0	0	 
闭	9922	0	0	0	 
闯	9163	0	0	0	 
闰	8789	0	0	0	 
闱	9889	0	0	0	 
闲	9416	0	0	0	 
闳	10857	0	0	0	 
间	9020	0	0	0	 
闶	8448	0	0	0	 
闷	8811	0	0	0	 
闸	8404	0	0	0	 
闹	10219	0	0	0	 
闺	8470	0	0	0	 
闼	8624	0	0	0	 
闽	8239	0	0	0	 
闾	0	0	0	0	 
闿	9064	0	0	0	 
阀	12903	0	0	0	 
阁	9064	0	0	0	 
阄	8063	0	0	0	 
阅	8998	0	0	0	 
阆	0	0	0	0	 
阇	8041	0	0	0	 
阈	8800	0	0	0	 
阉	8954	0	0	0	 
阊	8921	0	0	0	 
阋	8855	0	0	0	 
阌	9218	0	0	0	 
阍	9163	0	0	0	 
阎	8030	0	0	0	 
阏	10560	0	0	0	 
阐	8591	0	0	0	 
阒	0	0	0	0	 
阓	8415	0	0	0	 
阔	8833	0	0	0	 
阕	8833	0	0	0	 
阖	9405	0	0	0	 
阗	12991	0	0	0	 
阘	8833	0	0	0	 
阙	8789	0	0	0	 
阚	0	0	0	0	 
阛	8492	0	0	0	 
阜	14575	0	0	0	 
阝	0	0	0	0	 
阞	8503	0	0	0	 
队	9273	0	0	0	 
阡	8074	0	0	0	 
阢	0	0	0	0	 
阣	0	0	0	0	 
阤	0	0	0	0	 
阥	0	0	0	0	 
阦	0	0	0	0	 
阧	0	0	0	0	 
阨	0	0	0	0	 
阩	8789	0	0	0	 
阪	0	0	0	0	 
阫	0	0	0	0	 
阬	0	0	0	0	 
阭	9339	0	0	0	 
阮	0	0	0	0	 
阯	0	0	0	0	 
阰	9152	0	0	0	 
阱	9130	0	0	0	 
防	8998	0	0	0	 
阳	8943	0	0	0	 
阴	8470	0	0	0	 
阵	8239	0	0	0	 
阶	0	0	0	0	 
阸	0	0	0	0	 
阹	0	0	0	0	 
阺	9086	0	0	0	 
阻	8382	0	0	0	 
阼	8822	0	0	0	 
阽	0	0	0	0	 
阾	8162	0	0	0	 
阿	8525	0	0	0	 
陀	0	0	0	0	 
陁	8074	0	0	0	 
陂	0	0	0	0	 
陃	8492	0	0	0	 
附	9658	0	0	0	 
际	8998	0	0	0	 
陇	10868	0	0	0	 
陈	0	0	0	0	 
陊	8261	0	0	0	 
陋	8195	0	0	0	 
陌	8404	0	0	0	 
降	0	0	0	0	 
陎	0	0	0	0	 
陏	9306	0	0	0	 
限	0	0	0	0	 
陑	0	0	0	0	 
陒	0	0	0	0	 
陓	8250	0	0	0	 
陔	9768	0	0	0	 
陕	0	0	0	0	 
陖	0	0	0	0	 
陗	9262	0	0	0	 
陘	8547	0	0	0	 
陠	8976	0	0	0	 
院	10109	0	0	0	 
陣	9482	0	0	0	 
陨	9889	0	0	0	 
险	8844	0	0	0	 
陪	8602	0	0	0	 
陫	9295	0	0	0	 
陭	8745	0	0	0	 
陳	10967	0	0	0	 
陵	9306	0	0	0	 
陷	8646	0	0	0	 
陸	8998	0	0	0	 
隆	8393	0	0	0	 
隇	9273	0	0	0	 
隉	0	0	0	0	 
隌	9493	0	0	0	 
隍	0	0	0	0	 
階	9009	0	0	0	 
随	9251	0	0	0	 
隐	0	0	0	0	 
隑	0	0	0	0	 
隒	0	0	0	0	 
隓	8206	0	0	0	 
隔	0	0	0	0	 
隖	9328	0	0	0	 
隗	7832	0	0	0	 
隘	8921	0	0	0	 
隙	0	0	0	0	 
隚	0	0	0	0	 
際	8327	0	0	0	 
障	0	0	0	0	 
隝	0	0	0	0	 
隞	0	0	0	0	 
隟	0	0	0	0	 
隠	0	0	0	0	 
隡	0	0	0	0	 
隢	0	0	0	0	 
隣	0	0	0	0	 
隤	0	0	0	0	 
隥	0	0	0	0	 
隦	8866	0	0	0	 
隧	0	0	0	0	 
隨	0	0	0	0	 
隩	0	0	0	0	 
險	0	0	0	0	 
隫	0	0	0	0	 
隬	0	0	0	0	 
隭	0	0	0	0	 
隮	0	0	0	0	 
隯	9460	0	0	0	 
隰	0	0	0	0	 
隱	0	0	0	0	 
隲	8811	0	0	0	 
隳	0	0	0	0	 
隴	0	0	0	0	 
隵	8327	0	0	0	 
隶	0	0	0	0	 
隷	12991	0	0	0	 
隸	9053	0	0	0	 
隹	0	0	0	0	 
隻	10219	0	0	0	 
隼	9240	0	0	0	 
隽	9086	0	0	0	 
难	0	0	0	0	 
隿	8833	0	0	0	 
雀	8613	0	0	0	 
雁	0	0	0	0	 
雂	0	0	0	0	 
雃	9779	0	0	0	 
雄	8646	0	0	0	 
雅	8954	0	0	0	 
集	8118	0	0	0	 
雇	8074	0	0	0	 
雉	0	0	0	0	 
雊	0	0	0	0	 
雋	10439	0	0	0	 
雌	8668	0	0	0	 
雎	9372	0	0	0	 
雏	0	0	0	0	 
雑	7821	0	0	0	 
雒	0	0	0	0	 
雓	0	0	0	0	 
雔	8734	0	0	0	 
雕	0	0	0	0	 
雗	0	0	0	0	 
雘	0	0	0	0	 
雙	0	0	0	0	 
雚	0	0	0	0	 
雛	0	0	0	0	 
雜	0	0	0	0	 
雝	0	0	0	0	 
雞	0	0	0	0	 
雟	9086	0	0	0	 
雠	0	0	0	0	 
雡	0	0	0	0	 
離	0	0	0	0	 
難	0	0	0	0	 
雤	0	0	0	0	 
雥	0	0	0	0	 
雦	0	0	0	0	 
雧	8646	0	0	0	 
雨	10043	0	0	0	 
雩	0	0	0	0	 
雫	16929	0	0	0	 
雬	8074	0	0	0	 
雺	9174	0	0	0	 
雿	10582	0	0	0	 
霁	11044	0	0	0	 
霅	9779	0	0	0	 
霈	13431	0	0	0	 
霊	11220	0	0	0	 
霔	9427	0	0	0	 
霝	0	0	0	0	 
霟	0	0	0	0	 
霢	0	0	0	0	 
霣	0	0	0	0	 
霤	0	0	0	0	 
霥	0	0	0	0	 
霦	0	0	0	0	 
霧	0	0	0	0	 
霨	0	0	0	0	 
霩	9251	0	0	0	 
霪	0	0	0	0	 
霬	8415	0	0	0	 
霭	0	0	0	0	 
霯	9889	0	0	0	 
霰	8327	0	0	0	 
露	0	0	0	0	 
霳	0	0	0	0	 
霴	0	0	0	0	 
霵	0	0	0	0	 
霶	0	0	0	0	 
霷	9724	0	0	0	 
霸	0	0	0	0	 
霺	0	0	0	0	 
霻	0	0	0	0	 
霼	0	0	0	0	 
霽	8778	0	0	0	 
霾	0	0	0	0	 
靀	0	0	0	0	 
靁	0	0	0	0	 
靂	0	0	0	0	 
靃	0	0	0	0	 
靄	0	0	0	0	 
靅	0	0	0	0	 
靆	0	0	0	0	 
靇	12991	0	0	0	 
靈	0	0	0	0	 
靉	0	0	0	0	 
靊	0	0	0	0	 
靋	0	0	0	0	 
靌	0	0	0	0	 
靍	0	0	0	0	 
靎	0	0	0	0	 
靏	0	0	0	0	 
靐	0	0	0	0	 
靑	9317	0	0	0	 
青	8602	0	0	0	 
靓	0	0	0	0	 
靕	8602	0	0	0	 
靖	0	0	0	0	 
靗	0	0	0	0	 
靘	8602	0	0	0	 
静	0	0	0	0	 
靚	8822	0	0	0	 
靛	0	0	0	0	 
靝	8668	0	0	0	 
非	8635	0	0	0	 
靠	8690	0	0	0	 
靡	8657	0	0	0	 
面	0	0	0	0	 
靣	0	0	0	0	 
靤	7964	0	0	0	 
靥	0	0	0	0	 
靦	0	0	0	0	 
靧	0	0	0	0	 
靨	8206	0	0	0	 
革	0	0	0	0	 
靫	0	0	0	0	 
靬	0	0	0	0	 
靭	0	0	0	0	 
靮	0	0	0	0	 
靯	0	0	0	0	 
靰	0	0	0	0	 
靱	10296	0	0	0	 
靲	14113	0	0	0	 
靵	8514	0	0	0	 
鞌	15004	0	0	0	 
鞎	0	0	0	0	 
鞙	0	0	0	0	 
鞟	8668	0	0	0	 
鞠	0	0	0	0	 
鞢	8866	0	0	0	 
鞣	0	0	0	0	 
鞥	0	0	0	0	 
鞦	0	0	0	0	 
鞧	0	0	0	0	 
鞨	0	0	0	0	 
鞩	0	0	0	0	 
鞪	8668	0	0	0	 
鞫	8635	0	0	0	 
鞭	8998	0	0	0	 
鞯	0	0	0	0	 
鞱	8239	0	0	0	 
鞲	7887	0	0	0	 
鞴	0	0	0	0	 
鞶	0	0	0	0	 
鞷	0	0	0	0	 
鞸	0	0	0	0	 
鞹	0	0	0	0	 
鞺	0	0	0	0	 
鞻	0	0	0	0	 
鞼	0	0	0	0	 
鞽	0	0	0	0	 
鞾	0	0	0	0	 
鞿	0	0	0	0	 
韀	0	0	0	0	 
韁	0	0	0	0	 
韂	0	0	0	0	 
韃	0	0	0	0	 
韄	12991	0	0	0	 
韅	0	0	0	0	 
韆	0	0	0	0	 
韇	0	0	0	0	 
韈	0	0	0	0	 
韉	0	0	0	0	 
韊	0	0	0	0	 
韋	0	0	0	0	 
韌	0	0	0	0	 
韍	0	0	0	0	 
韎	0	0	0	0	 
韏	0	0	0	0	 
韐	0	0	0	0	 
韑	0	0	0	0	 
韒	0	0	0	0	 
韓	0	0	0	0	 
韔	0	0	0	0	 
韕	0	0	0	0	 
韖	0	0	0	0	 
韗	0	0	0	0	 
韘	0	0	0	0	 
韙	0	0	0	0	 
韚	0	0	0	0	 
韛	0	0	0	0	 
韜	0	0	0	0	 
韝	0	0	0	0	 
韞	0	0	0	0	 
韟	0	0	0	0	 
韠	0	0	0	0	 
韡	0	0	0	0	 
韢	0	0	0	0	 
韣	8789	0	0	0	 
韤	8217	0	0	0	 
韧	9273	0	0	0	 
韨	16478	0	0	0	 
韪	8877	0	0	0	 
韴	9416	0	0	0	 
韶	0	0	0	0	 
韷	0	0	0	0	 
預	0	0	0	0	 
頑	0	0	0	0	 
頒	0	0	0	0	 
頓	0	0	0	0	 
頔	0	0	0	0	 
頕	0	0	0	0	 
頖	0	0	0	0	 
頗	0	0	0	0	 
領	0	0	0	0	 
頙	0	0	0	0	 
頚	0	0	0	0	 
頛	0	0	0	0	 
頜	0	0	0	0	 
頝	0	0	0	0	 
頞	0	0	0	0	 
頟	0	0	0	0	 
頠	0	0	0	0	 
頡	0	0	0	0	 
頢	0	0	0	0	 
頣	0	0	0	0	 
頤	0	0	0	0	 
頥	0	0	0	0	 
頦	0	0	0	0	 
頧	0	0	0	0	 
頨	0	0	0	0	 
頩	0	0	0	0	 
頪	0	0	0	0	 
頫	0	0	0	0	 
頬	0	0	0	0	 
頭	0	0	0	0	 
頮	12991	0	0	0	 
頯	0	0	0	0	 
頰	0	0	0	0	 
頱	0	0	0	0	 
頲	0	0	0	0	 
頳	0	0	0	0	 
頴	0	0	0	0	 
頵	0	0	0	0	 
頶	0	0	0	0	 
頷	0	0	0	0	 
頸	0	0	0	0	 
頹	0	0	0	0	 
頺	0	0	0	0	 
頻	0	0	0	0	 
頼	0	0	0	0	 
頽	0	0	0	0	 
頾	0	0	0	0	 
頿	0	0	0	0	 
顀	0	0	0	0	 
顁	0	0	0	0	 
顂	0	0	0	0	 
顃	0	0	0	0	 
顄	0	0	0	0	 
顅	0	0	0	0	 
顆	0	0	0	0	 
顇	0	0	0	0	 
顈	0	0	0	0	 
顉	0	0	0	0	 
顊	0	0	0	0	 
顋	0	0	0	0	 
題	0	0	0	0	 
額	0	0	0	0	 
顎	0	0	0	0	 
顰	0	0	0	0	 
顱	0	0	0	0	 
顲	0	0	0	0	 
顳	0	0	0	0	 
顴	7964	0	0	0	 
页	9042	0	0	0	 
顶	9614	0	0	0	 
顷	8932	0	0	0	 
顸	8624	0	0	0	 
项	9768	0	0	0	 
顺	9174	0	0	0	 
须	9174	0	0	0	 
顼	9020	0	0	0	 
顽	13233	0	0	0	 
顾	10648	0	0	0	 
颁	9130	0	0	0	 
颃	8041	0	0	0	 
预	8932	0	0	0	 
颅	10890	0	0	0	 
领	9152	0	0	0	 
颈	10505	0	0	0	 
颉	9515	0	0	0	 
颌	10010	0	0	0	 
颏	9383	0	0	0	 
频	0	0	0	0	 
颒	9042	0	0	0	 
颓	8756	0	0	0	 
颔	8811	0	0	0	 
颖	10494	0	0	0	 
颗	0	0	0	0	 
颙	13013	0	0	0	 
颚	19272	0	0	0	 
额	16643	0	0	0	 
颤	0	0	0	0	 
風	0	0	0	0	 
颩	0	0	0	0	 
颪	0	0	0	0	 
颫	0	0	0	0	 
颬	0	0	0	0	 
颭	0	0	0	0	 
颮	0	0	0	0	 
颯	0	0	0	0	 
颰	0	0	0	0	 
颱	0	0	0	0	 
颲	0	0	0	0	 
颳	0	0	0	0	 
颴	0	0	0	0	 
颵	0	0	0	0	 
颶	0	0	0	0	 
颷	0	0	0	0	 
颸	0	0	0	0	 
颹	0	0	0	0	 
颺	0	0	0	0	 
颻	12991	0	0	0	 
颼	0	0	0	0	 
颽	0	0	0	0	 
颾	0	0	0	0	 
颿	0	0	0	0	 
飀	0	0	0	0	 
飁	0	0	0	0	 
飂	0	0	0	0	 
飃	0	0	0	0	 
飄	0	0	0	0	 
飅	0	0	0	0	 
飆	0	0	0	0	 
飇	0	0	0	0	 
飈	0	0	0	0	 
飉	0	0	0	0	 
飊	0	0	0	0	 
飋	0	0	0	0	 
飌	0	0	0	0	 
飍	8932	0	0	0	 
风	0	0	0	0	 
飐	12045	0	0	0	 
飑	9108	0	0	0	 
飕	0	0	0	0	 
飗	9075	0	0	0	 
飘	10285	0	0	0	 
飙	0	0	0	0	 
飜	0	0	0	0	 
飝	10318	0	0	0	 
飞	0	0	0	0	 
飠	0	0	0	0	 
飡	0	0	0	0	 
飢	0	0	0	0	 
飣	0	0	0	0	 
飤	11924	0	0	0	 
飥	0	0	0	0	 
飩	0	0	0	0	 
餉	0	0	0	0	 
養	0	0	0	0	 
餋	0	0	0	0	 
餌	8613	0	0	0	 
餍	0	0	0	0	 
餎	0	0	0	0	 
餏	9108	0	0	0	 
餐	0	0	0	0	 
餒	0	0	0	0	 
餓	0	0	0	0	 
餔	0	0	0	0	 
餕	0	0	0	0	 
餖	0	0	0	0	 
餗	0	0	0	0	 
餘	0	0	0	0	 
餙	0	0	0	0	 
餚	0	0	0	0	 
餛	0	0	0	0	 
餜	0	0	0	0	 
餝	0	0	0	0	 
餞	0	0	0	0	 
餟	0	0	0	0	 
餠	0	0	0	0	 
餡	0	0	0	0	 
餢	0	0	0	0	 
餣	0	0	0	0	 
餤	0	0	0	0	 
餥	0	0	0	0	 
餦	0	0	0	0	 
餧	0	0	0	0	 
館	0	0	0	0	 
餩	12991	0	0	0	 
餪	0	0	0	0	 
餫	0	0	0	0	 
餬	0	0	0	0	 
餭	8547	0	0	0	 
餮	0	0	0	0	 
餯	0	0	0	0	 
餰	0	0	0	0	 
餱	0	0	0	0	 
餲	0	0	0	0	 
餳	0	0	0	0	 
餴	0	0	0	0	 
餵	0	0	0	0	 
餶	0	0	0	0	 
餷	0	0	0	0	 
餸	0	0	0	0	 
餹	0	0	0	0	 
餺	0	0	0	0	 
餻	0	0	0	0	 
餼	0	0	0	0	 
餽	0	0	0	0	 
餾	0	0	0	0	 
餿	0	0	0	0	 
饀	0	0	0	0	 
饁	0	0	0	0	 
饂	0	0	0	0	 
饃	0	0	0	0	 
饄	0	0	0	0	 
饅	0	0	0	0	 
饆	0	0	0	0	 
饇	0	0	0	0	 
饈	0	0	0	0	 
饉	8800	0	0	0	 
饊	8514	0	0	0	 
饕	16401	0	0	0	 
饖	18348	0	0	0	 
饦	8591	0	0	0	 
饬	9009	0	0	0	 
饭	9251	0	0	0	 
饮	8800	0	0	0	 
饯	8349	0	0	0	 
饰	8613	0	0	0	 
饱	8734	0	0	0	 
饲	8646	0	0	0	 
饳	9966	0	0	0	 
饵	9130	0	0	0	 
饷	13112	0	0	0	 
饸	9493	0	0	0	 
饾	8734	0	0	0	 
馁	9559	0	0	0	 
馂	9306	0	0	0	 
馅	11022	0	0	0	 
馆	8855	0	0	0	 
馈	9108	0	0	0	 
馉	9372	0	0	0	 
馋	8745	0	0	0	 
馍	0	0	0	0	 
馎	10428	0	0	0	 
馏	9526	0	0	0	 
馑	8877	0	0	0	 
馒	9647	0	0	0	 
馓	9119	0	0	0	 
馔	9141	0	0	0	 
馕	9471	0	0	0	 
首	9328	0	0	0	 
馗	8195	0	0	0	 
馘	8800	0	0	0	 
香	0	0	0	0	 
馚	0	0	0	0	 
馛	0	0	0	0	 
馜	0	0	0	0	 
馝	0	0	0	0	 
馞	0	0	0	0	 
馟	0	0	0	0	 
馠	0	0	0	0	 
馡	0	0	0	0	 
馢	0	0	0	0	 
馣	0	0	0	0	 
馤	8492	0	0	0	 
馥	0	0	0	0	 
馧	9724	0	0	0	 
馨	0	0	0	0	 
馩	0	0	0	0	 
馪	0	0	0	0	 
馫	0	0	0	0	 
馬	0	0	0	0	 
馭	0	0	0	0	 
馮	0	0	0	0	 
馯	0	0	0	0	 
馰	0	0	0	0	 
馱	0	0	0	0	 
馲	0	0	0	0	 
馳	0	0	0	0	 
馴	0	0	0	0	 
馵	0	0	0	0	 
馶	0	0	0	0	 
馷	0	0	0	0	 
馸	0	0	0	0	 
馹	12991	0	0	0	 
馺	0	0	0	0	 
馻	0	0	0	0	 
馼	0	0	0	0	 
馽	0	0	0	0	 
馾	0	0	0	0	 
馿	0	0	0	0	 
駀	0	0	0	0	 
駁	0	0	0	0	 
駂	0	0	0	0	 
駃	0	0	0	0	 
駄	0	0	0	0	 
駅	0	0	0	0	 
駆	0	0	0	0	 
駇	0	0	0	0	 
駈	0	0	0	0	 
駉	0	0	0	0	 
駊	0	0	0	0	 
駋	0	0	0	0	 
駌	0	0	0	0	 
駍	0	0	0	0	 
駎	0	0	0	0	 
駏	0	0	0	0	 
駐	0	0	0	0	 
駑	0	0	0	0	 
駒	0	0	0	0	 
駓	0	0	0	0	 
駔	0	0	0	0	 
駕	0	0	0	0	 
駖	0	0	0	0	 
駗	0	0	0	0	 
駘	0	0	0	0	 
駙	0	0	0	0	 
駻	0	0	0	0	 
駼	0	0	0	0	 
駽	0	0	0	0	 
駾	0	0	0	0	 
駿	0	0	0	0	 
騀	0	0	0	0	 
騁	0	0	0	0	 
騂	0	0	0	0	 
騃	0	0	0	0	 
騄	0	0	0	0	 
騅	0	0	0	0	 
騆	0	0	0	0	 
騇	0	0	0	0	 
騈	0	0	0	0	 
騉	0	0	0	0	 
騊	0	0	0	0	 
騋	0	0	0	0	 
騌	0	0	0	0	 
騍	0	0	0	0	 
騎	0	0	0	0	 
騏	0	0	0	0	 
騐	0	0	0	0	 
騑	0	0	0	0	 
騒	0	0	0	0	 
験	0	0	0	0	 
騔	0	0	0	0	 
騕	0	0	0	0	 
騖	0	0	0	0	 
騗	0	0	0	0	 
騘	0	0	0	0	 
騙	12991	0	0	0	 
騚	0	0	0	0	 
騛	0	0	0	0	 
騜	0	0	0	0	 
騝	0	0	0	0	 
騞	0	0	0	0	 
騟	0	0	0	0	 
騠	0	0	0	0	 
騡	0	0	0	0	 
騢	0	0	0	0	 
騣	0	0	0	0	 
騤	0	0	0	0	 
騥	0	0	0	0	 
騦	0	0	0	0	 
騧	0	0	0	0	 
騨	0	0	0	0	 
騩	0	0	0	0	 
騪	0	0	0	0	 
騫	0	0	0	0	 
騬	0	0	0	0	 
騭	0	0	0	0	 
騮	0	0	0	0	 
騯	0	0	0	0	 
騰	0	0	0	0	 
騱	0	0	0	0	 
騲	0	0	0	0	 
騳	0	0	0	0	 
騴	0	0	0	0	 
騵	0	0	0	0	 
騶	0	0	0	0	 
騷	0	0	0	0	 
騸	0	0	0	0	 
騹	0	0	0	0	 
驛	0	0	0	0	 
驜	0	0	0	0	 
驝	0	0	0	0	 
驞	0	0	0	0	 
驟	0	0	0	0	 
驠	0	0	0	0	 
驡	0	0	0	0	 
驢	0	0	0	0	 
驣	0	0	0	0	 
驤	0	0	0	0	 
驥	0	0	0	0	 
驦	0	0	0	0	 
驧	0	0	0	0	 
驨	0	0	0	0	 
驩	0	0	0	0	 
驪	0	0	0	0	 
驫	8745	0	0	0	 
马	8041	0	0	0	 
驭	8525	0	0	0	 
驮	10208	0	0	0	 
驯	10714	0	0	0	 
驰	0	0	0	0	 
驲	8492	0	0	0	 
驳	9042	0	0	0	 
驴	9031	0	0	0	 
驵	8734	0	0	0	 
驶	8734	0	0	0	 
驷	8492	0	0	0	 
驸	10230	0	0	0	 
驹	8327	0	0	0	 
驻	8525	0	0	0	 
驼	9075	0	0	0	 
驽	9669	0	0	0	 
驾	7997	0	0	0	 
骀	9317	0	0	0	 
骁	8195	0	0	0	 
骂	0	0	0	0	 
骃	8668	0	0	0	 
骄	9174	0	0	0	 
骅	7821	0	0	0	 
骆	8624	0	0	0	 
骇	9537	0	0	0	 
骈	0	0	0	0	 
骉	8932	0	0	0	 
骊	10516	0	0	0	 
骋	0	0	0	0	 
骍	0	0	0	0	 
骎	9119	0	0	0	 
骏	9042	0	0	0	 
骐	9042	0	0	0	 
骑	8360	0	0	0	 
骒	8877	0	0	0	 
骓	0	0	0	0	 
骔	0	0	0	0	 
骕	9108	0	0	0	 
骖	9020	0	0	0	 
骗	8074	0	0	0	 
骘	0	0	0	0	 
骙	9053	0	0	0	 
骚	8074	0	0	0	 
骛	7832	0	0	0	 
骜	8976	0	0	0	 
骝	11341	0	0	0	 
骞	9075	0	0	0	 
骠	8074	0	0	0	 
骡	9306	0	0	0	 
骢	9372	0	0	0	 
骣	8261	0	0	0	 
骤	8415	0	0	0	 
骥	0	0	0	0	 
骦	8800	0	0	0	 
骧	8723	0	0	0	 
骨	0	0	0	0	 
骪	0	0	0	0	 
骫	0	0	0	0	 
骬	0	0	0	0	 
骭	12991	0	0	0	 
骮	0	0	0	0	 
骯	9823	0	0	0	 
骰	0	0	0	0	 
骳	0	0	0	0	 
骴	0	0	0	0	 
骵	12804	0	0	0	 
骶	0	0	0	0	 
骹	9229	0	0	0	 
骺	8206	0	0	0	 
骼	0	0	0	0	 
骽	0	0	0	0	 
骾	0	0	0	0	 
骿	7887	0	0	0	 
髀	8492	0	0	0	 
髁	9064	0	0	0	 
髂	0	0	0	0	 
髃	0	0	0	0	 
髄	8811	0	0	0	 
髅	0	0	0	0	 
髆	0	0	0	0	 
髇	0	0	0	0	 
髈	0	0	0	0	 
髉	0	0	0	0	 
髊	9284	0	0	0	 
髋	8591	0	0	0	 
髌	0	0	0	0	 
髍	0	0	0	0	 
髎	0	0	0	0	 
髏	0	0	0	0	 
髐	8668	0	0	0	 
髑	0	0	0	0	 
髒	9273	0	0	0	 
髓	0	0	0	0	 
體	0	0	0	0	 
髕	0	0	0	0	 
髖	0	0	0	0	 
髗	8250	0	0	0	 
高	0	0	0	0	 
髚	0	0	0	0	 
髛	0	0	0	0	 
髜	8371	0	0	0	 
髝	9427	0	0	0	 
髠	8778	0	0	0	 
髢	9317	0	0	0	 
髧	8404	0	0	0	 
髬	9064	0	0	0	 
髮	8921	0	0	0	 
髰	8415	0	0	0	 
髺	8811	0	0	0	 
髼	0	0	0	0	 
鬄	10153	0	0	0	 
鬈	0	0	0	0	 
鬉	0	0	0	0	 
鬊	0	0	0	0	 
鬋	0	0	0	0	 
鬌	0	0	0	0	 
鬍	0	0	0	0	 
鬎	9064	0	0	0	 
鬏	0	0	0	0	 
鬐	0	0	0	0	 
鬑	0	0	0	0	 
鬒	8591	0	0	0	 
鬓	0	0	0	0	 
鬔	0	0	0	0	 
鬕	0	0	0	0	 
鬖	0	0	0	0	 
鬗	0	0	0	0	 
鬘	0	0	0	0	 
鬙	0	0	0	0	 
鬚	0	0	0	0	 
鬛	0	0	0	0	 
鬜	0	0	0	0	 
鬝	0	0	0	0	 
鬞	9724	0	0	0	 
鬟	0	0	0	0	 
鬠	0	0	0	0	 
鬡	0	0	0	0	 
鬢	7986	0	0	0	 
鬣	0	0	0	0	 
鬤	0	0	0	0	 
鬥	0	0	0	0	 
鬦	0	0	0	0	 
鬧	0	0	0	0	 
鬨	0	0	0	0	 
鬩	0	0	0	0	 
鬪	0	0	0	0	 
鬫	12991	0	0	0	 
鬬	0	0	0	0	 
鬭	0	0	0	0	 
鬮	8811	0	0	0	 
鬯	0	0	0	0	 
鬰	0	0	0	0	 
鬱	8206	0	0	0	 
鬲	0	0	0	0	 
鬳	0	0	0	0	 
鬴	0	0	0	0	 
鬵	0	0	0	0	 
鬶	0	0	0	0	 
鬷	0	0	0	0	 
鬸	0	0	0	0	 
鬹	0	0	0	0	 
鬺	8041	0	0	0	 
鬻	8855	0	0	0	 
鬼	0	0	0	0	 
鬾	0	0	0	0	 
鬿	0	0	0	0	 
魀	13849	0	0	0	 
魁	8426	0	0	0	 
魄	8008	0	0	0	 
魅	0	0	0	0	 
魆	9163	0	0	0	 
魇	9317	0	0	0	 
魈	9559	0	0	0	 
魉	0	0	0	0	 
魊	0	0	0	0	 
魋	0	0	0	0	 
魌	8789	0	0	0	 
魍	0	0	0	0	 
魎	8184	0	0	0	 
魏	0	0	0	0	 
魐	8712	0	0	0	 
魑	0	0	0	0	 
魒	0	0	0	0	 
魓	8745	0	0	0	 
魔	0	0	0	0	 
魕	0	0	0	0	 
魖	0	0	0	0	 
魗	0	0	0	0	 
魘	0	0	0	0	 
魙	0	0	0	0	 
魚	0	0	0	0	 
魛	0	0	0	0	 
魽	0	0	0	0	 
魾	0	0	0	0	 
魿	0	0	0	0	 
鮀	0	0	0	0	 
鮁	0	0	0	0	 
鮂	0	0	0	0	 
鮃	0	0	0	0	 
鮄	0	0	0	0	 
鮅	0	0	0	0	 
鮆	0	0	0	0	 
鮇	0	0	0	0	 
鮈	0	0	0	0	 
鮉	0	0	0	0	 
鮊	0	0	0	0	 
鮋	0	0	0	0	 
鮌	0	0	0	0	 
鮍	0	0	0	0	 
鮎	0	0	0	0	 
鮏	0	0	0	0	 
鮐	0	0	0	0	 
鮑	0	0	0	0	 
鮒	0	0	0	0	 
鮓	0	0	0	0	 
鮔	0	0	0	0	 
鮕	0	0	0	0	 
鮖	0	0	0	0	 
鮗	0	0	0	0	 
鮘	0	0	0	0	 
鮙	0	0	0	0	 
鮚	0	0	0	0	 
鮛	12991	0	0	0	 
鮜	0	0	0	0	 
鮝	0	0	0	0	 
鮞	0	0	0	0	 
鮟	0	0	0	0	 
鮠	0	0	0	0	 
鮡	0	0	0	0	 
鮢	0	0	0	0	 
鮣	0	0	0	0	 
鮤	0	0	0	0	 
鮥	0	0	0	0	 
鮦	0	0	0	0	 
鮧	0	0	0	0	 
鮨	0	0	0	0	 
鮩	0	0	0	0	 
鮪	0	0	0	0	 
鮫	0	0	0	0	 
鮬	0	0	0	0	 
鮭	0	0	0	0	 
鮮	0	0	0	0	 
鮯	0	0	0	0	 
鮰	0	0	0	0	 
鮱	0	0	0	0	 
鮲	0	0	0	0	 
鮳	0	0	0	0	 
鮴	0	0	0	0	 
鮵	0	0	0	0	 
鮶	0	0	0	0	 
鮷	0	0	0	0	 
鮸	0	0	0	0	 
鮹	0	0	0	0	 
鮺	0	0	0	0	 
鮻	0	0	0	0	 
鯝	0	0	0	0	 
鯞	0	0	0	0	 
鯟	0	0	0	0	 
鯠	0	0	0	0	 
鯡	0	0	0	0	 
鯢	0	0	0	0	 
鯣	0	0	0	0	 
鯤	0	0	0	0	 
鯥	0	0	0	0	 
鯦	0	0	0	0	 
鯧	0	0	0	0	 
鯨	0	0	0	0	 
鯩	0	0	0	0	 
鯪	0	0	0	0	 
鯫	0	0	0	0	 
鯬	0	0	0	0	 
鯭	0	0	0	0	 
鯮	0	0	0	0	 
鯯	0	0	0	0	 
鯰	0	0	0	0	 
鯱	0	0	0	0	 
鯲	0	0	0	0	 
鯳	0	0	0	0	 
鯴	0	0	0	0	 
鯵	0	0	0	0	 
鯶	0	0	0	0	 
鯷	0	0	0	0	 
鯸	0	0	0	0	 
鯹	0	0	0	0	 
鯺	0	0	0	0	 
鯻	12991	0	0	0	 
鯼	0	0	0	0	 
鯽	0	0	0	0	 
鯾	0	0	0	0	 
鯿	0	0	0	0	 
鰀	0	0	0	0	 
鰁	0	0	0	0	 
鰂	0	0	0	0	 
鰃	0	0	0	0	 
鰄	0	0	0	0	 
鰅	0	0	0	0	 
鰆	0	0	0	0	 
鰇	0	0	0	0	 
鰈	0	0	0	0	 
鰉	0	0	0	0	 
鰊	0	0	0	0	 
鰋	0	0	0	0	 
鰌	0	0	0	0	 
鰍	0	0	0	0	 
鰎	0	0	0	0	 
鰏	0	0	0	0	 
鰐	0	0	0	0	 
鰑	0	0	0	0	 
鰒	0	0	0	0	 
鰓	0	0	0	0	 
鰔	0	0	0	0	 
鰕	0	0	0	0	 
鰖	0	0	0	0	 
鰗	0	0	0	0	 
鰘	0	0	0	0	 
鰙	0	0	0	0	 
鰚	0	0	0	0	 
鰛	0	0	0	0	 
鰽	0	0	0	0	 
鰾	0	0	0	0	 
鰿	0	0	0	0	 
鱀	0	0	0	0	 
鱁	0	0	0	0	 
鱂	0	0	0	0	 
鱃	0	0	0	0	 
鱄	0	0	0	0	 
鱅	0	0	0	0	 
鱆	0	0	0	0	 
鱇	0	0	0	0	 
鱈	0	0	0	0	 
鱉	0	0	0	0	 
鱊	0	0	0	0	 
鱋	0	0	0	0	 
鱌	0	0	0	0	 
鱍	0	0	0	0	 
鱎	0	0	0	0	 
鱏	0	0	0	0	 
鱐	0	0	0	0	 
鱑	0	0	0	0	 
鱒	0	0	0	0	 
鱓	0	0	0	0	 
鱔	0	0	0	0	 
鱕	0	0	0	0	 
鱖	0	0	0	0	 
鱗	0	0	0	0	 
鱘	0	0	0	0	 
鱙	0	0	0	0	 
鱚	0	0	0	0	 
鱛	12991	0	0	0	 
鱜	0	0	0	0	 
鱝	0	0	0	0	 
鱞	0	0	0	0	 
鱟	0	0	0	0	 
鱠	0	0	0	0	 
鱡	0	0	0	0	 
鱢	0	0	0	0	 
鱣	0	0	0	0	 
鱤	0	0	0	0	 
鱥	0	0	0	0	 
鱦	0	0	0	0	 
鱧	0	0	0	0	 
鱨	0	0	0	0	 
鱩	0	0	0	0	 
鱪	0	0	0	0	 
鱫	0	0	0	0	 
鱬	0	0	0	0	 
鱭	0	0	0	0	 
鱮	0	0	0	0	 
鱯	0	0	0	0	 
鱰	0	0	0	0	 
鱱	0	0	0	0	 
鱲	0	0	0	0	 
鱳	0	0	0	0	 
鱴	0	0	0	0	 
鱵	0	0	0	0	 
鱶	0	0	0	0	 
鱷	0	0	0	0	 
鱸	0	0	0	0	 
鱹	0	0	0	0	 
鱺	8646	0	0	0	 
鱻	9075	0	0	0	 
鱽	8932	0	0	0	 
鲀	9130	0	0	0	 
鲂	7876	0	0	0	 
鲃	9394	0	0	0	 
鲆	9262	0	0	0	 
鲇	8932	0	0	0	 
鲈	8492	0	0	0	 
鲉	8008	0	0	0	 
鲌	8679	0	0	0	 
鲎	8866	0	0	0	 
鲏	8547	0	0	0	 
鲑	8525	0	0	0	 
鲒	8789	0	0	0	 
鲓	8272	0	0	0	 
鲕	8415	0	0	0	 
鲖	8668	0	0	0	 
鲛	9504	0	0	0	 
鲜	9130	0	0	0	 
鲝	10208	0	0	0	 
鲟	8811	0	0	0	 
鲠	8932	0	0	0	 
鲡	9075	0	0	0	 
鲢	8998	0	0	0	 
鲣	10098	0	0	0	 
鲤	9317	0	0	0	 
鲦	9295	0	0	0	 
鲧	8965	0	0	0	 
鲨	9174	0	0	0	 
鲩	8415	0	0	0	 
鲪	9317	0	0	0	 
鲬	9306	0	0	0	 
鲮	8602	0	0	0	 
鲯	8668	0	0	0	 
鲱	9427	0	0	0	 
鲲	8954	0	0	0	 
鲳	8118	0	0	0	 
鲴	8899	0	0	0	 
鲵	9262	0	0	0	 
鲶	8734	0	0	0	 
鲷	8789	0	0	0	 
鲸	8481	0	0	0	 
鲹	8404	0	0	0	 
鲻	8756	0	0	0	 
鲼	8734	0	0	0	 
鲽	8767	0	0	0	 
鲾	8030	0	0	0	 
鳄	9317	0	0	0	 
鳅	8492	0	0	0	 
鳆	9493	0	0	0	 
鳇	8635	0	0	0	 
鳈	9053	0	0	0	 
鳋	45595	0	0	0	 
鳌	0	0	0	0	 
鳤	0	0	0	0	 
鳥	0	0	0	0	 
鳦	0	0	0	0	 
鳧	0	0	0	0	 
鳨	0	0	0	0	 
鳩	0	0	0	0	 
鳪	0	0	0	0	 
鳫	0	0	0	0	 
鳬	0	0	0	0	 
鳭	0	0	0	0	 
鳮	0	0	0	0	 
鳯	0	0	0	0	 
鳰	0	0	0	0	 
鳱	0	0	0	0	 
鳲	0	0	0	0	 
鳳	0	0	0	0	 
鳴	0	0	0	0	 
鳵	0	0	0	0	 
鳶	0	0	0	0	 
鳷	0	0	0	0	 
鳸	0	0	0	0	 
鳹	0	0	0	0	 
鳺	0	0	0	0	 
鳻	0	0	0	0	 
鳼	0	0	0	0	 
鳽	0	0	0	0	 
鳾	0	0	0	0	 
鳿	0	0	0	0	 
鴀	0	0	0	0	 
鴁	0	0	0	0	 
鴂	12991	0	0	0	 
鴃	0	0	0	0	 
鴄	0	0	0	0	 
鴅	0	0	0	0	 
鴆	0	0	0	0	 
鴇	0	0	0	0	 
鴈	0	0	0	0	 
鴉	0	0	0	0	 
鴊	0	0	0	0	 
鴋	0	0	0	0	 
鴌	0	0	0	0	 
鴍	0	0	0	0	 
鴎	0	0	0	0	 
鴏	0	0	0	0	 
鴐	0	0	0	0	 
鴑	0	0	0	0	 
鴒	0	0	0	0	 
鴓	0	0	0	0	 
鴔	0	0	0	0	 
鴕	0	0	0	0	 
鴖	0	0	0	0	 
鴗	0	0	0	0	 
鴘	0	0	0	0	 
鴙	0	0	0	0	 
鴚	0	0	0	0	 
鴛	0	0	0	0	 
鴜	0	0	0	0	 
鴝	0	0	0	0	 
鴞	0	0	0	0	 
鴟	0	0	0	0	 
鴠	0	0	0	0	 
鴡	0	0	0	0	 
鴢	0	0	0	0	 
鵄	0	0	0	0	 
鵅	0	0	0	0	 
鵆	0	0	0	0	 
鵇	0	0	0	0	 
鵈	0	0	0	0	 
鵉	0	0	0	0	 
鵊	0	0	0	0	 
鵋	0	0	0	0	 
鵌	0	0	0	0	 
鵍	0	0	0	0	 
鵎	0	0	0	0	 
鵏	0	0	0	0	 
鵐	0	0	0	0	 
鵑	0	0	0	0	 
鵒	0	0	0	0	 
鵓	0	0	0	0	 
鵔	0	0	0	0	 
鵕	0	0	0	0	 
鵖	0	0	0	0	 
鵗	0	0	0	0	 
鵘	0	0	0	0	 
鵙	0	0	0	0	 
鵚	0	0	0	0	 
鵛	0	0	0	0	 
鵜	0	0	0	0	 
鵝	0	0	0	0	 
鵞	0	0	0	0	 
鵟	0	0	0	0	 
鵠	0	0	0	0	 
鵡	0	0	0	0	 
鵢	12991	0	0	0	 
鵣	0	0	0	0	 
鵤	0	0	0	0	 
鵥	0	0	0	0	 
鵦	0	0	0	0	 
鵧	0	0	0	0	 
鵨	0	0	0	0	 
鵩	0	0	0	0	 
鵪	0	0	0	0	 
鵫	0	0	0	0	 
鵬	0	0	0	0	 
鵭	0	0	0	0	 
鵮	0	0	0	0	 
鵯	0	0	0	0	 
鵰	0	0	0	0	 
鵱	0	0	0	0	 
鵲	0	0	0	0	 
鵳	0	0	0	0	 
鵴	0	0	0	0	 
鵵	0	0	0	0	 
鵶	0	0	0	0	 
鵷	0	0	0	0	 
鵸	0	0	0	0	 
鵹	0	0	0	0	 
鵺	0	0	0	0	 
鵻	0	0	0	0	 
鵼	0	0	0	0	 
鵽	0	0	0	0	 
鵾	0	0	0	0	 
鵿	0	0	0	0	 
鶀	0	0	0	0	 
鶁	0	0	0	0	 
鶂	0	0	0	0	 
鶤	0	0	0	0	 
鶥	0	0	0	0	 
鶦	0	0	0	0	 
鶧	0	0	0	0	 
鶨	0	0	0	0	 
鶩	0	0	0	0	 
鶪	0	0	0	0	 
鶫	0	0	0	0	 
鶬	0	0	0	0	 
鶭	0	0	0	0	 
鶮	0	0	0	0	 
鶯	0	0	0	0	 
鶰	0	0	0	0	 
鶱	0	0	0	0	 
鶲	0	0	0	0	 
鶳	0	0	0	0	 
鶴	0	0	0	0	 
鶵	0	0	0	0	 
鶶	0	0	0	0	 
鶷	0	0	0	0	 
鶸	0	0	0	0	 
鶹	0	0	0	0	 
鶺	0	0	0	0	 
鶻	0	0	0	0	 
鶼	0	0	0	0	 
鶽	0	0	0	0	 
鶾	0	0	0	0	 
鶿	0	0	0	0	 
鷀	0	0	0	0	 
鷁	0	0	0	0	 
鷂	12991	0	0	0	 
鷃	0	0	0	0	 
鷄	0	0	0	0	 
鷅	0	0	0	0	 
鷆	0	0	0	0	 
鷇	0	0	0	0	 
鷈	0	0	0	0	 
鷉	0	0	0	0	 
鷊	0	0	0	0	 
鷋	0	0	0	0	 
鷌	0	0	0	0	 
鷍	0	0	0	0	 
鷎	0	0	0	0	 
鷏	0	0	0	0	 
鷐	0	0	0	0	 
鷑	0	0	0	0	 
鷒	0	0	0	0	 
鷓	0	0	0	0	 
鷔	0	0	0	0	 
鷕	0	0	0	0	 
鷖	0	0	0	0	 
鷗	0	0	0	0	 
鷘	0	0	0	0	 
鷙	0	0	0	0	 
鷚	0	0	0	0	 
鷛	0	0	0	0	 
鷜	0	0	0	0	 
鷝	0	0	0	0	 
鷞	0	0	0	0	 
鷟	0	0	0	0	 
鷠	0	0	0	0	 
鷡	0	0	0	0	 
鷢	0	0	0	0	 
鸄	0	0	0	0	 
鸅	0	0	0	0	 
鸆	0	0	0	0	 
鸇	0	0	0	0	 
鸈	0	0	0	0	 
鸉	0	0	0	0	 
鸊	0	0	0	0	 
鸋	0	0	0	0	 
鸌	0	0	0	0	 
鸍	0	0	0	0	 
鸎	0	0	0	0	 
鸏	0	0	0	0	 
鸐	0	0	0	0	 
鸑	0	0	0	0	 
鸒	0	0	0	0	 
鸓	0	0	0	0	 
鸔	0	0	0	0	 
鸕	0	0	0	0	 
鸖	0	0	0	0	 
鸗	0	0	0	0	 
鸘	0	0	0	0	 
鸙	0	0	0	0	 
鸚	0	0	0	0	 
鸛	0	0	0	0	 
鸜	0	0	0	0	 
鸝	0	0	0	0	 
鸞	8822	0	0	0	 
鸟	10593	0	0	0	 
鸠	11286	0	0	0	 
鸢	0	0	0	0	 
鸤	8019	0	0	0	 
鸥	8305	0	0	0	 
鸦	0	0	0	0	 
鸧	18524	0	0	0	 
鸨	0	0	0	0	 
鸮	8657	0	0	0	 
鸯	0	0	0	0	 
鸰	12529	0	0	0	 
鸱	12991	0	0	0	 
鸴	8525	0	0	0	 
鸵	17028	0	0	0	 
鸶	0	0	0	0	 
鸼	12804	0	0	0	 
鸽	15158	0	0	0	 
鹁	9196	0	0	0	 
鹅	9889	0	0	0	 
鹇	8745	0	0	0	 
鹈	8591	0	0	0	 
鹉	8833	0	0	0	 
鹊	8734	0	0	0	 
鹋	8514	0	0	0	 
鹌	0	0	0	0	 
鹍	8074	0	0	0	 
鹎	8965	0	0	0	 
鹏	0	0	0	0	 
鹐	9988	0	0	0	 
鹑	0	0	0	0	 
鹒	0	0	0	0	 
鹓	0	0	0	0	 
鹔	9350	0	0	0	 
鹕	0	0	0	0	 
鹖	8030	0	0	0	 
鹗	9350	0	0	0	 
鹘	9196	0	0	0	 
鹚	8525	0	0	0	 
鹛	8074	0	0	0	 
鹜	0	0	0	0	 
鹝	8470	0	0	0	 
鹞	0	0	0	0	 
鹟	0	0	0	0	 
鹠	0	0	0	0	 
鹡	0	0	0	0	 
鹢	8998	0	0	0	 
鹣	8360	0	0	0	 
鹤	8514	0	0	0	 
鹦	7942	0	0	0	 
鹧	8558	0	0	0	 
鹨	8976	0	0	0	 
鹩	8668	0	0	0	 
鹪	8800	0	0	0	 
鹫	8041	0	0	0	 
鹬	8327	0	0	0	 
鹭	0	0	0	0	 
鹮	0	0	0	0	 
鹯	8514	0	0	0	 
鹰	8745	0	0	0	 
鹱	0	0	0	0	 
鹲	8646	0	0	0	 
鹳	0	0	0	0	 
鹴	0	0	0	0	 
鹵	0	0	0	0	 
鹶	0	0	0	0	 
鹷	0	0	0	0	 
鹸	0	0	0	0	 
鹹	0	0	0	0	 
鹺	0	0	0	0	 
鹻	0	0	0	0	 
鹼	0	0	0	0	 
鹽	10131	0	0	0	 
鹾	0	0	0	0	 
麀	8954	0	0	0	 
麁	8690	0	0	0	 
麃	9152	0	0	0	 
麈	8690	0	0	0	 
麉	9042	0	0	0	 
麌	8327	0	0	0	 
麓	8602	0	0	0	 
麔	9427	0	0	0	 
麞	8195	0	0	0	 
麠	0	0	0	0	 
麧	0	0	0	0	 
麬	0	0	0	0	 
麭	0	0	0	0	 
麮	0	0	0	0	 
麯	0	0	0	0	 
麰	0	0	0	0	 
麱	0	0	0	0	 
麲	0	0	0	0	 
麳	8701	0	0	0	 
麴	0	0	0	0	 
麵	0	0	0	0	 
麶	0	0	0	0	 
麷	8668	0	0	0	 
麸	0	0	0	0	 
麹	0	0	0	0	 
麺	8745	0	0	0	 
麻	0	0	0	0	 
麼	8745	0	0	0	 
麽	8811	0	0	0	 
麾	0	0	0	0	 
麿	0	0	0	0	 
黀	0	0	0	0	 
黁	0	0	0	0	 
黂	0	0	0	0	 
黃	9493	0	0	0	 
黄	0	0	0	0	 
黆	0	0	0	0	 
黇	0	0	0	0	 
黈	9416	0	0	0	 
黉	0	0	0	0	 
黊	0	0	0	0	 
黋	0	0	0	0	 
黌	9713	0	0	0	 
黍	10054	0	0	0	 
黎	8888	0	0	0	 
黑	0	0	0	0	 
黓	9614	0	0	0	 
黔	0	0	0	0	 
黕	0	0	0	0	 
黖	12991	0	0	0	 
黗	8195	0	0	0	 
默	0	0	0	0	 
黙	0	0	0	0	 
黚	7997	0	0	0	 
黛	8932	0	0	0	 
黜	8789	0	0	0	 
黝	0	0	0	0	 
點	8250	0	0	0	 
黟	9427	0	0	0	 
黠	0	0	0	0	 
黡	8591	0	0	0	 
黢	0	0	0	0	 
黣	0	0	0	0	 
黤	9614	0	0	0	 
黥	0	0	0	0	 
黦	8932	0	0	0	 
黧	0	0	0	0	 
黨	8668	0	0	0	 
黩	9438	0	0	0	 
黪	0	0	0	0	 
黫	0	0	0	0	 
黬	0	0	0	0	 
黭	0	0	0	0	 
黮	8294	0	0	0	 
黯	0	0	0	0	 
黰	0	0	0	0	 
黱	0	0	0	0	 
黲	0	0	0	0	 
黳	0	0	0	0	 
黴	0	0	0	0	 
黵	0	0	0	0	 
黶	0	0	0	0	 
黷	0	0	0	0	 
黸	8591	0	0	0	 
黹	0	0	0	0	 
黺	9009	0	0	0	 
黻	9009	0	0	0	 
黼	0	0	0	0	 
黽	9174	0	0	0	 
黾	0	0	0	0	 
鼀	0	0	0	0	 
鼁	0	0	0	0	 
鼂	0	0	0	0	 
鼃	0	0	0	0	 
鼄	0	0	0	0	 
鼅	13211	0	0	0	 
鼆	8404	0	0	0	 
鼏	10307	0	0	0	 
鼑	8745	0	0	0	 
鼘	9713	0	0	0	 
鼚	9273	0	0	0	 
鼡	8272	0	0	0	 
鼣	8591	0	0	0	 
鼭	0	0	0	0	 
鼰	0	0	0	0	 
鼳	0	0	0	0	 
鼴	0	0	0	0	 
鼵	0	0	0	0	 
鼶	9097	0	0	0	 
鼷	0	0	0	0	 
鼸	9163	0	0	0	 
鼹	0	0	0	0	 
鼺	8437	0	0	0	 
鼻	9658	0	0	0	 
鼽	8932	0	0	0	 
鼾	0	0	0	0	 
鼿	0	0	0	0	 
齀	0	0	0	0	 
齁	0	0	0	0	 
齂	0	0	0	0	 
齃	0	0	0	0	 
齄	0	0	0	0	 
齅	0	0	0	0	 
齆	0	0	0	0	 
齇	0	0	0	0	 
齈	0	0	0	0	 
齉	0	0	0	0	 
齊	0	0	0	0	 
齋	0	0	0	0	 
齌	0	0	0	0	 
齍	0	0	0	0	 
齎	0	0	0	0	 
齏	8800	0	0	0	 
齐	8591	0	0	0	 
齑	0	0	0	0	 
齓	0	0	0	0	 
齔	0	0	0	0	 
齕	0	0	0	0	 
齖	0	0	0	0	 
齗	0	0	0	0	 
齘	0	0	0	0	 
齙	12991	0	0	0	 
齚	0	0	0	0	 
齛	0	0	0	0	 
齜	0	0	0	0	 
齝	0	0	0	0	 
齞	0	0	0	0	 
齟	0	0	0	0	 
齠	0	0	0	0	 
齡	0	0	0	0	 
齢	0	0	0	0	 
齣	0	0	0	0	 
齤	0	0	0	0	 
齥	0	0	0	0	 
齦	0	0	0	0	 
齧	0	0	0	0	 
齨	0	0	0	0	 
齩	0	0	0	0	 
齪	0	0	0	0	 
齫	0	0	0	0	 
齬	0	0	0	0	 
齭	0	0	0	0	 
齮	0	0	0	0	 
齯	0	0	0	0	 
齰	0	0	0	0	 
齱	0	0	0	0	 
齲	0	0	0	0	 
齳	0	0	0	0	 
齴	0	0	0	0	 
齵	0	0	0	0	 
齶	0	0	0	0	 
齷	0	0	0	0	 
齸	32186	0	0	0	 
齹	12089	0	0	0	 
龌	8943	0	0	0	 
龛	9570	0	0	0	 
龜	0	0	0	0	 
龡	0	0	0	0	 
龧	0	0	0	0	 
龨	0	0	0	0	 
龩	0	0	0	0	 
龪	0	0	0	0	 
龫	0	0	0	0	 
龬	0	0	0	0	 
龭	0	0	0	0	 
龮	0	0	0	0	 
龯	0	0	0	0	 
龰	0	0	0	0	 
龱	0	0	0	0	 
龲	0	0	0	0	 
龳	0	0	0	0	 
	0	0	0	0	 
	0	0	0	0	 
	0	0	0	0	 
	0	0	0	0	 
	0	0	0	0	 
	0	0	0	0	 
	0	0	0	0	 
	0	0	0	0	 
龼	0	0	0	0	 
龽	0	0	0	0	 
龾	0	0	0	0	 
龿	0	0	0	0	 
鿀	0	0	0	0	 
鿁	0	0	0	0	 
鿂	0	0	0	0	 
鿃	0	0	0	0	 
鿄	0	0	0	0	 
鿅	0	0	0	0	 
鿆	0	0	0	0	 
鿇	0	0	0	0	 
鿈	0	0	0	0	 
鿉	0	0	0	0	 
鿊	0	0	0	0	 
鿋	0	0	0	0	 
鿌	0	0	0	0	 
鿍	0	0	0	0	 
鿎	0	0	0	0	 
鿏	0	0	0	0	 
鿐	0	0	0	0	 
鿑	0	0	0	0	 
鿒	0	0	0	0	 
鿓	0	0	0	0	 
鿔	0	0	0	0	 
鿕	0	0	0	0	 
鿖	0	0	0	0	 
鿗	0	0	0	0	 
鿘	0	0	0	0	 
鿙	0	0	0	0	 
鿚	0	0	0	0	 
鿛	0	0	0	0	 
鿜	0	0	0	0	 
鿝	0	0	0	0	 
鿞	0	0	0	0	 
鿟	0	0	0	0	 
鿠	0	0	0	0	 
鿡	0	0	0	0	 
鿢	0	0	0	0	 
鿣	0	0	0	0	 
鿤	0	0	0	0	 
鿥	0	0	0	0	 
鿦	0	0	0	0	 
鿧	0	0	0	0	 
鿨	0	0	0	0	 
鿩	0	0	0	0	 
鿪	0	0	0	0	 
鿫	0	0	0	0	 
鿬	0	0	0	0	 
鿭	0	0	0	0	 
鿮	0	0	0	0	 
鿯	0	0	0	0	 
鿰	0	0	0	0	 
鿱	0	0	0	0	 
鿲	0	0	0	0	 
鿳	0	0	0	0	 
鿴	0	0	0	0	 
鿵	0	0	0	0	 
鿶	0	0	0	0	 
鿷	0	0	0	0	 
鿸	0	0	0	0	 
鿹	0	0	0	0	 
鿺	0	0	0	0	 
鿻	0	0	0	0	 
鿼	0	0	0	0	 
鿽	0	0	0	0	 
鿾	0	0	0	0	 
鿿	0	0	0	0	 
