㐀	0			
㐁	0			
㐂	0			
㐃	0			
㐄	0			
㐅	0			
㐆	0			
㐇	0			
㐈	0			
㐉	0			
㐊	0			
㐋	0			
㐌	0			
㐍	0			
㐎	0			
㐏	0			
㐐	0			
㐑	0			
㐒	0			
㐓	0			
㐔	0			
㐕	0			
㐖	0			
㐗	0			
㐘	0			
㐙	0			
㐚	0			
㐛	0			
㐜	0			
㐝	0			
㐞	0			
㐟	0			
㐠	0			
㐡	0			
㐢	0			
㐣	0			
㐤	0			
㐥	0			
㐦	0			
㐧	0			
㐨	0			
㐩	0			
㐪	0			
㐫	0			
㐬	0			
㐭	0			
㐮	0			
㐯	0			
㐰	0			
㐱	0			
㐲	0			
㐳	0			
㐴	0			
㐵	0			
㐶	0			
㐷	0			
㐸	0			
㐹	0			
㐺	0			
㐻	0			
㐼	0			
㐽	0			
㐾	0			
㐿	0			
㑀	0			
㑁	0			
㑂	0			
㑃	0			
㑄	0			
㑅	0			
㑆	0			
㑇	0			
㑈	0			
㑉	0			
㑊	0			
㑋	0			
㑌	0			
㑍	0			
㑎	0			
㑏	0			
㑐	0			
㑑	0			
㑒	0			
㑓	0			
㑔	0			
㑕	0			
㑖	0			
㑗	0			
㑘	0			
㑙	0			
㑚	0			
㑛	0			
㑜	0			
㑝	0			
㑞	0			
㑟	0			
㑠	0			
㑡	0			
㑢	0			
㑣	0			
㑤	0			
㑥	0			
㑦	0			
㑧	0			
㑨	0			
㑩	0			
㑪	0			
㑫	0			
㑬	0			
㑭	0			
㑮	0			
㑯	0			
㑰	0			
㑱	0			
㑲	0			
㑳	0			
㑴	0			
㑵	0			
㑶	0			
㑷	0			
㑸	0			
㑹	0			
㑺	0			
㑻	0			
㑼	0			
㑽	0			
㑾	0			
㑿	0			
㒀	0			
㒁	0			
㒂	0			
㒃	0			
㒄	0			
㒅	0			
㒆	0			
㒇	0			
㒈	0			
㒉	0			
㒊	0			
㒋	0			
㒌	0			
㒍	0			
㒎	0			
㒏	0			
㒐	0			
㒑	0			
㒒	0			
㒓	0			
㒔	0			
㒕	0			
㒖	0			
㒗	0			
㒘	0			
㒙	0			
㒚	0			
㒛	0			
㒜	0			
㒝	0			
㒞	0			
㒟	0			
㒠	0			
㒡	0			
㒢	0			
㒣	0			
㒤	0			
㒥	0			
㒦	0			
㒧	0			
㒨	0			
㒩	0			
㒪	0			
㒫	0			
㒬	0			
㒭	0			
㒮	0			
㒯	0			
㒰	0			
㒱	0			
㒲	0			
㒳	0			
㒴	0			
㒵	0			
㒶	0			
㒷	0			
㒸	0			
㒹	0			
㒺	0			
㒻	0			
㒼	0			
㒽	0			
㒾	0			
㒿	0			
㓀	0			
㓁	0			
㓂	0			
㓃	0			
㓄	0			
㓅	0			
㓆	0			
㓇	0			
㓈	0			
㓉	0			
㓊	0			
㓋	0			
㓌	0			
㓍	0			
㓎	0			
㓏	0			
㓐	0			
㓑	0			
㓒	0			
㓓	0			
㓔	0			
㓕	0			
㓖	0			
㓗	0			
㓘	0			
㓙	0			
㓚	0			
㓛	0			
㓜	0			
㓝	0			
㓞	0			
㓟	0			
㓠	0			
㓡	0			
㓢	0			
㓣	0			
㓤	0			
㓥	0			
㓦	0			
㓧	0			
㓨	0			
㓩	0			
㓪	0			
㓫	0			
㓬	0			
㓭	0			
㓮	0			
㓯	0			
㓰	0			
㓱	0			
㓲	0			
㓳	0			
㓴	0			
㓵	0			
㓶	0			
㓷	0			
㓸	0			
㓹	0			
㓺	0			
㓻	0			
㓼	0			
㓽	0			
㓾	0			
㓿	0			
㔀	0			
㔁	0			
㔂	0			
㔃	0			
㔄	0			
㔅	0			
㔆	0			
㔇	0			
㔈	0			
㔉	0			
㔊	0			
㔋	0			
㔌	0			
㔍	0			
㔎	0			
㔏	0			
㔐	0			
㔑	0			
㔒	0			
㔓	0			
㔔	0			
㔕	0			
㔖	0			
㔗	0			
㔘	0			
㔙	0			
㔚	0			
㔛	0			
㔜	0			
㔝	0			
㔞	0			
㔟	0			
㔠	0			
㔡	0			
㔢	0			
㔣	0			
㔤	0			
㔥	0			
㔦	0			
㔧	0			
㔨	0			
㔩	0			
㔪	0			
㔫	0			
㔬	0			
㔭	0			
㔮	0			
㔯	0			
㔰	0			
㔱	0			
㔲	0			
㔳	0			
㔴	0			
㔵	0			
㔶	0			
㔷	0			
㔸	0			
㔹	0			
㔺	0			
㔻	0			
㔼	0			
㔽	0			
㔾	0			
㔿	0			
㕀	0			
㕁	0			
㕂	0			
㕃	0			
㕄	0			
㕅	0			
㕆	0			
㕇	0			
㕈	0			
㕉	0			
㕊	0			
㕋	0			
㕌	0			
㕍	0			
㕎	0			
㕏	0			
㕐	0			
㕑	0			
㕒	0			
㕓	0			
㕔	0			
㕕	0			
㕖	0			
㕗	0			
㕘	0			
㕙	0			
㕚	0			
㕛	0			
㕜	0			
㕝	0			
㕞	0			
㕟	0			
㕠	0			
㕡	0			
㕢	0			
㕣	0			
㕤	0			
㕥	0			
㕦	0			
㕧	0			
㕨	0			
㕩	0			
㕪	0			
㕫	0			
㕬	0			
㕭	0			
㕮	0			
㕯	0			
㕰	0			
㕱	0			
㕲	0			
㕳	0			
㕴	0			
㕵	0			
㕶	0			
㕷	0			
㕸	0			
㕹	0			
㕺	0			
㕻	0			
㕼	0			
㕽	0			
㕾	0			
㕿	0			
㖀	0			
㖁	0			
㖂	0			
㖃	0			
㖄	0			
㖅	0			
㖆	0			
㖇	0			
㖈	0			
㖉	0			
㖊	0			
㖋	0			
㖌	0			
㖍	0			
㖎	0			
㖏	0			
㖐	0			
㖑	0			
㖒	0			
㖓	0			
㖔	0			
㖕	0			
㖖	0			
㖗	0			
㖘	0			
㖙	0			
㖚	0			
㖛	0			
㖜	0			
㖝	0			
㖞	0			
㖟	0			
㖠	0			
㖡	0			
㖢	0			
㖣	0			
㖤	0			
㖥	0			
㖦	0			
㖧	0			
㖨	0			
㖩	0			
㖪	0			
㖫	0			
㖬	0			
㖭	0			
㖮	0			
㖯	0			
㖰	0			
㖱	0			
㖲	0			
㖳	0			
㖴	0			
㖵	0			
㖶	0			
㖷	0			
㖸	0			
㖹	0			
㖺	0			
㖻	0			
㖼	0			
㖽	0			
㖾	0			
㖿	0			
㗀	0			
㗁	0			
㗂	0			
㗃	0			
㗄	0			
㗅	0			
㗆	0			
㗇	0			
㗈	0			
㗉	0			
㗊	0			
㗋	0			
㗌	0			
㗍	0			
㗎	0			
㗏	0			
㗐	0			
㗑	0			
㗒	0			
㗓	0			
㗔	0			
㗕	0			
㗖	0			
㗗	0			
㗘	0			
㗙	0			
㗚	0			
㗛	0			
㗜	0			
㗝	0			
㗞	0			
㗟	0			
㗠	0			
㗡	0			
㗢	0			
㗣	0			
㗤	0			
㗥	0			
㗦	0			
㗧	0			
㗨	0			
㗩	0			
㗪	0			
㗫	0			
㗬	0			
㗭	0			
㗮	0			
㗯	0			
㗰	0			
㗱	0			
㗲	0			
㗳	0			
㗴	0			
㗵	0			
㗶	0			
㗷	0			
㗸	0			
㗹	0			
㗺	0			
㗻	0			
㗼	0			
㗽	0			
㗾	0			
㗿	0			
㘀	0			
㘁	0			
㘂	0			
㘃	0			
㘄	0			
㘅	0			
㘆	0			
㘇	0			
㘈	0			
㘉	0			
㘊	0			
㘋	0			
㘌	0			
㘍	0			
㘎	0			
㘏	0			
㘐	0			
㘑	0			
㘒	0			
㘓	0			
㘔	0			
㘕	0			
㘖	0			
㘗	0			
㘘	0			
㘙	0			
㘚	0			
㘛	0			
㘜	0			
㘝	0			
㘞	0			
㘟	0			
㘠	0			
㘡	0			
㘢	0			
㘣	0			
㘤	0			
㘥	0			
㘦	0			
㘧	0			
㘨	0			
㘩	0			
㘪	0			
㘫	0			
㘬	0			
㘭	0			
㘮	0			
㘯	0			
㘰	0			
㘱	0			
㘲	0			
㘳	0			
㘴	0			
㘵	0			
㘶	0			
㘷	0			
㘸	0			
㘹	0			
㘺	0			
㘻	0			
㘼	0			
㘽	0			
㘾	0			
㘿	0			
㙀	0			
㙁	0			
㙂	0			
㙃	0			
㙄	0			
㙅	0			
㙆	0			
㙇	0			
㙈	0			
㙉	0			
㙊	0			
㙋	0			
㙌	0			
㙍	0			
㙎	0			
㙏	0			
㙐	0			
㙑	0			
㙒	0			
㙓	0			
㙔	0			
㙕	0			
㙖	0			
㙗	0			
㙘	0			
㙙	0			
㙚	0			
㙛	0			
㙜	0			
㙝	0			
㙞	0			
㙟	0			
㙠	0			
㙡	0			
㙢	0			
㙣	0			
㙤	0			
㙥	0			
㙦	0			
㙧	0			
㙨	0			
㙩	0			
㙪	0			
㙫	0			
㙬	0			
㙭	0			
㙮	0			
㙯	0			
㙰	0			
㙱	0			
㙲	0			
㙳	0			
㙴	0			
㙵	0			
㙶	0			
㙷	0			
㙸	0			
㙹	0			
㙺	0			
㙻	0			
㙼	0			
㙽	0			
㙾	0			
㙿	0			
㚀	0			
㚁	0			
㚂	0			
㚃	0			
㚄	0			
㚅	0			
㚆	0			
㚇	0			
㚈	0			
㚉	0			
㚊	0			
㚋	0			
㚌	0			
㚍	0			
㚎	0			
㚏	0			
㚐	0			
㚑	0			
㚒	0			
㚓	0			
㚔	0			
㚕	0			
㚖	0			
㚗	0			
㚘	0			
㚙	0			
㚚	0			
㚛	0			
㚜	0			
㚝	0			
㚞	0			
㚟	0			
㚠	0			
㚡	0			
㚢	0			
㚣	0			
㚤	0			
㚥	0			
㚦	0			
㚧	0			
㚨	0			
㚩	0			
㚪	0			
㚫	0			
㚬	0			
㚭	0			
㚮	0			
㚯	0			
㚰	0			
㚱	0			
㚲	0			
㚳	0			
㚴	0			
㚵	0			
㚶	0			
㚷	0			
㚸	0			
㚹	0			
㚺	0			
㚻	0			
㚼	0			
㚽	0			
㚾	0			
㚿	0			
㛀	0			
㛁	0			
㛂	0			
㛃	0			
㛄	0			
㛅	0			
㛆	0			
㛇	0			
㛈	0			
㛉	0			
㛊	0			
㛋	0			
㛌	0			
㛍	0			
㛎	0			
㛏	0			
㛐	0			
㛑	0			
㛒	0			
㛓	0			
㛔	0			
㛕	0			
㛖	0			
㛗	0			
㛘	0			
㛙	0			
㛚	0			
㛛	0			
㛜	0			
㛝	0			
㛞	0			
㛟	0			
㛠	0			
㛡	0			
㛢	0			
㛣	0			
㛤	0			
㛥	0			
㛦	0			
㛧	0			
㛨	0			
㛩	0			
㛪	0			
㛫	0			
㛬	0			
㛭	0			
㛮	0			
㛯	0			
㛰	0			
㛱	0			
㛲	0			
㛳	0			
㛴	0			
㛵	0			
㛶	0			
㛷	0			
㛸	0			
㛹	0			
㛺	0			
㛻	0			
㛼	0			
㛽	0			
㛾	0			
㛿	0			
㜀	0			
㜁	0			
㜂	0			
㜃	0			
㜄	0			
㜅	0			
㜆	0			
㜇	0			
㜈	0			
㜉	0			
㜊	0			
㜋	0			
㜌	0			
㜍	0			
㜎	0			
㜏	0			
㜐	0			
㜑	0			
㜒	0			
㜓	0			
㜔	0			
㜕	0			
㜖	0			
㜗	0			
㜘	0			
㜙	0			
㜚	0			
㜛	0			
㜜	0			
㜝	0			
㜞	0			
㜟	0			
㜠	0			
㜡	0			
㜢	0			
㜣	0			
㜤	0			
㜥	0			
㜦	0			
㜧	0			
㜨	0			
㜩	0			
㜪	0			
㜫	0			
㜬	0			
㜭	0			
㜮	0			
㜯	0			
㜰	0			
㜱	0			
㜲	0			
㜳	0			
㜴	0			
㜵	0			
㜶	0			
㜷	0			
㜸	0			
㜹	0			
㜺	0			
㜻	0			
㜼	0			
㜽	0			
㜾	0			
㜿	0			
㝀	0			
㝁	0			
㝂	0			
㝃	0			
㝄	0			
㝅	0			
㝆	0			
㝇	0			
㝈	0			
㝉	0			
㝊	0			
㝋	0			
㝌	0			
㝍	0			
㝎	0			
㝏	0			
㝐	0			
㝑	0			
㝒	0			
㝓	0			
㝔	0			
㝕	0			
㝖	0			
㝗	0			
㝘	0			
㝙	0			
㝚	0			
㝛	0			
㝜	0			
㝝	0			
㝞	0			
㝟	0			
㝠	0			
㝡	0			
㝢	0			
㝣	0			
㝤	0			
㝥	0			
㝦	0			
㝧	0			
㝨	0			
㝩	0			
㝪	0			
㝫	0			
㝬	0			
㝭	0			
㝮	0			
㝯	0			
㝰	0			
㝱	0			
㝲	0			
㝳	0			
㝴	0			
㝵	0			
㝶	0			
㝷	0			
㝸	0			
㝹	0			
㝺	0			
㝻	0			
㝼	0			
㝽	0			
㝾	0			
㝿	0			
㞀	0			
㞁	0			
㞂	0			
㞃	0			
㞄	0			
㞅	0			
㞆	0			
㞇	0			
㞈	0			
㞉	0			
㞊	0			
㞋	0			
㞌	0			
㞍	0			
㞎	0			
㞏	0			
㞐	0			
㞑	0			
㞒	0			
㞓	0			
㞔	0			
㞕	0			
㞖	0			
㞗	0			
㞘	0			
㞙	0			
㞚	0			
㞛	0			
㞜	0			
㞝	0			
㞞	0			
㞟	0			
㞠	0			
㞡	0			
㞢	0			
㞣	0			
㞤	0			
㞥	0			
㞦	0			
㞧	0			
㞨	0			
㞩	0			
㞪	0			
㞫	0			
㞬	0			
㞭	0			
㞮	0			
㞯	0			
㞰	0			
㞱	0			
㞲	0			
㞳	0			
㞴	0			
㞵	0			
㞶	0			
㞷	0			
㞸	0			
㞹	0			
㞺	0			
㞻	0			
㞼	0			
㞽	0			
㞾	0			
㞿	0			
㟀	0			
㟁	0			
㟂	0			
㟃	0			
㟄	0			
㟅	0			
㟆	0			
㟇	0			
㟈	0			
㟉	0			
㟊	0			
㟋	0			
㟌	0			
㟍	0			
㟎	0			
㟏	0			
㟐	0			
㟑	0			
㟒	0			
㟓	0			
㟔	0			
㟕	0			
㟖	0			
㟗	0			
㟘	0			
㟙	0			
㟚	0			
㟛	0			
㟜	0			
㟝	0			
㟞	0			
㟟	0			
㟠	0			
㟡	0			
㟢	0			
㟣	0			
㟤	0			
㟥	0			
㟦	0			
㟧	0			
㟨	0			
㟩	0			
㟪	0			
㟫	0			
㟬	0			
㟭	0			
㟮	0			
㟯	0			
㟰	0			
㟱	0			
㟲	0			
㟳	0			
㟴	0			
㟵	0			
㟶	0			
㟷	0			
㟸	0			
㟹	0			
㟺	0			
㟻	0			
㟼	0			
㟽	0			
㟾	0			
㟿	0			
㠀	0			
㠁	0			
㠂	0			
㠃	0			
㠄	0			
㠅	0			
㠆	0			
㠇	0			
㠈	0			
㠉	0			
㠊	0			
㠋	0			
㠌	0			
㠍	0			
㠎	0			
㠏	0			
㠐	0			
㠑	0			
㠒	0			
㠓	0			
㠔	0			
㠕	0			
㠖	0			
㠗	0			
㠘	0			
㠙	0			
㠚	0			
㠛	0			
㠜	0			
㠝	0			
㠞	0			
㠟	0			
㠠	0			
㠡	0			
㠢	0			
㠣	0			
㠤	0			
㠥	0			
㠦	0			
㠧	0			
㠨	0			
㠩	0			
㠪	0			
㠫	0			
㠬	0			
㠭	0			
㠮	0			
㠯	0			
㠰	0			
㠱	0			
㠲	0			
㠳	0			
㠴	0			
㠵	0			
㠶	0			
㠷	0			
㠸	0			
㠹	0			
㠺	0			
㠻	0			
㠼	0			
㠽	0			
㠾	0			
㠿	0			
㡀	0			
㡁	0			
㡂	0			
㡃	0			
㡄	0			
㡅	0			
㡆	0			
㡇	0			
㡈	0			
㡉	0			
㡊	0			
㡋	0			
㡌	0			
㡍	0			
㡎	0			
㡏	0			
㡐	0			
㡑	0			
㡒	0			
㡓	0			
㡔	0			
㡕	0			
㡖	0			
㡗	0			
㡘	0			
㡙	0			
㡚	0			
㡛	0			
㡜	0			
㡝	0			
㡞	0			
㡟	0			
㡠	0			
㡡	0			
㡢	0			
㡣	0			
㡤	0			
㡥	0			
㡦	0			
㡧	0			
㡨	0			
㡩	0			
㡪	0			
㡫	0			
㡬	0			
㡭	0			
㡮	0			
㡯	0			
㡰	0			
㡱	0			
㡲	0			
㡳	0			
㡴	0			
㡵	0			
㡶	0			
㡷	0			
㡸	0			
㡹	0			
㡺	0			
㡻	0			
㡼	0			
㡽	0			
㡾	0			
㡿	0			
㢀	0			
㢁	0			
㢂	0			
㢃	0			
㢄	0			
㢅	0			
㢆	0			
㢇	0			
㢈	0			
㢉	0			
㢊	0			
㢋	0			
㢌	0			
㢍	0			
㢎	0			
㢏	0			
㢐	0			
㢑	0			
㢒	0			
㢓	0			
㢔	0			
㢕	0			
㢖	0			
㢗	0			
㢘	0			
㢙	0			
㢚	0			
㢛	0			
㢜	0			
㢝	0			
㢞	0			
㢟	0			
㢠	0			
㢡	0			
㢢	0			
㢣	0			
㢤	0			
㢥	0			
㢦	0			
㢧	0			
㢨	0			
㢩	0			
㢪	0			
㢫	0			
㢬	0			
㢭	0			
㢮	0			
㢯	0			
㢰	0			
㢱	0			
㢲	0			
㢳	0			
㢴	0			
㢵	0			
㢶	0			
㢷	0			
㢸	0			
㢹	0			
㢺	0			
㢻	0			
㢼	0			
㢽	0			
㢾	0			
㢿	0			
㣀	0			
㣁	0			
㣂	0			
㣃	0			
㣄	0			
㣅	0			
㣆	0			
㣇	0			
㣈	0			
㣉	0			
㣊	0			
㣋	0			
㣌	0			
㣍	0			
㣎	0			
㣏	0			
㣐	0			
㣑	0			
㣒	0			
㣓	0			
㣔	0			
㣕	0			
㣖	0			
㣗	0			
㣘	0			
㣙	0			
㣚	0			
㣛	0			
㣜	0			
㣝	0			
㣞	0			
㣟	0			
㣠	0			
㣡	0			
㣢	0			
㣣	0			
㣤	0			
㣥	0			
㣦	0			
㣧	0			
㣨	0			
㣩	0			
㣪	0			
㣫	0			
㣬	0			
㣭	0			
㣮	0			
㣯	0			
㣰	0			
㣱	0			
㣲	0			
㣳	0			
㣴	0			
㣵	0			
㣶	0			
㣷	0			
㣸	0			
㣹	0			
㣺	0			
㣻	0			
㣼	0			
㣽	0			
㣾	0			
㣿	0			
㤀	0			
㤁	0			
㤂	0			
㤃	0			
㤄	0			
㤅	0			
㤆	0			
㤇	0			
㤈	0			
㤉	0			
㤊	0			
㤋	0			
㤌	0			
㤍	0			
㤎	0			
㤏	0			
㤐	0			
㤑	0			
㤒	0			
㤓	0			
㤔	0			
㤕	0			
㤖	0			
㤗	12991			
㤘	0			
㤙	0			
㤚	0			
㤛	0			
㤜	0			
㤝	0			
㤞	0			
㤟	0			
㤠	0			
㤡	0			
㤢	0			
㤣	0			
㤤	0			
㤥	0			
㤦	0			
㤧	0			
㤨	0			
㤩	0			
㤪	0			
㤫	0			
㤬	0			
㤭	0			
㤮	0			
㤯	0			
㤰	0			
㤱	0			
㤲	0			
㤳	0			
㤴	0			
㤵	0			
㤶	0			
㤷	0			
㤸	0			
㤹	0			
㤺	0			
㤻	0			
㤼	0			
㤽	0			
㤾	0			
㤿	0			
㥀	0			
㥁	0			
㥂	0			
㥃	0			
㥄	0			
㥅	0			
㥆	0			
㥇	0			
㥈	0			
㥉	0			
㥊	0			
㥋	0			
㥌	0			
㥍	0			
㥎	0			
㥏	0			
㥐	0			
㥑	0			
㥒	0			
㥓	0			
㥔	0			
㥕	0			
㥖	0			
㥗	0			
㥘	0			
㥙	0			
㥚	0			
㥛	0			
㥜	0			
㥝	0			
㥞	0			
㥟	0			
㥠	0			
㥡	0			
㥢	0			
㥣	0			
㥤	0			
㥥	0			
㥦	0			
㥧	0			
㥨	0			
㥩	0			
㥪	0			
㥫	0			
㥬	0			
㥭	0			
㥮	0			
㥯	0			
㥰	0			
㥱	0			
㥲	0			
㥳	0			
㥴	0			
㥵	0			
㥶	0			
㥷	0			
㥸	0			
㥹	0			
㥺	0			
㥻	0			
㥼	0			
㥽	0			
㥾	0			
㥿	0			
㦀	0			
㦁	0			
㦂	0			
㦃	0			
㦄	0			
㦅	0			
㦆	0			
㦇	0			
㦈	0			
㦉	0			
㦊	0			
㦋	0			
㦌	0			
㦍	0			
㦎	0			
㦏	0			
㦐	0			
㦑	0			
㦒	0			
㦓	0			
㦔	0			
㦕	0			
㦖	0			
㦗	0			
㦘	0			
㦙	0			
㦚	0			
㦛	0			
㦜	0			
㦝	0			
㦞	0			
㦟	0			
㦠	0			
㦡	0			
㦢	0			
㦣	0			
㦤	0			
㦥	0			
㦦	0			
㦧	0			
㦨	0			
㦩	0			
㦪	0			
㦫	0			
㦬	0			
㦭	0			
㦮	0			
㦯	0			
㦰	0			
㦱	0			
㦲	0			
㦳	0			
㦴	0			
㦵	0			
㦶	0			
㦷	0			
㦸	0			
㦹	0			
㦺	0			
㦻	0			
㦼	0			
㦽	0			
㦾	0			
㦿	0			
㧀	0			
㧁	0			
㧂	0			
㧃	0			
㧄	0			
㧅	0			
㧆	0			
㧇	0			
㧈	0			
㧉	0			
㧊	0			
㧋	0			
㧌	0			
㧍	0			
㧎	0			
㧏	0			
㧐	0			
㧑	0			
㧒	0			
㧓	0			
㧔	0			
㧕	0			
㧖	0			
㧗	0			
㧘	0			
㧙	0			
㧚	0			
㧛	0			
㧜	0			
㧝	0			
㧞	0			
㧟	0			
㧠	0			
㧡	0			
㧢	0			
㧣	0			
㧤	0			
㧥	0			
㧦	0			
㧧	0			
㧨	0			
㧩	0			
㧪	0			
㧫	0			
㧬	0			
㧭	0			
㧮	0			
㧯	0			
㧰	0			
㧱	0			
㧲	0			
㧳	0			
㧴	0			
㧵	0			
㧶	0			
㧷	0			
㧸	0			
㧹	0			
㧺	0			
㧻	0			
㧼	0			
㧽	0			
㧾	0			
㧿	0			
㨀	0			
㨁	0			
㨂	0			
㨃	0			
㨄	0			
㨅	0			
㨆	0			
㨇	0			
㨈	0			
㨉	0			
㨊	0			
㨋	0			
㨌	0			
㨍	0			
㨎	0			
㨏	0			
㨐	0			
㨑	0			
㨒	0			
㨓	0			
㨔	0			
㨕	0			
㨖	0			
㨗	0			
㨘	0			
㨙	0			
㨚	0			
㨛	0			
㨜	0			
㨝	0			
㨞	0			
㨟	0			
㨠	0			
㨡	0			
㨢	0			
㨣	0			
㨤	0			
㨥	0			
㨦	0			
㨧	0			
㨨	0			
㨩	0			
㨪	0			
㨫	0			
㨬	0			
㨭	0			
㨮	0			
㨯	0			
㨰	0			
㨱	0			
㨲	0			
㨳	0			
㨴	0			
㨵	0			
㨶	0			
㨷	0			
㨸	0			
㨹	0			
㨺	0			
㨻	0			
㨼	0			
㨽	0			
㨾	0			
㨿	0			
㩀	0			
㩁	0			
㩂	0			
㩃	0			
㩄	0			
㩅	0			
㩆	0			
㩇	0			
㩈	0			
㩉	0			
㩊	0			
㩋	0			
㩌	0			
㩍	0			
㩎	0			
㩏	0			
㩐	0			
㩑	0			
㩒	0			
㩓	0			
㩔	0			
㩕	0			
㩖	0			
㩗	0			
㩘	0			
㩙	0			
㩚	0			
㩛	0			
㩜	0			
㩝	0			
㩞	0			
㩟	0			
㩠	0			
㩡	0			
㩢	0			
㩣	0			
㩤	0			
㩥	0			
㩦	0			
㩧	0			
㩨	0			
㩩	0			
㩪	0			
㩫	0			
㩬	0			
㩭	0			
㩮	0			
㩯	0			
㩰	0			
㩱	0			
㩲	0			
㩳	0			
㩴	0			
㩵	0			
㩶	0			
㩷	0			
㩸	0			
㩹	0			
㩺	0			
㩻	0			
㩼	0			
㩽	0			
㩾	0			
㩿	0			
㪀	0			
㪁	0			
㪂	0			
㪃	0			
㪄	0			
㪅	0			
㪆	0			
㪇	0			
㪈	0			
㪉	0			
㪊	0			
㪋	0			
㪌	0			
㪍	0			
㪎	0			
㪏	0			
㪐	0			
㪑	0			
㪒	0			
㪓	0			
㪔	0			
㪕	0			
㪖	0			
㪗	0			
㪘	0			
㪙	0			
㪚	0			
㪛	0			
㪜	0			
㪝	0			
㪞	0			
㪟	0			
㪠	0			
㪡	0			
㪢	0			
㪣	0			
㪤	0			
㪥	0			
㪦	0			
㪧	0			
㪨	0			
㪩	0			
㪪	0			
㪫	0			
㪬	0			
㪭	0			
㪮	0			
㪯	0			
㪰	0			
㪱	0			
㪲	0			
㪳	0			
㪴	0			
㪵	0			
㪶	0			
㪷	0			
㪸	0			
㪹	0			
㪺	0			
㪻	0			
㪼	0			
㪽	0			
㪾	0			
㪿	0			
㫀	0			
㫁	0			
㫂	0			
㫃	0			
㫄	0			
㫅	0			
㫆	0			
㫇	0			
㫈	0			
㫉	0			
㫊	0			
㫋	0			
㫌	0			
㫍	0			
㫎	0			
㫏	0			
㫐	0			
㫑	0			
㫒	0			
㫓	0			
㫔	0			
㫕	0			
㫖	0			
㫗	0			
㫘	0			
㫙	0			
㫚	0			
㫛	0			
㫜	0			
㫝	0			
㫞	0			
㫟	0			
㫠	0			
㫡	0			
㫢	0			
㫣	0			
㫤	0			
㫥	0			
㫦	0			
㫧	0			
㫨	0			
㫩	0			
㫪	0			
㫫	0			
㫬	0			
㫭	0			
㫮	0			
㫯	0			
㫰	0			
㫱	0			
㫲	0			
㫳	0			
㫴	0			
㫵	0			
㫶	0			
㫷	0			
㫸	0			
㫹	0			
㫺	0			
㫻	0			
㫼	0			
㫽	0			
㫾	0			
㫿	0			
㬀	0			
㬁	0			
㬂	0			
㬃	0			
㬄	0			
㬅	0			
㬆	0			
㬇	0			
㬈	0			
㬉	0			
㬊	0			
㬋	0			
㬌	0			
㬍	0			
㬎	0			
㬏	0			
㬐	0			
㬑	0			
㬒	0			
㬓	0			
㬔	0			
㬕	0			
㬖	0			
㬗	0			
㬘	0			
㬙	0			
㬚	0			
㬛	0			
㬜	0			
㬝	0			
㬞	0			
㬟	0			
㬠	0			
㬡	0			
㬢	0			
㬣	0			
㬤	0			
㬥	0			
㬦	0			
㬧	0			
㬨	0			
㬩	0			
㬪	0			
㬫	0			
㬬	0			
㬭	0			
㬮	0			
㬯	0			
㬰	0			
㬱	0			
㬲	0			
㬳	0			
㬴	0			
㬵	0			
㬶	0			
㬷	0			
㬸	0			
㬹	0			
㬺	0			
㬻	0			
㬼	0			
㬽	0			
㬾	0			
㬿	0			
㭀	0			
㭁	0			
㭂	0			
㭃	0			
㭄	0			
㭅	0			
㭆	0			
㭇	0			
㭈	0			
㭉	0			
㭊	0			
㭋	0			
㭌	0			
㭍	0			
㭎	0			
㭏	0			
㭐	0			
㭑	0			
㭒	0			
㭓	0			
㭔	0			
㭕	0			
㭖	0			
㭗	0			
㭘	0			
㭙	0			
㭚	0			
㭛	0			
㭜	0			
㭝	0			
㭞	0			
㭟	0			
㭠	0			
㭡	0			
㭢	0			
㭣	0			
㭤	0			
㭥	0			
㭦	0			
㭧	0			
㭨	0			
㭩	0			
㭪	0			
㭫	0			
㭬	0			
㭭	0			
㭮	0			
㭯	0			
㭰	0			
㭱	0			
㭲	0			
㭳	0			
㭴	0			
㭵	0			
㭶	0			
㭷	0			
㭸	0			
㭹	0			
㭺	0			
㭻	0			
㭼	0			
㭽	0			
㭾	0			
㭿	0			
㮀	0			
㮁	0			
㮂	0			
㮃	0			
㮄	0			
㮅	0			
㮆	0			
㮇	0			
㮈	0			
㮉	0			
㮊	0			
㮋	0			
㮌	0			
㮍	0			
㮎	0			
㮏	0			
㮐	0			
㮑	0			
㮒	0			
㮓	0			
㮔	0			
㮕	0			
㮖	0			
㮗	0			
㮘	0			
㮙	0			
㮚	0			
㮛	0			
㮜	0			
㮝	0			
㮞	0			
㮟	0			
㮠	0			
㮡	0			
㮢	0			
㮣	0			
㮤	0			
㮥	0			
㮦	0			
㮧	0			
㮨	0			
㮩	0			
㮪	0			
㮫	0			
㮬	0			
㮭	0			
㮮	0			
㮯	0			
㮰	0			
㮱	0			
㮲	0			
㮳	0			
㮴	0			
㮵	0			
㮶	0			
㮷	0			
㮸	0			
㮹	0			
㮺	0			
㮻	0			
㮼	0			
㮽	0			
㮾	0			
㮿	0			
㯀	0			
㯁	0			
㯂	0			
㯃	0			
㯄	0			
㯅	0			
㯆	0			
㯇	0			
㯈	0			
㯉	0			
㯊	0			
㯋	0			
㯌	0			
㯍	0			
㯎	0			
㯏	0			
㯐	0			
㯑	0			
㯒	0			
㯓	0			
㯔	0			
㯕	0			
㯖	0			
㯗	0			
㯘	0			
㯙	0			
㯚	0			
㯛	0			
㯜	0			
㯝	0			
㯞	0			
㯟	0			
㯠	0			
㯡	0			
㯢	0			
㯣	0			
㯤	0			
㯥	0			
㯦	0			
㯧	0			
㯨	0			
㯩	0			
㯪	0			
㯫	0			
㯬	0			
㯭	0			
㯮	0			
㯯	0			
㯰	0			
㯱	0			
㯲	0			
㯳	0			
㯴	0			
㯵	0			
㯶	0			
㯷	0			
㯸	0			
㯹	0			
㯺	0			
㯻	0			
㯼	0			
㯽	0			
㯾	0			
㯿	0			
㰀	0			
㰁	0			
㰂	0			
㰃	0			
㰄	0			
㰅	0			
㰆	0			
㰇	0			
㰈	0			
㰉	0			
㰊	0			
㰋	0			
㰌	0			
㰍	0			
㰎	0			
㰏	0			
㰐	0			
㰑	0			
㰒	0			
㰓	0			
㰔	0			
㰕	0			
㰖	0			
㰗	0			
㰘	0			
㰙	0			
㰚	0			
㰛	0			
㰜	0			
㰝	0			
㰞	0			
㰟	0			
㰠	0			
㰡	0			
㰢	0			
㰣	0			
㰤	0			
㰥	0			
㰦	0			
㰧	0			
㰨	0			
㰩	0			
㰪	0			
㰫	0			
㰬	0			
㰭	0			
㰮	0			
㰯	0			
㰰	0			
㰱	0			
㰲	0			
㰳	0			
㰴	0			
㰵	0			
㰶	0			
㰷	0			
㰸	0			
㰹	0			
㰺	0			
㰻	0			
㰼	0			
㰽	0			
㰾	0			
㰿	0			
㱀	0			
㱁	0			
㱂	0			
㱃	0			
㱄	0			
㱅	0			
㱆	0			
㱇	0			
㱈	0			
㱉	0			
㱊	0			
㱋	0			
㱌	0			
㱍	0			
㱎	0			
㱏	0			
㱐	0			
㱑	0			
㱒	0			
㱓	0			
㱔	0			
㱕	0			
㱖	0			
㱗	0			
㱘	0			
㱙	0			
㱚	0			
㱛	0			
㱜	0			
㱝	0			
㱞	0			
㱟	0			
㱠	0			
㱡	0			
㱢	0			
㱣	0			
㱤	0			
㱥	0			
㱦	0			
㱧	0			
㱨	0			
㱩	0			
㱪	0			
㱫	0			
㱬	0			
㱭	0			
㱮	0			
㱯	0			
㱰	0			
㱱	0			
㱲	0			
㱳	0			
㱴	0			
㱵	0			
㱶	0			
㱷	0			
㱸	0			
㱹	0			
㱺	0			
㱻	0			
㱼	0			
㱽	0			
㱾	0			
㱿	0			
㲀	0			
㲁	0			
㲂	0			
㲃	0			
㲄	0			
㲅	0			
㲆	0			
㲇	0			
㲈	0			
㲉	0			
㲊	0			
㲋	0			
㲌	0			
㲍	0			
㲎	0			
㲏	0			
㲐	0			
㲑	0			
㲒	0			
㲓	0			
㲔	0			
㲕	0			
㲖	0			
㲗	0			
㲘	0			
㲙	0			
㲚	0			
㲛	0			
㲜	0			
㲝	0			
㲞	0			
㲟	0			
㲠	0			
㲡	0			
㲢	0			
㲣	0			
㲤	0			
㲥	0			
㲦	0			
㲧	0			
㲨	0			
㲩	0			
㲪	0			
㲫	0			
㲬	0			
㲭	0			
㲮	0			
㲯	0			
㲰	0			
㲱	0			
㲲	0			
㲳	0			
㲴	0			
㲵	0			
㲶	0			
㲷	0			
㲸	0			
㲹	0			
㲺	0			
㲻	0			
㲼	0			
㲽	0			
㲾	0			
㲿	0			
㳀	0			
㳁	0			
㳂	0			
㳃	0			
㳄	0			
㳅	0			
㳆	0			
㳇	0			
㳈	0			
㳉	0			
㳊	0			
㳋	0			
㳌	0			
㳍	0			
㳎	0			
㳏	0			
㳐	0			
㳑	0			
㳒	0			
㳓	0			
㳔	0			
㳕	0			
㳖	0			
㳗	0			
㳘	0			
㳙	0			
㳚	0			
㳛	0			
㳜	0			
㳝	0			
㳞	0			
㳟	0			
㳠	0			
㳡	0			
㳢	0			
㳣	0			
㳤	0			
㳥	0			
㳦	0			
㳧	0			
㳨	0			
㳩	0			
㳪	0			
㳫	0			
㳬	0			
㳭	0			
㳮	0			
㳯	0			
㳰	0			
㳱	0			
㳲	0			
㳳	0			
㳴	0			
㳵	0			
㳶	0			
㳷	0			
㳸	0			
㳹	0			
㳺	0			
㳻	0			
㳼	0			
㳽	0			
㳾	0			
㳿	0			
㴀	0			
㴁	0			
㴂	0			
㴃	0			
㴄	0			
㴅	0			
㴆	0			
㴇	0			
㴈	0			
㴉	0			
㴊	0			
㴋	0			
㴌	0			
㴍	0			
㴎	0			
㴏	0			
㴐	0			
㴑	0			
㴒	0			
㴓	0			
㴔	0			
㴕	0			
㴖	0			
㴗	0			
㴘	0			
㴙	0			
㴚	0			
㴛	0			
㴜	0			
㴝	0			
㴞	0			
㴟	0			
㴠	0			
㴡	0			
㴢	0			
㴣	0			
㴤	0			
㴥	0			
㴦	0			
㴧	0			
㴨	0			
㴩	0			
㴪	0			
㴫	0			
㴬	0			
㴭	0			
㴮	0			
㴯	0			
㴰	0			
㴱	0			
㴲	0			
㴳	0			
㴴	0			
㴵	0			
㴶	0			
㴷	0			
㴸	0			
㴹	0			
㴺	0			
㴻	0			
㴼	0			
㴽	0			
㴾	0			
㴿	0			
㵀	0			
㵁	0			
㵂	0			
㵃	0			
㵄	0			
㵅	0			
㵆	0			
㵇	0			
㵈	0			
㵉	0			
㵊	0			
㵋	0			
㵌	0			
㵍	0			
㵎	0			
㵏	0			
㵐	0			
㵑	0			
㵒	0			
㵓	0			
㵔	0			
㵕	0			
㵖	0			
㵗	0			
㵘	0			
㵙	0			
㵚	0			
㵛	0			
㵜	0			
㵝	0			
㵞	0			
㵟	0			
㵠	0			
㵡	0			
㵢	0			
㵣	0			
㵤	0			
㵥	0			
㵦	0			
㵧	0			
㵨	0			
㵩	0			
㵪	0			
㵫	0			
㵬	0			
㵭	0			
㵮	0			
㵯	0			
㵰	0			
㵱	0			
㵲	0			
㵳	0			
㵴	0			
㵵	0			
㵶	0			
㵷	0			
㵸	0			
㵹	0			
㵺	0			
㵻	0			
㵼	0			
㵽	0			
㵾	0			
㵿	0			
㶀	0			
㶁	0			
㶂	0			
㶃	0			
㶄	0			
㶅	0			
㶆	0			
㶇	0			
㶈	0			
㶉	0			
㶊	0			
㶋	0			
㶌	0			
㶍	0			
㶎	0			
㶏	0			
㶐	0			
㶑	0			
㶒	0			
㶓	0			
㶔	0			
㶕	0			
㶖	0			
㶗	0			
㶘	0			
㶙	0			
㶚	0			
㶛	0			
㶜	0			
㶝	0			
㶞	0			
㶟	0			
㶠	0			
㶡	0			
㶢	0			
㶣	0			
㶤	0			
㶥	0			
㶦	0			
㶧	0			
㶨	0			
㶩	0			
㶪	0			
㶫	0			
㶬	0			
㶭	0			
㶮	0			
㶯	0			
㶰	0			
㶱	0			
㶲	0			
㶳	0			
㶴	0			
㶵	0			
㶶	0			
㶷	0			
㶸	0			
㶹	0			
㶺	0			
㶻	0			
㶼	0			
㶽	0			
㶾	0			
㶿	0			
㷀	0			
㷁	0			
㷂	0			
㷃	0			
㷄	0			
㷅	0			
㷆	0			
㷇	0			
㷈	0			
㷉	0			
㷊	0			
㷋	0			
㷌	0			
㷍	0			
㷎	0			
㷏	0			
㷐	0			
㷑	0			
㷒	0			
㷓	0			
㷔	0			
㷕	0			
㷖	0			
㷗	0			
㷘	0			
㷙	0			
㷚	0			
㷛	0			
㷜	0			
㷝	0			
㷞	0			
㷟	0			
㷠	0			
㷡	0			
㷢	0			
㷣	0			
㷤	0			
㷥	0			
㷦	0			
㷧	0			
㷨	0			
㷩	0			
㷪	0			
㷫	0			
㷬	0			
㷭	0			
㷮	0			
㷯	0			
㷰	0			
㷱	0			
㷲	0			
㷳	0			
㷴	0			
㷵	0			
㷶	0			
㷷	0			
㷸	0			
㷹	0			
㷺	0			
㷻	0			
㷼	0			
㷽	0			
㷾	0			
㷿	0			
㸀	0			
㸁	0			
㸂	0			
㸃	0			
㸄	0			
㸅	0			
㸆	0			
㸇	0			
㸈	0			
㸉	0			
㸊	0			
㸋	0			
㸌	0			
㸍	0			
㸎	0			
㸏	0			
㸐	0			
㸑	0			
㸒	0			
㸓	0			
㸔	0			
㸕	0			
㸖	0			
㸗	0			
㸘	0			
㸙	0			
㸚	0			
㸛	0			
㸜	0			
㸝	0			
㸞	0			
㸟	0			
㸠	0			
㸡	0			
㸢	0			
㸣	0			
㸤	0			
㸥	0			
㸦	0			
㸧	0			
㸨	0			
㸩	0			
㸪	0			
㸫	0			
㸬	0			
㸭	0			
㸮	0			
㸯	0			
㸰	0			
㸱	0			
㸲	0			
㸳	0			
㸴	0			
㸵	0			
㸶	0			
㸷	0			
㸸	0			
㸹	0			
㸺	0			
㸻	0			
㸼	0			
㸽	0			
㸾	0			
㸿	0			
㹀	0			
㹁	0			
㹂	0			
㹃	0			
㹄	0			
㹅	0			
㹆	0			
㹇	0			
㹈	0			
㹉	0			
㹊	0			
㹋	0			
㹌	0			
㹍	0			
㹎	0			
㹏	0			
㹐	0			
㹑	0			
㹒	0			
㹓	0			
㹔	0			
㹕	0			
㹖	0			
㹗	0			
㹘	0			
㹙	0			
㹚	0			
㹛	0			
㹜	0			
㹝	0			
㹞	0			
㹟	0			
㹠	0			
㹡	0			
㹢	0			
㹣	0			
㹤	0			
㹥	0			
㹦	0			
㹧	0			
㹨	0			
㹩	0			
㹪	0			
㹫	0			
㹬	0			
㹭	0			
㹮	0			
㹯	0			
㹰	0			
㹱	0			
㹲	0			
㹳	0			
㹴	0			
㹵	0			
㹶	0			
㹷	0			
㹸	0			
㹹	0			
㹺	0			
㹻	0			
㹼	0			
㹽	0			
㹾	0			
㹿	0			
㺀	0			
㺁	0			
㺂	0			
㺃	0			
㺄	0			
㺅	0			
㺆	0			
㺇	0			
㺈	0			
㺉	0			
㺊	0			
㺋	0			
㺌	0			
㺍	0			
㺎	0			
㺏	0			
㺐	0			
㺑	0			
㺒	0			
㺓	0			
㺔	0			
㺕	0			
㺖	0			
㺗	0			
㺘	0			
㺙	0			
㺚	0			
㺛	0			
㺜	0			
㺝	0			
㺞	0			
㺟	0			
㺠	0			
㺡	0			
㺢	0			
㺣	0			
㺤	0			
㺥	0			
㺦	0			
㺧	0			
㺨	0			
㺩	0			
㺪	0			
㺫	0			
㺬	0			
㺭	0			
㺮	0			
㺯	0			
㺰	0			
㺱	0			
㺲	0			
㺳	0			
㺴	0			
㺵	0			
㺶	0			
㺷	0			
㺸	0			
㺹	0			
㺺	0			
㺻	0			
㺼	0			
㺽	0			
㺾	0			
㺿	0			
㻀	0			
㻁	0			
㻂	0			
㻃	0			
㻄	0			
㻅	0			
㻆	0			
㻇	0			
㻈	0			
㻉	0			
㻊	0			
㻋	0			
㻌	0			
㻍	0			
㻎	0			
㻏	0			
㻐	0			
㻑	0			
㻒	0			
㻓	0			
㻔	0			
㻕	0			
㻖	0			
㻗	0			
㻘	0			
㻙	0			
㻚	0			
㻛	0			
㻜	0			
㻝	0			
㻞	0			
㻟	0			
㻠	0			
㻡	0			
㻢	0			
㻣	0			
㻤	0			
㻥	0			
㻦	0			
㻧	0			
㻨	0			
㻩	0			
㻪	0			
㻫	0			
㻬	0			
㻭	0			
㻮	0			
㻯	0			
㻰	0			
㻱	0			
㻲	0			
㻳	0			
㻴	0			
㻵	0			
㻶	0			
㻷	0			
㻸	0			
㻹	0			
㻺	0			
㻻	0			
㻼	0			
㻽	0			
㻾	0			
㻿	0			
㼀	0			
㼁	0			
㼂	0			
㼃	0			
㼄	0			
㼅	0			
㼆	0			
㼇	0			
㼈	0			
㼉	0			
㼊	0			
㼋	0			
㼌	0			
㼍	0			
㼎	0			
㼏	0			
㼐	0			
㼑	0			
㼒	0			
㼓	0			
㼔	0			
㼕	0			
㼖	0			
㼗	0			
㼘	0			
㼙	0			
㼚	0			
㼛	0			
㼜	0			
㼝	0			
㼞	0			
㼟	0			
㼠	0			
㼡	0			
㼢	0			
㼣	0			
㼤	0			
㼥	0			
㼦	0			
㼧	0			
㼨	0			
㼩	0			
㼪	0			
㼫	0			
㼬	0			
㼭	0			
㼮	0			
㼯	0			
㼰	0			
㼱	0			
㼲	0			
㼳	0			
㼴	0			
㼵	0			
㼶	0			
㼷	0			
㼸	0			
㼹	0			
㼺	0			
㼻	0			
㼼	0			
㼽	0			
㼾	0			
㼿	0			
㽀	0			
㽁	0			
㽂	0			
㽃	0			
㽄	0			
㽅	0			
㽆	0			
㽇	0			
㽈	0			
㽉	0			
㽊	0			
㽋	0			
㽌	0			
㽍	0			
㽎	0			
㽏	0			
㽐	0			
㽑	0			
㽒	0			
㽓	0			
㽔	0			
㽕	0			
㽖	0			
㽗	0			
㽘	0			
㽙	0			
㽚	0			
㽛	0			
㽜	0			
㽝	0			
㽞	0			
㽟	0			
㽠	0			
㽡	0			
㽢	0			
㽣	0			
㽤	0			
㽥	0			
㽦	0			
㽧	0			
㽨	0			
㽩	0			
㽪	0			
㽫	0			
㽬	0			
㽭	0			
㽮	0			
㽯	0			
㽰	0			
㽱	0			
㽲	0			
㽳	0			
㽴	0			
㽵	0			
㽶	0			
㽷	0			
㽸	0			
㽹	0			
㽺	0			
㽻	0			
㽼	0			
㽽	0			
㽾	0			
㽿	0			
㾀	0			
㾁	0			
㾂	0			
㾃	0			
㾄	0			
㾅	0			
㾆	0			
㾇	0			
㾈	0			
㾉	0			
㾊	0			
㾋	0			
㾌	0			
㾍	0			
㾎	0			
㾏	0			
㾐	0			
㾑	0			
㾒	0			
㾓	0			
㾔	0			
㾕	0			
㾖	0			
㾗	0			
㾘	0			
㾙	0			
㾚	0			
㾛	0			
㾜	0			
㾝	0			
㾞	0			
㾟	0			
㾠	0			
㾡	0			
㾢	0			
㾣	0			
㾤	0			
㾥	0			
㾦	0			
㾧	0			
㾨	0			
㾩	0			
㾪	0			
㾫	0			
㾬	0			
㾭	0			
㾮	0			
㾯	0			
㾰	0			
㾱	0			
㾲	0			
㾳	0			
㾴	0			
㾵	0			
㾶	0			
㾷	0			
㾸	0			
㾹	0			
㾺	0			
㾻	0			
㾼	0			
㾽	0			
㾾	0			
㾿	0			
㿀	0			
㿁	0			
㿂	0			
㿃	0			
㿄	0			
㿅	0			
㿆	0			
㿇	0			
㿈	0			
㿉	0			
㿊	0			
㿋	0			
㿌	0			
㿍	0			
㿎	0			
㿏	0			
㿐	0			
㿑	0			
㿒	0			
㿓	0			
㿔	0			
㿕	0			
㿖	0			
㿗	0			
㿘	0			
㿙	0			
㿚	0			
㿛	0			
㿜	0			
㿝	0			
㿞	0			
㿟	0			
㿠	0			
㿡	0			
㿢	0			
㿣	0			
㿤	0			
㿥	0			
㿦	0			
㿧	0			
㿨	0			
㿩	0			
㿪	0			
㿫	0			
㿬	0			
㿭	0			
㿮	0			
㿯	0			
㿰	0			
㿱	0			
㿲	0			
㿳	0			
㿴	0			
㿵	0			
㿶	0			
㿷	0			
㿸	0			
㿹	0			
㿺	0			
㿻	0			
㿼	0			
㿽	0			
㿾	0			
㿿	0			
䀀	0			
䀁	0			
䀂	0			
䀃	0			
䀄	0			
䀅	0			
䀆	0			
䀇	0			
䀈	0			
䀉	0			
䀊	0			
䀋	0			
䀌	0			
䀍	0			
䀎	0			
䀏	0			
䀐	0			
䀑	0			
䀒	0			
䀓	0			
䀔	0			
䀕	0			
䀖	0			
䀗	0			
䀘	0			
䀙	0			
䀚	0			
䀛	0			
䀜	0			
䀝	0			
䀞	0			
䀟	0			
䀠	0			
䀡	0			
䀢	0			
䀣	0			
䀤	0			
䀥	0			
䀦	0			
䀧	0			
䀨	0			
䀩	0			
䀪	0			
䀫	0			
䀬	0			
䀭	0			
䀮	0			
䀯	0			
䀰	0			
䀱	0			
䀲	0			
䀳	0			
䀴	0			
䀵	0			
䀶	0			
䀷	0			
䀸	0			
䀹	0			
䀺	0			
䀻	0			
䀼	0			
䀽	0			
䀾	0			
䀿	0			
䁀	0			
䁁	0			
䁂	0			
䁃	0			
䁄	0			
䁅	0			
䁆	0			
䁇	0			
䁈	0			
䁉	0			
䁊	0			
䁋	0			
䁌	0			
䁍	0			
䁎	0			
䁏	0			
䁐	0			
䁑	0			
䁒	0			
䁓	0			
䁔	0			
䁕	0			
䁖	0			
䁗	0			
䁘	0			
䁙	0			
䁚	0			
䁛	0			
䁜	0			
䁝	0			
䁞	0			
䁟	0			
䁠	0			
䁡	0			
䁢	0			
䁣	0			
䁤	0			
䁥	0			
䁦	0			
䁧	0			
䁨	0			
䁩	0			
䁪	0			
䁫	0			
䁬	0			
䁭	0			
䁮	0			
䁯	0			
䁰	0			
䁱	0			
䁲	0			
䁳	0			
䁴	0			
䁵	0			
䁶	0			
䁷	0			
䁸	0			
䁹	0			
䁺	0			
䁻	0			
䁼	0			
䁽	0			
䁾	0			
䁿	0			
䂀	0			
䂁	0			
䂂	0			
䂃	0			
䂄	0			
䂅	0			
䂆	0			
䂇	0			
䂈	0			
䂉	0			
䂊	0			
䂋	0			
䂌	0			
䂍	0			
䂎	0			
䂏	0			
䂐	0			
䂑	0			
䂒	0			
䂓	0			
䂔	0			
䂕	0			
䂖	0			
䂗	0			
䂘	0			
䂙	0			
䂚	0			
䂛	0			
䂜	0			
䂝	0			
䂞	0			
䂟	0			
䂠	0			
䂡	0			
䂢	0			
䂣	0			
䂤	0			
䂥	0			
䂦	0			
䂧	0			
䂨	0			
䂩	0			
䂪	0			
䂫	0			
䂬	0			
䂭	0			
䂮	0			
䂯	0			
䂰	0			
䂱	0			
䂲	0			
䂳	0			
䂴	0			
䂵	0			
䂶	0			
䂷	0			
䂸	0			
䂹	0			
䂺	0			
䂻	0			
䂼	0			
䂽	0			
䂾	0			
䂿	0			
䃀	0			
䃁	0			
䃂	0			
䃃	0			
䃄	0			
䃅	0			
䃆	0			
䃇	0			
䃈	0			
䃉	0			
䃊	0			
䃋	0			
䃌	0			
䃍	0			
䃎	0			
䃏	0			
䃐	0			
䃑	0			
䃒	0			
䃓	0			
䃔	0			
䃕	0			
䃖	0			
䃗	0			
䃘	0			
䃙	0			
䃚	0			
䃛	0			
䃜	0			
䃝	0			
䃞	0			
䃟	0			
䃠	0			
䃡	0			
䃢	0			
䃣	0			
䃤	0			
䃥	0			
䃦	0			
䃧	0			
䃨	0			
䃩	0			
䃪	0			
䃫	0			
䃬	0			
䃭	0			
䃮	0			
䃯	0			
䃰	0			
䃱	0			
䃲	0			
䃳	0			
䃴	0			
䃵	0			
䃶	0			
䃷	0			
䃸	0			
䃹	0			
䃺	0			
䃻	0			
䃼	0			
䃽	0			
䃾	0			
䃿	0			
䄀	0			
䄁	0			
䄂	0			
䄃	0			
䄄	0			
䄅	0			
䄆	0			
䄇	0			
䄈	0			
䄉	0			
䄊	0			
䄋	0			
䄌	0			
䄍	0			
䄎	0			
䄏	0			
䄐	0			
䄑	0			
䄒	0			
䄓	0			
䄔	0			
䄕	0			
䄖	0			
䄗	0			
䄘	0			
䄙	0			
䄚	0			
䄛	0			
䄜	0			
䄝	0			
䄞	0			
䄟	0			
䄠	0			
䄡	0			
䄢	0			
䄣	0			
䄤	0			
䄥	0			
䄦	0			
䄧	0			
䄨	0			
䄩	0			
䄪	0			
䄫	0			
䄬	0			
䄭	0			
䄮	0			
䄯	0			
䄰	0			
䄱	0			
䄲	0			
䄳	0			
䄴	0			
䄵	0			
䄶	0			
䄷	0			
䄸	0			
䄹	0			
䄺	0			
䄻	0			
䄼	0			
䄽	0			
䄾	0			
䄿	0			
䅀	0			
䅁	0			
䅂	0			
䅃	0			
䅄	0			
䅅	0			
䅆	0			
䅇	0			
䅈	0			
䅉	0			
䅊	0			
䅋	0			
䅌	0			
䅍	0			
䅎	0			
䅏	0			
䅐	0			
䅑	0			
䅒	0			
䅓	0			
䅔	0			
䅕	0			
䅖	0			
䅗	0			
䅘	0			
䅙	0			
䅚	0			
䅛	0			
䅜	0			
䅝	0			
䅞	0			
䅟	0			
䅠	0			
䅡	0			
䅢	0			
䅣	0			
䅤	0			
䅥	0			
䅦	0			
䅧	0			
䅨	0			
䅩	0			
䅪	0			
䅫	0			
䅬	0			
䅭	0			
䅮	0			
䅯	0			
䅰	0			
䅱	0			
䅲	0			
䅳	0			
䅴	0			
䅵	0			
䅶	0			
䅷	0			
䅸	0			
䅹	0			
䅺	0			
䅻	0			
䅼	0			
䅽	0			
䅾	0			
䅿	0			
䆀	0			
䆁	0			
䆂	0			
䆃	0			
䆄	0			
䆅	0			
䆆	0			
䆇	0			
䆈	0			
䆉	0			
䆊	0			
䆋	0			
䆌	0			
䆍	0			
䆎	0			
䆏	0			
䆐	0			
䆑	0			
䆒	0			
䆓	0			
䆔	0			
䆕	0			
䆖	0			
䆗	0			
䆘	0			
䆙	0			
䆚	0			
䆛	0			
䆜	0			
䆝	0			
䆞	0			
䆟	0			
䆠	0			
䆡	0			
䆢	0			
䆣	0			
䆤	0			
䆥	0			
䆦	0			
䆧	0			
䆨	0			
䆩	0			
䆪	0			
䆫	0			
䆬	0			
䆭	0			
䆮	0			
䆯	0			
䆰	0			
䆱	0			
䆲	0			
䆳	0			
䆴	0			
䆵	0			
䆶	0			
䆷	0			
䆸	0			
䆹	0			
䆺	0			
䆻	0			
䆼	0			
䆽	0			
䆾	0			
䆿	0			
䇀	0			
䇁	0			
䇂	0			
䇃	0			
䇄	0			
䇅	0			
䇆	0			
䇇	0			
䇈	0			
䇉	0			
䇊	0			
䇋	0			
䇌	0			
䇍	0			
䇎	0			
䇏	0			
䇐	0			
䇑	0			
䇒	0			
䇓	0			
䇔	0			
䇕	0			
䇖	0			
䇗	0			
䇘	0			
䇙	0			
䇚	0			
䇛	0			
䇜	0			
䇝	0			
䇞	0			
䇟	0			
䇠	0			
䇡	0			
䇢	0			
䇣	0			
䇤	0			
䇥	0			
䇦	0			
䇧	0			
䇨	0			
䇩	0			
䇪	0			
䇫	0			
䇬	0			
䇭	0			
䇮	0			
䇯	0			
䇰	0			
䇱	0			
䇲	0			
䇳	0			
䇴	0			
䇵	0			
䇶	0			
䇷	0			
䇸	0			
䇹	0			
䇺	0			
䇻	0			
䇼	0			
䇽	0			
䇾	0			
䇿	0			
䈀	0			
䈁	0			
䈂	0			
䈃	0			
䈄	0			
䈅	0			
䈆	0			
䈇	0			
䈈	0			
䈉	0			
䈊	0			
䈋	0			
䈌	0			
䈍	0			
䈎	0			
䈏	0			
䈐	0			
䈑	0			
䈒	0			
䈓	0			
䈔	0			
䈕	0			
䈖	0			
䈗	0			
䈘	0			
䈙	0			
䈚	0			
䈛	0			
䈜	0			
䈝	0			
䈞	0			
䈟	0			
䈠	0			
䈡	0			
䈢	0			
䈣	0			
䈤	0			
䈥	0			
䈦	0			
䈧	0			
䈨	0			
䈩	0			
䈪	0			
䈫	0			
䈬	0			
䈭	0			
䈮	0			
䈯	0			
䈰	0			
䈱	0			
䈲	0			
䈳	0			
䈴	0			
䈵	0			
䈶	0			
䈷	0			
䈸	0			
䈹	0			
䈺	0			
䈻	0			
䈼	0			
䈽	0			
䈾	0			
䈿	0			
䉀	0			
䉁	0			
䉂	0			
䉃	0			
䉄	0			
䉅	0			
䉆	0			
䉇	0			
䉈	0			
䉉	0			
䉊	0			
䉋	0			
䉌	0			
䉍	0			
䉎	0			
䉏	0			
䉐	0			
䉑	0			
䉒	0			
䉓	0			
䉔	0			
䉕	0			
䉖	0			
䉗	0			
䉘	0			
䉙	0			
䉚	0			
䉛	0			
䉜	0			
䉝	0			
䉞	0			
䉟	0			
䉠	0			
䉡	0			
䉢	0			
䉣	0			
䉤	0			
䉥	0			
䉦	0			
䉧	0			
䉨	0			
䉩	0			
䉪	0			
䉫	0			
䉬	0			
䉭	0			
䉮	0			
䉯	0			
䉰	0			
䉱	0			
䉲	0			
䉳	0			
䉴	0			
䉵	0			
䉶	0			
䉷	0			
䉸	0			
䉹	0			
䉺	0			
䉻	0			
䉼	0			
䉽	0			
䉾	0			
䉿	0			
䊀	0			
䊁	0			
䊂	0			
䊃	0			
䊄	0			
䊅	0			
䊆	0			
䊇	0			
䊈	0			
䊉	0			
䊊	0			
䊋	0			
䊌	0			
䊍	0			
䊎	0			
䊏	0			
䊐	0			
䊑	0			
䊒	0			
䊓	0			
䊔	0			
䊕	0			
䊖	0			
䊗	0			
䊘	0			
䊙	0			
䊚	0			
䊛	0			
䊜	0			
䊝	0			
䊞	0			
䊟	0			
䊠	0			
䊡	0			
䊢	0			
䊣	0			
䊤	0			
䊥	0			
䊦	0			
䊧	0			
䊨	0			
䊩	0			
䊪	0			
䊫	0			
䊬	0			
䊭	0			
䊮	0			
䊯	0			
䊰	0			
䊱	0			
䊲	0			
䊳	0			
䊴	0			
䊵	0			
䊶	0			
䊷	0			
䊸	0			
䊹	0			
䊺	0			
䊻	0			
䊼	0			
䊽	0			
䊾	0			
䊿	0			
䋀	0			
䋁	0			
䋂	0			
䋃	0			
䋄	0			
䋅	0			
䋆	0			
䋇	0			
䋈	0			
䋉	0			
䋊	0			
䋋	0			
䋌	0			
䋍	0			
䋎	0			
䋏	0			
䋐	0			
䋑	0			
䋒	0			
䋓	0			
䋔	0			
䋕	0			
䋖	0			
䋗	0			
䋘	0			
䋙	0			
䋚	0			
䋛	0			
䋜	0			
䋝	0			
䋞	0			
䋟	0			
䋠	0			
䋡	0			
䋢	0			
䋣	0			
䋤	0			
䋥	0			
䋦	0			
䋧	0			
䋨	0			
䋩	0			
䋪	0			
䋫	0			
䋬	0			
䋭	0			
䋮	0			
䋯	0			
䋰	0			
䋱	0			
䋲	0			
䋳	0			
䋴	0			
䋵	0			
䋶	0			
䋷	0			
䋸	0			
䋹	0			
䋺	0			
䋻	0			
䋼	0			
䋽	0			
䋾	0			
䋿	0			
䌀	0			
䌁	0			
䌂	0			
䌃	0			
䌄	0			
䌅	0			
䌆	0			
䌇	0			
䌈	0			
䌉	0			
䌊	0			
䌋	0			
䌌	0			
䌍	0			
䌎	0			
䌏	0			
䌐	0			
䌑	0			
䌒	0			
䌓	0			
䌔	0			
䌕	0			
䌖	0			
䌗	0			
䌘	0			
䌙	0			
䌚	0			
䌛	0			
䌜	0			
䌝	0			
䌞	0			
䌟	0			
䌠	0			
䌡	0			
䌢	0			
䌣	0			
䌤	0			
䌥	0			
䌦	0			
䌧	0			
䌨	0			
䌩	0			
䌪	0			
䌫	0			
䌬	0			
䌭	0			
䌮	0			
䌯	0			
䌰	0			
䌱	0			
䌲	0			
䌳	0			
䌴	0			
䌵	0			
䌶	0			
䌷	0			
䌸	0			
䌹	0			
䌺	0			
䌻	0			
䌼	0			
䌽	0			
䌾	0			
䌿	0			
䍀	0			
䍁	0			
䍂	0			
䍃	0			
䍄	0			
䍅	0			
䍆	0			
䍇	0			
䍈	0			
䍉	0			
䍊	0			
䍋	0			
䍌	0			
䍍	0			
䍎	0			
䍏	0			
䍐	0			
䍑	0			
䍒	0			
䍓	0			
䍔	0			
䍕	0			
䍖	0			
䍗	0			
䍘	0			
䍙	0			
䍚	0			
䍛	0			
䍜	0			
䍝	0			
䍞	0			
䍟	0			
䍠	0			
䍡	0			
䍢	0			
䍣	0			
䍤	0			
䍥	0			
䍦	0			
䍧	0			
䍨	0			
䍩	0			
䍪	0			
䍫	0			
䍬	0			
䍭	0			
䍮	0			
䍯	0			
䍰	0			
䍱	0			
䍲	0			
䍳	0			
䍴	0			
䍵	0			
䍶	0			
䍷	0			
䍸	0			
䍹	0			
䍺	0			
䍻	0			
䍼	0			
䍽	0			
䍾	0			
䍿	0			
䎀	0			
䎁	0			
䎂	0			
䎃	0			
䎄	0			
䎅	0			
䎆	0			
䎇	0			
䎈	0			
䎉	0			
䎊	0			
䎋	0			
䎌	0			
䎍	0			
䎎	0			
䎏	0			
䎐	0			
䎑	0			
䎒	0			
䎓	0			
䎔	0			
䎕	0			
䎖	0			
䎗	0			
䎘	0			
䎙	0			
䎚	0			
䎛	0			
䎜	0			
䎝	0			
䎞	0			
䎟	0			
䎠	0			
䎡	0			
䎢	0			
䎣	0			
䎤	0			
䎥	0			
䎦	0			
䎧	0			
䎨	0			
䎩	0			
䎪	0			
䎫	0			
䎬	0			
䎭	0			
䎮	0			
䎯	0			
䎰	0			
䎱	0			
䎲	0			
䎳	0			
䎴	0			
䎵	0			
䎶	0			
䎷	0			
䎸	0			
䎹	0			
䎺	0			
䎻	0			
䎼	0			
䎽	0			
䎾	0			
䎿	0			
䏀	0			
䏁	0			
䏂	0			
䏃	0			
䏄	0			
䏅	0			
䏆	0			
䏇	0			
䏈	0			
䏉	0			
䏊	0			
䏋	0			
䏌	0			
䏍	0			
䏎	0			
䏏	0			
䏐	0			
䏑	0			
䏒	0			
䏓	0			
䏔	0			
䏕	0			
䏖	0			
䏗	0			
䏘	0			
䏙	0			
䏚	0			
䏛	0			
䏜	0			
䏝	0			
䏞	0			
䏟	0			
䏠	0			
䏡	0			
䏢	0			
䏣	0			
䏤	0			
䏥	0			
䏦	0			
䏧	0			
䏨	0			
䏩	0			
䏪	0			
䏫	0			
䏬	0			
䏭	0			
䏮	0			
䏯	0			
䏰	0			
䏱	0			
䏲	0			
䏳	0			
䏴	0			
䏵	0			
䏶	0			
䏷	0			
䏸	0			
䏹	0			
䏺	0			
䏻	0			
䏼	0			
䏽	0			
䏾	0			
䏿	0			
䐀	0			
䐁	0			
䐂	0			
䐃	0			
䐄	0			
䐅	0			
䐆	0			
䐇	0			
䐈	0			
䐉	0			
䐊	0			
䐋	0			
䐌	0			
䐍	0			
䐎	0			
䐏	0			
䐐	0			
䐑	0			
䐒	0			
䐓	0			
䐔	0			
䐕	0			
䐖	0			
䐗	0			
䐘	0			
䐙	0			
䐚	0			
䐛	0			
䐜	0			
䐝	0			
䐞	0			
䐟	0			
䐠	0			
䐡	0			
䐢	0			
䐣	0			
䐤	0			
䐥	0			
䐦	0			
䐧	0			
䐨	0			
䐩	0			
䐪	0			
䐫	0			
䐬	0			
䐭	0			
䐮	0			
䐯	0			
䐰	0			
䐱	0			
䐲	0			
䐳	0			
䐴	0			
䐵	0			
䐶	0			
䐷	0			
䐸	0			
䐹	0			
䐺	0			
䐻	0			
䐼	0			
䐽	0			
䐾	0			
䐿	0			
䑀	0			
䑁	0			
䑂	0			
䑃	0			
䑄	0			
䑅	0			
䑆	0			
䑇	0			
䑈	0			
䑉	0			
䑊	0			
䑋	0			
䑌	0			
䑍	0			
䑎	0			
䑏	0			
䑐	0			
䑑	0			
䑒	0			
䑓	0			
䑔	0			
䑕	0			
䑖	0			
䑗	0			
䑘	0			
䑙	0			
䑚	0			
䑛	0			
䑜	0			
䑝	0			
䑞	0			
䑟	0			
䑠	0			
䑡	0			
䑢	0			
䑣	0			
䑤	0			
䑥	0			
䑦	0			
䑧	0			
䑨	0			
䑩	0			
䑪	0			
䑫	0			
䑬	0			
䑭	0			
䑮	0			
䑯	0			
䑰	0			
䑱	0			
䑲	0			
䑳	0			
䑴	0			
䑵	0			
䑶	0			
䑷	0			
䑸	0			
䑹	0			
䑺	0			
䑻	0			
䑼	0			
䑽	0			
䑾	0			
䑿	0			
䒀	0			
䒁	0			
䒂	0			
䒃	0			
䒄	0			
䒅	0			
䒆	0			
䒇	0			
䒈	0			
䒉	0			
䒊	0			
䒋	0			
䒌	0			
䒍	0			
䒎	0			
䒏	0			
䒐	0			
䒑	0			
䒒	0			
䒓	0			
䒔	0			
䒕	0			
䒖	0			
䒗	0			
䒘	0			
䒙	0			
䒚	0			
䒛	0			
䒜	0			
䒝	0			
䒞	0			
䒟	0			
䒠	0			
䒡	0			
䒢	0			
䒣	0			
䒤	0			
䒥	0			
䒦	0			
䒧	0			
䒨	0			
䒩	0			
䒪	0			
䒫	0			
䒬	0			
䒭	0			
䒮	0			
䒯	0			
䒰	0			
䒱	0			
䒲	0			
䒳	0			
䒴	0			
䒵	0			
䒶	0			
䒷	0			
䒸	0			
䒹	0			
䒺	0			
䒻	0			
䒼	0			
䒽	0			
䒾	0			
䒿	0			
䓀	0			
䓁	0			
䓂	0			
䓃	0			
䓄	0			
䓅	0			
䓆	0			
䓇	0			
䓈	0			
䓉	0			
䓊	0			
䓋	0			
䓌	0			
䓍	0			
䓎	0			
䓏	0			
䓐	0			
䓑	0			
䓒	0			
䓓	0			
䓔	0			
䓕	0			
䓖	0			
䓗	0			
䓘	0			
䓙	0			
䓚	0			
䓛	0			
䓜	0			
䓝	0			
䓞	0			
䓟	0			
䓠	0			
䓡	0			
䓢	0			
䓣	0			
䓤	0			
䓥	0			
䓦	0			
䓧	0			
䓨	0			
䓩	0			
䓪	0			
䓫	0			
䓬	0			
䓭	0			
䓮	0			
䓯	0			
䓰	0			
䓱	0			
䓲	0			
䓳	0			
䓴	0			
䓵	0			
䓶	0			
䓷	0			
䓸	0			
䓹	0			
䓺	0			
䓻	0			
䓼	0			
䓽	0			
䓾	0			
䓿	0			
䔀	0			
䔁	0			
䔂	0			
䔃	0			
䔄	0			
䔅	0			
䔆	0			
䔇	0			
䔈	0			
䔉	0			
䔊	0			
䔋	0			
䔌	0			
䔍	0			
䔎	0			
䔏	0			
䔐	0			
䔑	0			
䔒	0			
䔓	0			
䔔	0			
䔕	0			
䔖	0			
䔗	0			
䔘	0			
䔙	0			
䔚	0			
䔛	0			
䔜	0			
䔝	0			
䔞	0			
䔟	0			
䔠	0			
䔡	0			
䔢	0			
䔣	0			
䔤	0			
䔥	0			
䔦	0			
䔧	0			
䔨	0			
䔩	0			
䔪	0			
䔫	0			
䔬	0			
䔭	0			
䔮	0			
䔯	0			
䔰	0			
䔱	0			
䔲	0			
䔳	0			
䔴	0			
䔵	0			
䔶	0			
䔷	0			
䔸	0			
䔹	0			
䔺	0			
䔻	0			
䔼	0			
䔽	0			
䔾	0			
䔿	0			
䕀	0			
䕁	0			
䕂	0			
䕃	0			
䕄	0			
䕅	0			
䕆	0			
䕇	0			
䕈	0			
䕉	0			
䕊	0			
䕋	0			
䕌	0			
䕍	0			
䕎	0			
䕏	0			
䕐	0			
䕑	0			
䕒	0			
䕓	0			
䕔	0			
䕕	0			
䕖	0			
䕗	0			
䕘	0			
䕙	0			
䕚	0			
䕛	0			
䕜	0			
䕝	0			
䕞	0			
䕟	0			
䕠	0			
䕡	0			
䕢	0			
䕣	0			
䕤	0			
䕥	0			
䕦	0			
䕧	0			
䕨	0			
䕩	0			
䕪	0			
䕫	0			
䕬	0			
䕭	0			
䕮	0			
䕯	0			
䕰	0			
䕱	0			
䕲	0			
䕳	0			
䕴	0			
䕵	0			
䕶	0			
䕷	0			
䕸	0			
䕹	0			
䕺	0			
䕻	0			
䕼	0			
䕽	0			
䕾	0			
䕿	0			
䖀	0			
䖁	0			
䖂	0			
䖃	0			
䖄	0			
䖅	0			
䖆	0			
䖇	0			
䖈	0			
䖉	0			
䖊	0			
䖋	0			
䖌	0			
䖍	0			
䖎	0			
䖏	0			
䖐	0			
䖑	0			
䖒	0			
䖓	0			
䖔	0			
䖕	0			
䖖	0			
䖗	0			
䖘	0			
䖙	0			
䖚	0			
䖛	0			
䖜	0			
䖝	0			
䖞	0			
䖟	0			
䖠	0			
䖡	0			
䖢	0			
䖣	0			
䖤	0			
䖥	0			
䖦	0			
䖧	0			
䖨	0			
䖩	0			
䖪	0			
䖫	0			
䖬	0			
䖭	0			
䖮	0			
䖯	0			
䖰	0			
䖱	0			
䖲	0			
䖳	0			
䖴	0			
䖵	0			
䖶	0			
䖷	0			
䖸	0			
䖹	0			
䖺	0			
䖻	0			
䖼	0			
䖽	0			
䖾	0			
䖿	0			
䗀	0			
䗁	0			
䗂	0			
䗃	0			
䗄	0			
䗅	0			
䗆	0			
䗇	0			
䗈	0			
䗉	0			
䗊	0			
䗋	0			
䗌	0			
䗍	0			
䗎	0			
䗏	0			
䗐	0			
䗑	0			
䗒	0			
䗓	0			
䗔	0			
䗕	0			
䗖	0			
䗗	0			
䗘	0			
䗙	0			
䗚	0			
䗛	0			
䗜	0			
䗝	0			
䗞	0			
䗟	0			
䗠	0			
䗡	0			
䗢	0			
䗣	0			
䗤	0			
䗥	0			
䗦	0			
䗧	0			
䗨	0			
䗩	0			
䗪	0			
䗫	0			
䗬	0			
䗭	0			
䗮	0			
䗯	0			
䗰	0			
䗱	0			
䗲	0			
䗳	0			
䗴	0			
䗵	0			
䗶	0			
䗷	0			
䗸	0			
䗹	0			
䗺	0			
䗻	0			
䗼	0			
䗽	0			
䗾	0			
䗿	0			
䘀	0			
䘁	0			
䘂	0			
䘃	0			
䘄	0			
䘅	0			
䘆	0			
䘇	0			
䘈	0			
䘉	0			
䘊	0			
䘋	0			
䘌	0			
䘍	0			
䘎	0			
䘏	0			
䘐	0			
䘑	0			
䘒	0			
䘓	0			
䘔	0			
䘕	0			
䘖	0			
䘗	0			
䘘	0			
䘙	0			
䘚	0			
䘛	0			
䘜	0			
䘝	0			
䘞	0			
䘟	0			
䘠	0			
䘡	0			
䘢	0			
䘣	0			
䘤	0			
䘥	0			
䘦	0			
䘧	0			
䘨	0			
䘩	0			
䘪	0			
䘫	0			
䘬	0			
䘭	0			
䘮	0			
䘯	0			
䘰	0			
䘱	0			
䘲	0			
䘳	0			
䘴	0			
䘵	0			
䘶	0			
䘷	0			
䘸	0			
䘹	0			
䘺	0			
䘻	0			
䘼	0			
䘽	0			
䘾	0			
䘿	0			
䙀	0			
䙁	0			
䙂	0			
䙃	0			
䙄	0			
䙅	0			
䙆	0			
䙇	0			
䙈	0			
䙉	0			
䙊	0			
䙋	0			
䙌	0			
䙍	0			
䙎	0			
䙏	0			
䙐	0			
䙑	0			
䙒	0			
䙓	0			
䙔	0			
䙕	0			
䙖	0			
䙗	0			
䙘	0			
䙙	0			
䙚	0			
䙛	0			
䙜	0			
䙝	0			
䙞	0			
䙟	0			
䙠	0			
䙡	0			
䙢	0			
䙣	0			
䙤	0			
䙥	0			
䙦	0			
䙧	0			
䙨	0			
䙩	0			
䙪	0			
䙫	0			
䙬	0			
䙭	0			
䙮	0			
䙯	0			
䙰	0			
䙱	0			
䙲	0			
䙳	0			
䙴	0			
䙵	0			
䙶	0			
䙷	0			
䙸	0			
䙹	0			
䙺	0			
䙻	0			
䙼	0			
䙽	0			
䙾	0			
䙿	0			
䚀	0			
䚁	0			
䚂	0			
䚃	0			
䚄	0			
䚅	0			
䚆	0			
䚇	0			
䚈	0			
䚉	0			
䚊	0			
䚋	0			
䚌	0			
䚍	0			
䚎	0			
䚏	0			
䚐	0			
䚑	0			
䚒	0			
䚓	0			
䚔	0			
䚕	0			
䚖	0			
䚗	0			
䚘	0			
䚙	0			
䚚	0			
䚛	0			
䚜	0			
䚝	0			
䚞	0			
䚟	0			
䚠	0			
䚡	0			
䚢	0			
䚣	0			
䚤	0			
䚥	0			
䚦	0			
䚧	0			
䚨	0			
䚩	0			
䚪	0			
䚫	0			
䚬	0			
䚭	0			
䚮	0			
䚯	0			
䚰	0			
䚱	0			
䚲	0			
䚳	0			
䚴	0			
䚵	0			
䚶	0			
䚷	0			
䚸	0			
䚹	0			
䚺	0			
䚻	0			
䚼	0			
䚽	0			
䚾	0			
䚿	0			
䛀	0			
䛁	0			
䛂	0			
䛃	0			
䛄	0			
䛅	0			
䛆	0			
䛇	0			
䛈	0			
䛉	0			
䛊	0			
䛋	0			
䛌	0			
䛍	0			
䛎	0			
䛏	0			
䛐	0			
䛑	0			
䛒	0			
䛓	0			
䛔	0			
䛕	0			
䛖	0			
䛗	0			
䛘	0			
䛙	0			
䛚	0			
䛛	0			
䛜	0			
䛝	0			
䛞	0			
䛟	0			
䛠	0			
䛡	0			
䛢	0			
䛣	0			
䛤	0			
䛥	0			
䛦	0			
䛧	0			
䛨	0			
䛩	0			
䛪	0			
䛫	0			
䛬	0			
䛭	0			
䛮	0			
䛯	0			
䛰	0			
䛱	0			
䛲	0			
䛳	0			
䛴	0			
䛵	0			
䛶	0			
䛷	0			
䛸	0			
䛹	0			
䛺	0			
䛻	0			
䛼	0			
䛽	0			
䛾	0			
䛿	0			
䜀	0			
䜁	0			
䜂	0			
䜃	0			
䜄	0			
䜅	0			
䜆	0			
䜇	0			
䜈	0			
䜉	0			
䜊	0			
䜋	0			
䜌	0			
䜍	0			
䜎	0			
䜏	0			
䜐	0			
䜑	0			
䜒	0			
䜓	0			
䜔	0			
䜕	0			
䜖	0			
䜗	0			
䜘	0			
䜙	0			
䜚	0			
䜛	0			
䜜	0			
䜝	0			
䜞	0			
䜟	0			
䜠	0			
䜡	0			
䜢	0			
䜣	0			
䜤	0			
䜥	0			
䜦	0			
䜧	0			
䜨	0			
䜩	0			
䜪	0			
䜫	0			
䜬	0			
䜭	0			
䜮	0			
䜯	0			
䜰	0			
䜱	0			
䜲	0			
䜳	0			
䜴	0			
䜵	0			
䜶	0			
䜷	0			
䜸	0			
䜹	0			
䜺	0			
䜻	0			
䜼	0			
䜽	0			
䜾	0			
䜿	0			
䝀	0			
䝁	0			
䝂	0			
䝃	0			
䝄	0			
䝅	0			
䝆	0			
䝇	0			
䝈	0			
䝉	0			
䝊	0			
䝋	0			
䝌	0			
䝍	0			
䝎	0			
䝏	0			
䝐	0			
䝑	0			
䝒	0			
䝓	0			
䝔	0			
䝕	0			
䝖	0			
䝗	0			
䝘	0			
䝙	0			
䝚	0			
䝛	0			
䝜	0			
䝝	0			
䝞	0			
䝟	0			
䝠	0			
䝡	0			
䝢	0			
䝣	0			
䝤	0			
䝥	0			
䝦	0			
䝧	0			
䝨	0			
䝩	0			
䝪	0			
䝫	0			
䝬	0			
䝭	0			
䝮	0			
䝯	0			
䝰	0			
䝱	0			
䝲	0			
䝳	0			
䝴	0			
䝵	0			
䝶	0			
䝷	0			
䝸	0			
䝹	0			
䝺	0			
䝻	0			
䝼	0			
䝽	0			
䝾	0			
䝿	0			
䞀	0			
䞁	0			
䞂	0			
䞃	0			
䞄	0			
䞅	0			
䞆	0			
䞇	0			
䞈	0			
䞉	0			
䞊	0			
䞋	0			
䞌	0			
䞍	0			
䞎	0			
䞏	0			
䞐	0			
䞑	0			
䞒	0			
䞓	0			
䞔	0			
䞕	0			
䞖	0			
䞗	0			
䞘	0			
䞙	0			
䞚	0			
䞛	0			
䞜	0			
䞝	0			
䞞	0			
䞟	0			
䞠	0			
䞡	0			
䞢	0			
䞣	0			
䞤	0			
䞥	0			
䞦	0			
䞧	0			
䞨	0			
䞩	0			
䞪	0			
䞫	0			
䞬	0			
䞭	0			
䞮	0			
䞯	0			
䞰	0			
䞱	0			
䞲	0			
䞳	0			
䞴	0			
䞵	0			
䞶	0			
䞷	0			
䞸	0			
䞹	0			
䞺	0			
䞻	0			
䞼	0			
䞽	0			
䞾	0			
䞿	0			
䟀	0			
䟁	0			
䟂	0			
䟃	0			
䟄	0			
䟅	0			
䟆	0			
䟇	0			
䟈	0			
䟉	0			
䟊	0			
䟋	0			
䟌	0			
䟍	0			
䟎	0			
䟏	0			
䟐	0			
䟑	0			
䟒	0			
䟓	0			
䟔	0			
䟕	0			
䟖	0			
䟗	0			
䟘	0			
䟙	0			
䟚	0			
䟛	0			
䟜	0			
䟝	0			
䟞	0			
䟟	0			
䟠	0			
䟡	0			
䟢	0			
䟣	0			
䟤	0			
䟥	0			
䟦	0			
䟧	0			
䟨	0			
䟩	0			
䟪	0			
䟫	0			
䟬	0			
䟭	0			
䟮	0			
䟯	0			
䟰	0			
䟱	0			
䟲	0			
䟳	0			
䟴	0			
䟵	0			
䟶	0			
䟷	0			
䟸	0			
䟹	0			
䟺	0			
䟻	0			
䟼	0			
䟽	0			
䟾	0			
䟿	0			
䠀	0			
䠁	0			
䠂	0			
䠃	0			
䠄	0			
䠅	0			
䠆	0			
䠇	0			
䠈	0			
䠉	0			
䠊	0			
䠋	0			
䠌	0			
䠍	0			
䠎	0			
䠏	0			
䠐	0			
䠑	0			
䠒	0			
䠓	0			
䠔	0			
䠕	0			
䠖	0			
䠗	0			
䠘	0			
䠙	0			
䠚	0			
䠛	0			
䠜	0			
䠝	0			
䠞	0			
䠟	0			
䠠	0			
䠡	0			
䠢	0			
䠣	0			
䠤	0			
䠥	0			
䠦	0			
䠧	0			
䠨	0			
䠩	0			
䠪	0			
䠫	0			
䠬	0			
䠭	0			
䠮	0			
䠯	0			
䠰	0			
䠱	0			
䠲	0			
䠳	0			
䠴	0			
䠵	0			
䠶	0			
䠷	0			
䠸	0			
䠹	0			
䠺	0			
䠻	0			
䠼	0			
䠽	0			
䠾	0			
䠿	0			
䡀	0			
䡁	0			
䡂	0			
䡃	0			
䡄	0			
䡅	0			
䡆	0			
䡇	0			
䡈	0			
䡉	0			
䡊	0			
䡋	0			
䡌	0			
䡍	0			
䡎	0			
䡏	0			
䡐	0			
䡑	0			
䡒	0			
䡓	0			
䡔	0			
䡕	0			
䡖	0			
䡗	0			
䡘	0			
䡙	0			
䡚	0			
䡛	0			
䡜	0			
䡝	0			
䡞	0			
䡟	0			
䡠	0			
䡡	0			
䡢	0			
䡣	0			
䡤	0			
䡥	0			
䡦	0			
䡧	0			
䡨	0			
䡩	0			
䡪	0			
䡫	0			
䡬	0			
䡭	0			
䡮	0			
䡯	0			
䡰	0			
䡱	0			
䡲	0			
䡳	0			
䡴	0			
䡵	0			
䡶	0			
䡷	0			
䡸	0			
䡹	0			
䡺	0			
䡻	0			
䡼	0			
䡽	0			
䡾	0			
䡿	0			
䢀	0			
䢁	0			
䢂	0			
䢃	0			
䢄	0			
䢅	0			
䢆	0			
䢇	0			
䢈	0			
䢉	0			
䢊	0			
䢋	0			
䢌	0			
䢍	0			
䢎	0			
䢏	0			
䢐	0			
䢑	0			
䢒	0			
䢓	0			
䢔	0			
䢕	0			
䢖	0			
䢗	0			
䢘	0			
䢙	0			
䢚	0			
䢛	0			
䢜	0			
䢝	0			
䢞	0			
䢟	0			
䢠	0			
䢡	0			
䢢	0			
䢣	0			
䢤	0			
䢥	0			
䢦	0			
䢧	0			
䢨	0			
䢩	0			
䢪	0			
䢫	0			
䢬	0			
䢭	0			
䢮	0			
䢯	0			
䢰	0			
䢱	0			
䢲	0			
䢳	0			
䢴	0			
䢵	0			
䢶	0			
䢷	0			
䢸	0			
䢹	0			
䢺	0			
䢻	0			
䢼	0			
䢽	0			
䢾	0			
䢿	0			
䣀	0			
䣁	0			
䣂	0			
䣃	0			
䣄	0			
䣅	0			
䣆	0			
䣇	0			
䣈	0			
䣉	0			
䣊	0			
䣋	0			
䣌	0			
䣍	0			
䣎	0			
䣏	0			
䣐	0			
䣑	0			
䣒	0			
䣓	0			
䣔	0			
䣕	0			
䣖	0			
䣗	0			
䣘	0			
䣙	0			
䣚	0			
䣛	0			
䣜	0			
䣝	0			
䣞	0			
䣟	0			
䣠	0			
䣡	0			
䣢	0			
䣣	0			
䣤	0			
䣥	0			
䣦	0			
䣧	0			
䣨	0			
䣩	0			
䣪	0			
䣫	0			
䣬	0			
䣭	0			
䣮	0			
䣯	0			
䣰	0			
䣱	0			
䣲	0			
䣳	0			
䣴	0			
䣵	0			
䣶	0			
䣷	0			
䣸	0			
䣹	0			
䣺	0			
䣻	0			
䣼	0			
䣽	0			
䣾	0			
䣿	0			
䤀	0			
䤁	0			
䤂	0			
䤃	0			
䤄	0			
䤅	0			
䤆	0			
䤇	0			
䤈	0			
䤉	0			
䤊	0			
䤋	0			
䤌	0			
䤍	0			
䤎	0			
䤏	0			
䤐	0			
䤑	0			
䤒	0			
䤓	0			
䤔	0			
䤕	0			
䤖	0			
䤗	0			
䤘	0			
䤙	0			
䤚	0			
䤛	0			
䤜	0			
䤝	0			
䤞	0			
䤟	0			
䤠	0			
䤡	0			
䤢	0			
䤣	0			
䤤	0			
䤥	0			
䤦	0			
䤧	0			
䤨	0			
䤩	0			
䤪	0			
䤫	0			
䤬	0			
䤭	0			
䤮	0			
䤯	0			
䤰	0			
䤱	0			
䤲	0			
䤳	0			
䤴	0			
䤵	0			
䤶	0			
䤷	0			
䤸	0			
䤹	0			
䤺	0			
䤻	0			
䤼	0			
䤽	0			
䤾	0			
䤿	0			
䥀	0			
䥁	0			
䥂	0			
䥃	0			
䥄	0			
䥅	0			
䥆	0			
䥇	0			
䥈	0			
䥉	0			
䥊	0			
䥋	0			
䥌	0			
䥍	0			
䥎	0			
䥏	0			
䥐	0			
䥑	0			
䥒	0			
䥓	0			
䥔	0			
䥕	0			
䥖	0			
䥗	0			
䥘	0			
䥙	0			
䥚	0			
䥛	0			
䥜	0			
䥝	0			
䥞	0			
䥟	0			
䥠	0			
䥡	0			
䥢	0			
䥣	0			
䥤	0			
䥥	0			
䥦	0			
䥧	0			
䥨	0			
䥩	0			
䥪	0			
䥫	0			
䥬	0			
䥭	0			
䥮	0			
䥯	0			
䥰	0			
䥱	0			
䥲	0			
䥳	0			
䥴	0			
䥵	0			
䥶	0			
䥷	0			
䥸	0			
䥹	0			
䥺	0			
䥻	0			
䥼	0			
䥽	0			
䥾	0			
䥿	0			
䦀	0			
䦁	0			
䦂	0			
䦃	0			
䦄	0			
䦅	0			
䦆	0			
䦇	0			
䦈	0			
䦉	0			
䦊	0			
䦋	0			
䦌	0			
䦍	0			
䦎	0			
䦏	0			
䦐	0			
䦑	0			
䦒	0			
䦓	0			
䦔	0			
䦕	0			
䦖	0			
䦗	0			
䦘	0			
䦙	0			
䦚	0			
䦛	0			
䦜	0			
䦝	0			
䦞	0			
䦟	0			
䦠	0			
䦡	0			
䦢	0			
䦣	0			
䦤	0			
䦥	0			
䦦	0			
䦧	0			
䦨	0			
䦩	0			
䦪	0			
䦫	0			
䦬	0			
䦭	0			
䦮	0			
䦯	0			
䦰	0			
䦱	0			
䦲	0			
䦳	0			
䦴	0			
䦵	0			
䦶	0			
䦷	0			
䦸	0			
䦹	0			
䦺	0			
䦻	0			
䦼	0			
䦽	0			
䦾	0			
䦿	0			
䧀	0			
䧁	0			
䧂	0			
䧃	0			
䧄	0			
䧅	0			
䧆	0			
䧇	0			
䧈	0			
䧉	0			
䧊	0			
䧋	0			
䧌	0			
䧍	0			
䧎	0			
䧏	0			
䧐	0			
䧑	0			
䧒	0			
䧓	0			
䧔	0			
䧕	0			
䧖	0			
䧗	0			
䧘	0			
䧙	0			
䧚	0			
䧛	0			
䧜	0			
䧝	0			
䧞	0			
䧟	0			
䧠	0			
䧡	0			
䧢	0			
䧣	0			
䧤	0			
䧥	0			
䧦	0			
䧧	0			
䧨	0			
䧩	0			
䧪	0			
䧫	0			
䧬	0			
䧭	0			
䧮	0			
䧯	0			
䧰	0			
䧱	0			
䧲	0			
䧳	0			
䧴	0			
䧵	0			
䧶	0			
䧷	0			
䧸	0			
䧹	0			
䧺	0			
䧻	0			
䧼	0			
䧽	0			
䧾	0			
䧿	0			
䨀	0			
䨁	0			
䨂	0			
䨃	0			
䨄	0			
䨅	0			
䨆	0			
䨇	0			
䨈	0			
䨉	0			
䨊	0			
䨋	0			
䨌	0			
䨍	0			
䨎	0			
䨏	0			
䨐	0			
䨑	0			
䨒	0			
䨓	0			
䨔	0			
䨕	0			
䨖	0			
䨗	0			
䨘	0			
䨙	0			
䨚	0			
䨛	0			
䨜	0			
䨝	0			
䨞	0			
䨟	0			
䨠	0			
䨡	0			
䨢	0			
䨣	0			
䨤	0			
䨥	0			
䨦	0			
䨧	0			
䨨	0			
䨩	0			
䨪	0			
䨫	0			
䨬	0			
䨭	0			
䨮	0			
䨯	0			
䨰	0			
䨱	0			
䨲	0			
䨳	0			
䨴	0			
䨵	0			
䨶	0			
䨷	0			
䨸	0			
䨹	0			
䨺	0			
䨻	0			
䨼	0			
䨽	0			
䨾	0			
䨿	0			
䩀	0			
䩁	0			
䩂	0			
䩃	0			
䩄	0			
䩅	0			
䩆	0			
䩇	0			
䩈	0			
䩉	0			
䩊	0			
䩋	0			
䩌	0			
䩍	0			
䩎	0			
䩏	0			
䩐	0			
䩑	0			
䩒	0			
䩓	0			
䩔	0			
䩕	0			
䩖	0			
䩗	0			
䩘	0			
䩙	0			
䩚	0			
䩛	0			
䩜	0			
䩝	0			
䩞	0			
䩟	0			
䩠	0			
䩡	0			
䩢	0			
䩣	0			
䩤	0			
䩥	0			
䩦	0			
䩧	0			
䩨	0			
䩩	0			
䩪	0			
䩫	0			
䩬	0			
䩭	0			
䩮	0			
䩯	0			
䩰	0			
䩱	0			
䩲	0			
䩳	0			
䩴	0			
䩵	0			
䩶	0			
䩷	0			
䩸	0			
䩹	0			
䩺	0			
䩻	0			
䩼	0			
䩽	0			
䩾	0			
䩿	0			
䪀	0			
䪁	0			
䪂	0			
䪃	0			
䪄	0			
䪅	0			
䪆	0			
䪇	0			
䪈	0			
䪉	0			
䪊	0			
䪋	0			
䪌	0			
䪍	0			
䪎	0			
䪏	0			
䪐	0			
䪑	0			
䪒	0			
䪓	0			
䪔	0			
䪕	0			
䪖	0			
䪗	0			
䪘	0			
䪙	0			
䪚	0			
䪛	0			
䪜	0			
䪝	0			
䪞	0			
䪟	0			
䪠	0			
䪡	0			
䪢	0			
䪣	0			
䪤	0			
䪥	0			
䪦	0			
䪧	0			
䪨	0			
䪩	0			
䪪	0			
䪫	0			
䪬	0			
䪭	0			
䪮	0			
䪯	0			
䪰	0			
䪱	0			
䪲	0			
䪳	0			
䪴	0			
䪵	0			
䪶	0			
䪷	0			
䪸	0			
䪹	0			
䪺	0			
䪻	0			
䪼	0			
䪽	0			
䪾	0			
䪿	0			
䫀	0			
䫁	0			
䫂	0			
䫃	0			
䫄	0			
䫅	0			
䫆	0			
䫇	0			
䫈	0			
䫉	0			
䫊	0			
䫋	0			
䫌	0			
䫍	0			
䫎	0			
䫏	0			
䫐	0			
䫑	0			
䫒	0			
䫓	0			
䫔	0			
䫕	0			
䫖	0			
䫗	0			
䫘	0			
䫙	0			
䫚	0			
䫛	0			
䫜	0			
䫝	0			
䫞	0			
䫟	0			
䫠	0			
䫡	0			
䫢	0			
䫣	0			
䫤	0			
䫥	0			
䫦	0			
䫧	0			
䫨	0			
䫩	0			
䫪	0			
䫫	0			
䫬	0			
䫭	0			
䫮	0			
䫯	0			
䫰	0			
䫱	0			
䫲	0			
䫳	0			
䫴	0			
䫵	0			
䫶	0			
䫷	0			
䫸	0			
䫹	0			
䫺	0			
䫻	0			
䫼	0			
䫽	0			
䫾	0			
䫿	0			
䬀	0			
䬁	0			
䬂	0			
䬃	0			
䬄	0			
䬅	0			
䬆	0			
䬇	0			
䬈	0			
䬉	0			
䬊	0			
䬋	0			
䬌	0			
䬍	0			
䬎	0			
䬏	0			
䬐	0			
䬑	0			
䬒	0			
䬓	0			
䬔	0			
䬕	0			
䬖	0			
䬗	0			
䬘	0			
䬙	0			
䬚	0			
䬛	0			
䬜	0			
䬝	0			
䬞	0			
䬟	0			
䬠	0			
䬡	0			
䬢	0			
䬣	0			
䬤	0			
䬥	0			
䬦	0			
䬧	0			
䬨	0			
䬩	0			
䬪	0			
䬫	0			
䬬	0			
䬭	0			
䬮	0			
䬯	0			
䬰	0			
䬱	0			
䬲	0			
䬳	0			
䬴	0			
䬵	0			
䬶	0			
䬷	0			
䬸	0			
䬹	0			
䬺	0			
䬻	0			
䬼	0			
䬽	0			
䬾	0			
䬿	0			
䭀	0			
䭁	0			
䭂	0			
䭃	0			
䭄	0			
䭅	0			
䭆	0			
䭇	0			
䭈	0			
䭉	0			
䭊	0			
䭋	0			
䭌	0			
䭍	0			
䭎	0			
䭏	0			
䭐	0			
䭑	0			
䭒	0			
䭓	0			
䭔	0			
䭕	0			
䭖	0			
䭗	0			
䭘	0			
䭙	0			
䭚	0			
䭛	0			
䭜	0			
䭝	0			
䭞	0			
䭟	0			
䭠	0			
䭡	0			
䭢	0			
䭣	0			
䭤	0			
䭥	0			
䭦	0			
䭧	0			
䭨	0			
䭩	0			
䭪	0			
䭫	0			
䭬	0			
䭭	0			
䭮	0			
䭯	0			
䭰	0			
䭱	0			
䭲	0			
䭳	0			
䭴	0			
䭵	0			
䭶	0			
䭷	0			
䭸	0			
䭹	0			
䭺	0			
䭻	0			
䭼	0			
䭽	0			
䭾	0			
䭿	0			
䮀	0			
䮁	0			
䮂	0			
䮃	0			
䮄	0			
䮅	0			
䮆	0			
䮇	0			
䮈	0			
䮉	0			
䮊	0			
䮋	0			
䮌	0			
䮍	0			
䮎	0			
䮏	0			
䮐	0			
䮑	0			
䮒	0			
䮓	0			
䮔	0			
䮕	0			
䮖	0			
䮗	0			
䮘	0			
䮙	0			
䮚	0			
䮛	0			
䮜	0			
䮝	0			
䮞	0			
䮟	0			
䮠	0			
䮡	0			
䮢	0			
䮣	0			
䮤	0			
䮥	0			
䮦	0			
䮧	0			
䮨	0			
䮩	0			
䮪	0			
䮫	0			
䮬	0			
䮭	0			
䮮	0			
䮯	0			
䮰	0			
䮱	0			
䮲	0			
䮳	0			
䮴	0			
䮵	0			
䮶	0			
䮷	0			
䮸	0			
䮹	0			
䮺	0			
䮻	0			
䮼	0			
䮽	0			
䮾	0			
䮿	0			
䯀	0			
䯁	0			
䯂	0			
䯃	0			
䯄	0			
䯅	0			
䯆	0			
䯇	0			
䯈	0			
䯉	0			
䯊	0			
䯋	0			
䯌	0			
䯍	0			
䯎	0			
䯏	0			
䯐	0			
䯑	0			
䯒	0			
䯓	0			
䯔	0			
䯕	0			
䯖	0			
䯗	0			
䯘	0			
䯙	0			
䯚	0			
䯛	0			
䯜	0			
䯝	0			
䯞	0			
䯟	0			
䯠	0			
䯡	0			
䯢	0			
䯣	0			
䯤	0			
䯥	0			
䯦	0			
䯧	0			
䯨	0			
䯩	0			
䯪	0			
䯫	0			
䯬	0			
䯭	0			
䯮	0			
䯯	0			
䯰	0			
䯱	0			
䯲	0			
䯳	0			
䯴	0			
䯵	0			
䯶	0			
䯷	0			
䯸	0			
䯹	0			
䯺	0			
䯻	0			
䯼	0			
䯽	0			
䯾	0			
䯿	0			
䰀	0			
䰁	0			
䰂	0			
䰃	0			
䰄	0			
䰅	0			
䰆	0			
䰇	0			
䰈	0			
䰉	0			
䰊	0			
䰋	0			
䰌	0			
䰍	0			
䰎	0			
䰏	0			
䰐	0			
䰑	0			
䰒	0			
䰓	0			
䰔	0			
䰕	0			
䰖	0			
䰗	0			
䰘	0			
䰙	0			
䰚	0			
䰛	0			
䰜	0			
䰝	0			
䰞	0			
䰟	0			
䰠	0			
䰡	0			
䰢	0			
䰣	0			
䰤	0			
䰥	0			
䰦	0			
䰧	0			
䰨	0			
䰩	0			
䰪	0			
䰫	0			
䰬	0			
䰭	0			
䰮	0			
䰯	0			
䰰	0			
䰱	0			
䰲	0			
䰳	0			
䰴	0			
䰵	0			
䰶	0			
䰷	0			
䰸	0			
䰹	0			
䰺	0			
䰻	0			
䰼	0			
䰽	0			
䰾	0			
䰿	0			
䱀	0			
䱁	0			
䱂	0			
䱃	0			
䱄	0			
䱅	0			
䱆	0			
䱇	0			
䱈	0			
䱉	0			
䱊	0			
䱋	0			
䱌	0			
䱍	0			
䱎	0			
䱏	0			
䱐	0			
䱑	0			
䱒	0			
䱓	0			
䱔	0			
䱕	0			
䱖	0			
䱗	0			
䱘	0			
䱙	0			
䱚	0			
䱛	0			
䱜	0			
䱝	0			
䱞	0			
䱟	0			
䱠	0			
䱡	0			
䱢	0			
䱣	0			
䱤	0			
䱥	0			
䱦	0			
䱧	0			
䱨	0			
䱩	0			
䱪	0			
䱫	0			
䱬	0			
䱭	0			
䱮	0			
䱯	0			
䱰	0			
䱱	0			
䱲	0			
䱳	0			
䱴	0			
䱵	0			
䱶	0			
䱷	0			
䱸	0			
䱹	0			
䱺	0			
䱻	0			
䱼	0			
䱽	0			
䱾	0			
䱿	0			
䲀	0			
䲁	0			
䲂	0			
䲃	0			
䲄	0			
䲅	0			
䲆	0			
䲇	0			
䲈	0			
䲉	0			
䲊	0			
䲋	0			
䲌	0			
䲍	0			
䲎	0			
䲏	0			
䲐	0			
䲑	0			
䲒	0			
䲓	0			
䲔	0			
䲕	0			
䲖	0			
䲗	0			
䲘	0			
䲙	0			
䲚	0			
䲛	0			
䲜	0			
䲝	0			
䲞	0			
䲟	0			
䲠	0			
䲡	0			
䲢	0			
䲣	0			
䲤	0			
䲥	0			
䲦	0			
䲧	0			
䲨	0			
䲩	0			
䲪	0			
䲫	0			
䲬	0			
䲭	0			
䲮	0			
䲯	0			
䲰	0			
䲱	0			
䲲	0			
䲳	0			
䲴	0			
䲵	0			
䲶	0			
䲷	0			
䲸	0			
䲹	0			
䲺	0			
䲻	0			
䲼	0			
䲽	0			
䲾	0			
䲿	0			
䳀	0			
䳁	0			
䳂	0			
䳃	0			
䳄	0			
䳅	0			
䳆	0			
䳇	0			
䳈	0			
䳉	0			
䳊	0			
䳋	0			
䳌	0			
䳍	0			
䳎	0			
䳏	0			
䳐	0			
䳑	0			
䳒	0			
䳓	0			
䳔	0			
䳕	0			
䳖	0			
䳗	0			
䳘	0			
䳙	0			
䳚	0			
䳛	0			
䳜	0			
䳝	0			
䳞	0			
䳟	0			
䳠	0			
䳡	0			
䳢	0			
䳣	0			
䳤	0			
䳥	0			
䳦	0			
䳧	0			
䳨	0			
䳩	0			
䳪	0			
䳫	0			
䳬	0			
䳭	0			
䳮	0			
䳯	0			
䳰	0			
䳱	0			
䳲	0			
䳳	0			
䳴	0			
䳵	0			
䳶	0			
䳷	0			
䳸	0			
䳹	0			
䳺	0			
䳻	0			
䳼	0			
䳽	0			
䳾	0			
䳿	0			
䴀	0			
䴁	0			
䴂	0			
䴃	0			
䴄	0			
䴅	0			
䴆	0			
䴇	0			
䴈	0			
䴉	0			
䴊	0			
䴋	0			
䴌	0			
䴍	0			
䴎	0			
䴏	0			
䴐	0			
䴑	0			
䴒	0			
䴓	0			
䴔	0			
䴕	0			
䴖	0			
䴗	0			
䴘	0			
䴙	0			
䴚	0			
䴛	0			
䴜	0			
䴝	0			
䴞	0			
䴟	0			
䴠	0			
䴡	0			
䴢	0			
䴣	0			
䴤	0			
䴥	0			
䴦	0			
䴧	0			
䴨	0			
䴩	0			
䴪	0			
䴫	0			
䴬	0			
䴭	0			
䴮	0			
䴯	0			
䴰	0			
䴱	0			
䴲	0			
䴳	0			
䴴	0			
䴵	0			
䴶	0			
䴷	0			
䴸	0			
䴹	0			
䴺	0			
䴻	0			
䴼	0			
䴽	0			
䴾	0			
䴿	0			
䵀	0			
䵁	0			
䵂	0			
䵃	0			
䵄	0			
䵅	0			
䵆	0			
䵇	0			
䵈	0			
䵉	0			
䵊	0			
䵋	0			
䵌	0			
䵍	0			
䵎	0			
䵏	0			
䵐	0			
䵑	0			
䵒	0			
䵓	0			
䵔	0			
䵕	0			
䵖	0			
䵗	0			
䵘	0			
䵙	0			
䵚	0			
䵛	0			
䵜	0			
䵝	0			
䵞	0			
䵟	0			
䵠	0			
䵡	0			
䵢	0			
䵣	0			
䵤	0			
䵥	0			
䵦	0			
䵧	0			
䵨	0			
䵩	0			
䵪	0			
䵫	0			
䵬	0			
䵭	0			
䵮	0			
䵯	0			
䵰	0			
䵱	0			
䵲	0			
䵳	0			
䵴	0			
䵵	0			
䵶	0			
䵷	0			
䵸	0			
䵹	0			
䵺	0			
䵻	0			
䵼	0			
䵽	0			
䵾	0			
䵿	0			
䶀	0			
䶁	0			
䶂	0			
䶃	0			
䶄	0			
䶅	0			
䶆	0			
䶇	0			
䶈	0			
䶉	0			
䶊	0			
䶋	0			
䶌	0			
䶍	0			
䶎	0			
䶏	0			
䶐	0			
䶑	0			
䶒	0			
䶓	0			
䶔	0			
䶕	0			
䶖	0			
䶗	0			
䶘	0			
䶙	0			
䶚	0			
䶛	0			
䶜	0			
䶝	0			
䶞	0			
䶟	0			
䶠	0			
䶡	0			
䶢	0			
䶣	0			
䶤	0			
䶥	0			
䶦	0			
䶧	0			
䶨	0			
䶩	0			
䶪	0			
䶫	0			
䶬	0			
䶭	0			
䶮	0			
䶯	0			
䶰	0			
䶱	0			
䶲	0			
䶳	0			
䶴	0			
䶵	0			
䶶	0			
䶷	0			
䶸	0			
䶹	0			
䶺	0			
䶻	0			
䶼	0			
䶽	0			
䶾	0			
䶿	8250			
一	8679			
丁	0			
丂	8778			
七	0			
丄	0			
丅	0			
丆	8470			
万	8327			
丈	9262			
三	8855			
上	8360			
下	8591			
丌	7601			
不	8129			
与	0			
丏	8052			
丐	9086			
丑	9284			
专	8800			
且	8448			
丕	8349			
世	0			
丗	9317			
丘	10010			
丙	10879			
丛	8910			
丝	9009			
丞	0			
丟	0			
丠	0			
両	8591			
丢	0			
丣	9559			
两	9163			
严	0			
並	8855			
丧	9108			
丨	0			
丩	9086			
个	14575			
丬	8657			
中	0			
丮	0			
丯	8932			
丰	9218			
串	0			
丳	9064			
临	9339			
丶	0			
丷	9020			
丸	8459			
丹	7975			
为	8932			
主	0			
丼	12760			
丽	0			
乀	0			
乁	0			
乂	8701			
乃	0			
乄	9317			
久	8360			
乇	7909			
么	8041			
义	0			
乊	8052			
之	8250			
乌	8063			
乍	10439			
乎	7942			
乐	9075			
乒	8811			
乓	9482			
乔	0			
乕	8690			
乖	10747			
乘	0			
乚	0			
乛	8283			
乜	11077			
九	8162			
也	9460			
习	8800			
乡	0			
乢	12991			
乣	0			
乤	0			
乥	9317			
书	0			
乧	0			
乨	8591			
乩	0			
乪	0			
乫	0			
乬	0			
乭	0			
乮	0			
乯	8778			
买	8932			
乱	0			
乲	8635			
乳	0			
乴	0			
乵	0			
乶	0			
乷	0			
乸	0			
乹	0			
乺	0			
乻	0			
乼	0			
乽	8514			
乾	0			
乿	0			
亀	0			
亁	0			
亂	0			
亃	0			
亄	0			
亅	8734			
了	8646			
予	8657			
争	0			
亊	8349			
事	7722			
二	8932			
亍	8393			
于	9020			
亏	9482			
云	8745			
互	9042			
亓	8591			
五	9152			
井	0			
亖	0			
亗	8261			
亘	0			
亙	8129			
亚	8481			
些	0			
亜	0			
亝	0			
亞	8954			
亟	14575			
亠	8789			
亡	8877			
亢	0			
亣	8668			
交	8624			
亥	7854			
亦	13739			
产	0			
亪	9130			
享	8789			
京	9438			
亭	9042			
亮	0			
亯	0			
亰	0			
亱	9911			
亲	8492			
亳	0			
亴	8602			
亵	0			
亶	0			
亷	0			
亸	0			
亹	8734			
人	14575			
亻	0			
亼	0			
亽	0			
亾	8041			
亿	8734			
什	8734			
仁	7942			
仂	8679			
仃	8096			
仄	10912			
仅	9086			
仇	8877			
仉	10208			
今	8437			
仍	9306			
从	0			
仐	9317			
仑	0			
仒	11033			
仓	8349			
仕	8470			
他	8327			
仗	8492			
付	9504			
仙	0			
仚	0			
仛	0			
仜	9031			
仝	8217			
仞	9273			
仟	0			
仠	7898			
仡	0			
仢	11913			
代	0			
仦	0			
仧	8965			
仨	0			
仩	8646			
仪	8261			
仫	7909			
们	0			
仭	0			
仮	0			
仯	8998			
仰	0			
仱	8481			
仲	8745			
仳	0			
仴	8591			
仵	8800			
件	8723			
价	0			
仹	0			
仺	8217			
任	0			
仼	8756			
份	9130			
仿	9042			
企	0			
伂	0			
伃	0			
伄	0			
伅	0			
伆	0			
伇	0			
伈	8877			
伉	8030			
伊	0			
伋	0			
伌	8591			
伍	8415			
伎	10439			
伏	8921			
休	0			
伒	0			
伓	0			
伔	0			
伕	0			
伖	8481			
众	8679			
优	11957			
伙	0			
伜	0			
伝	9647			
伞	8789			
伟	9647			
传	0			
伡	8646			
伢	0			
伣	9031			
伤	8954			
伥	9317			
伦	9020			
伧	0			
伨	0			
伩	8789			
伪	8327			
伫	0			
伬	0			
伭	8492			
伮	8745			
樠	9097			
樢	11649			
権	8514			
樰	9482			
樲	9251			
樶	8063			
樾	8899			
樿	9174			
橅	8525			
橈	9031			
橑	9009			
橙	8184			
橛	0			
橜	0			
橝	0			
橞	0			
機	0			
橠	8624			
橡	0			
橢	0			
橣	0			
橤	8536			
橥	0			
橦	0			
橧	0			
橨	0			
橩	0			
橪	0			
橫	0			
橬	0			
橭	0			
橮	0			
橯	0			
橰	9372			
橱	0			
橳	0			
橴	0			
橵	0			
橶	0			
橷	0			
橸	8932			
橹	0			
橺	0			
橻	9405			
橼	0			
橽	0			
橾	0			
橿	8954			
檀	0			
檁	12991			
檂	0			
檃	9460			
檄	0			
檅	0			
檆	0			
檇	0			
檈	0			
檉	0			
檊	0			
檋	0			
檌	0			
檍	10175			
檎	0			
檏	9163			
檐	8756			
檑	0			
檒	0			
檓	0			
檔	0			
檕	0			
檖	7942			
檗	0			
檘	0			
檙	0			
檚	0			
檛	0			
檜	0			
檝	0			
檞	0			
檟	9614			
檠	0			
檡	0			
檢	0			
檣	0			
檤	0			
檥	0			
檦	0			
檧	0			
檨	9427			
檩	0			
檪	9185			
檫	8789			
檬	0			
檭	0			
檮	0			
檯	0			
檰	0			
檱	0			
檲	0			
檳	0			
檴	0			
檵	0			
檶	0			
檷	0			
檸	0			
檹	0			
檺	0			
檻	0			
檼	0			
檽	0			
檾	0			
檿	0			
櫀	0			
櫁	0			
櫂	0			
櫃	0			
櫄	0			
櫅	0			
櫆	0			
櫇	0			
櫈	0			
櫉	0			
櫊	0			
櫋	0			
櫌	0			
櫍	0			
櫎	0			
櫏	0			
櫐	0			
櫑	0			
櫒	0			
櫓	0			
櫔	0			
櫕	0			
櫖	0			
櫗	0			
櫘	0			
櫙	0			
櫚	0			
櫛	0			
櫜	0			
櫝	0			
櫞	0			
櫟	0			
櫠	0			
櫡	0			
櫢	0			
櫣	0			
櫤	0			
櫥	0			
櫦	0			
櫧	0			
櫨	0			
櫩	0			
櫪	0			
櫫	9097			
櫬	10703			
次	9724			
欣	9185			
欤	0			
欨	0			
欯	0			
欰	0			
欱	7854			
欲	0			
欳	0			
欴	0			
欵	0			
欶	9097			
欷	10780			
欹	0			
欻	0			
欼	0			
欽	9592			
款	0			
歀	0			
歁	0			
歂	8789			
歃	0			
歅	11110			
歆	0			
歈	9097			
歉	0			
歊	0			
歋	7898			
歌	0			
歎	0			
歏	0			
歐	0			
歑	0			
歒	0			
歓	0			
歔	0			
歕	0			
歖	0			
歗	0			
歘	14971			
歙	0			
歛	0			
歜	0			
歝	0			
歞	0			
歟	0			
歠	0			
歡	8591			
止	8217			
正	10307			
此	8591			
武	9042			
歧	0			
歨	0			
歩	8107			
歪	0			
歫	0			
歬	0			
歭	0			
歮	0			
歯	0			
歰	0			
歱	0			
歲	0			
歳	0			
歴	0			
歵	0			
歶	0			
歷	0			
歸	8580			
歹	9251			
死	8998			
歼	0			
歾	0			
歿	0			
殀	8195			
殁	9482			
殂	8657			
殃	9405			
殄	0			
殅	9911			
殆	0			
殈	9691			
殉	9317			
殊	9438			
残	9438			
殍	0			
殎	0			
殏	0			
殐	0			
殑	9482			
殒	8646			
殓	0			
殔	0			
殕	8591			
殖	0			
殗	0			
殘	0			
殙	8459			
殚	8954			
殛	0			
殜	0			
殝	0			
殞	0			
殟	0			
殠	8591			
殡	0			
殢	0			
殣	0			
殤	0			
殥	0			
殦	0			
殧	0			
殨	0			
殩	8041			
殪	0			
殫	0			
殬	0			
殭	0			
殮	0			
殯	0			
殰	0			
殱	0			
殲	10175			
殳	8767			
段	8943			
殷	0			
殸	0			
殹	0			
殺	0			
殻	0			
殼	0			
殽	0			
殾	8822			
殿	10505			
毁	0			
毄	8041			
毅	0			
毆	0			
毇	0			
毈	0			
毉	0			
毊	8591			
毋	0			
毌	8866			
母	0			
毎	8272			
每	0			
毐	0			
毑	8668			
毒	8041			
毓	14146			
比	0			
毘	7887			
毙	8778			
毛	0			
毜	0			
毝	0			
毞	0			
毟	0			
毠	8657			
毡	0			
毢	0			
毣	0			
毤	0			
毥	0			
毦	0			
毧	0			
毨	0			
毩	10351			
毪	8954			
毬	27709			
毰	8492			
氐	9185			
民	8932			
氒	8646			
气	10274			
氕	24299			
気	10230			
氣	8998			
氧	8514			
氨	11627			
氩	8492			
氯	9614			
氰	10967			
氱	14575			
氵	8811			
氶	9482			
氹	9119			
氾	8250			
汁	9658			
求	9427			
汃	10087			
汇	8745			
汊	9097			
汋	8646			
汑	9185			
汕	8756			
汖	0			
汘	0			
汙	0			
汚	9691			
汛	8734			
汜	8382			
汝	8789			
汞	8580			
江	9922			
池	0			
汢	0			
汣	9339			
汤	0			
汥	0			
汦	0			
汧	8140			
汨	8723			
汩	8448			
汪	0			
汫	0			
汬	0			
汭	0			
汮	0			
汯	8426			
汰	0			
汱	8954			
汲	0			
汳	8459			
汴	0			
汵	8338			
汶	0			
汷	0			
汸	9438			
汹	0			
決	0			
汻	0			
汼	8646			
汽	9273			
汾	0			
沀	9779			
沁	8646			
沂	7997			
沃	0			
沄	9405			
沅	8613			
沆	0			
沇	9515			
沈	9152			
沉	0			
沊	0			
沋	8899			
沌	0			
沍	0			
沎	8778			
沏	8261			
沐	0			
沑	0			
沒	10153			
沓	0			
沕	0			
沖	12991			
沗	0			
沘	8965			
沙	0			
沚	8371			
沛	0			
沜	0			
沝	0			
沞	8239			
沟	0			
沠	8272			
没	0			
沢	8932			
沣	8019			
沤	8327			
沥	9317			
沦	9020			
沧	8789			
沩	8745			
沪	8195			
沫	0			
沬	9108			
沭	9031			
沮	0			
沰	8525			
沱	8206			
沲	8833			
河	0			
沵	0			
沶	0			
沷	10076			
沸	0			
沺	8074			
治	8756			
沼	8327			
沽	8657			
沾	9163			
沿	0			
泀	0			
況	0			
泂	0			
泃	8602			
泄	9658			
泅	0			
泆	0			
泇	0			
泈	10153			
泉	7942			
泊	0			
泋	8140			
泌	0			
泍	0			
泎	0			
泏	7942			
泐	0			
泑	0			
泒	9416			
泓	8514			
泔	9064			
法	8778			
泖	8734			
泗	0			
泘	0			
泙	0			
泚	9009			
泛	0			
泜	0			
泝	8899			
泞	0			
泟	9306			
泠	8668			
泡	8129			
波	8646			
泣	0			
泤	8899			
泥	0			
泦	0			
泧	8327			
注	0			
泩	10263			
泪	0			
泬	0			
泭	8580			
泮	9185			
泯	8426			
泰	8657			
泱	0			
泲	9141			
泳	0			
泴	12441			
泵	8932			
泸	0			
泹	7821			
泺	8602			
泻	8580			
泼	8569			
泽	8789			
泾	0			
泿	0			
洀	8525			
洁	0			
洃	9119			
洄	0			
洆	8943			
洇	0			
洉	0			
洊	8998			
洋	7986			
洌	8415			
洎	0			
洐	0			
洑	9306			
洒	0			
洓	0			
洔	0			
洕	0			
洖	9460			
洗	0			
洘	11649			
洙	0			
洜	0			
洝	8217			
洞	0			
洟	0			
洠	0			
洡	0			
洢	0			
洣	0			
洤	9218			
津	8789			
洧	0			
洩	11187			
洪	0			
洭	8844			
洮	0			
洰	10087			
洱	8085			
洳	10208			
洵	0			
洷	0			
洸	9724			
洹	9625			
活	9064			
洽	8426			
派	0			
洿	0			
浀	8976			
流	8943			
浃	9614			
浅	8580			
浆	8668			
浇	8657			
浈	8668			
浊	8646			
测	12353			
浍	13409			
浑	10208			
浔	0			
浖	0			
浗	0			
浘	7942			
浙	9119			
浚	0			
浛	8338			
浜	8668			
浞	13915			
浠	13013			
浧	9196			
浯	9174			
浵	9053			
浸	8910			
浾	8228			
涃	9317			
涆	8602			
涉	9141			
涊	9889			
涍	16896			
涏	8514			
涖	11671			
涜	9405			
涠	9174			
涢	10208			
涤	8800			
涧	8877			
涨	8602			
涩	9009			
涪	8646			
涫	9515			
涬	8646			
涯	7964			
涰	9273			
涳	10252			
涶	10538			
淀	9097			
淅	9713			
淆	9042			
淇	11297			
淋	0			
淍	0			
淎	0			
淏	0			
淐	9317			
淑	0			
淒	0			
淓	0			
淔	0			
淕	8404			
淖	0			
淗	8844			
淘	9603			
淙	0			
淚	0			
淛	0			
淜	9009			
淝	9317			
淞	0			
淟	8305			
淠	8261			
淡	0			
淢	0			
淣	8250			
淤	0			
淥	8316			
淦	0			
淧	0			
淨	0			
淩	0			
淪	9251			
淫	8888			
淬	9295			
淮	0			
淯	0			
淰	9174			
深	0			
淲	9988			
淳	0			
淴	0			
淵	0			
淶	9042			
混	8800			
淹	0			
淺	9097			
添	8734			
淼	0			
淾	0			
淿	12991			
渀	0			
渁	0			
渂	0			
渃	0			
渄	9317			
清	0			
渆	0			
渇	0			
済	0			
渉	9119			
渊	0			
渋	8327			
渌	8228			
渍	8668			
渎	0			
渏	8547			
渐	9174			
渑	0			
渒	0			
渓	8646			
渔	0			
渕	9515			
渖	8998			
渗	0			
渘	0			
渙	8932			
渚	0			
渜	8646			
渝	0			
渞	0			
渟	8932			
渠	8063			
渡	8448			
渣	8492			
渤	7997			
渥	0			
渦	0			
渧	0			
渨	8514			
温	0			
渪	8602			
渫	0			
測	8184			
渭	0			
渮	8789			
港	0			
渱	9482			
渲	0			
渳	8756			
渴	0			
渶	0			
渷	9075			
游	0			
渹	8734			
渺	0			
渻	0			
渼	0			
渽	0			
渾	0			
渿	0			
湀	0			
湁	0			
湂	8426			
湃	8525			
湄	0			
湅	0			
湆	0			
湇	0			
湈	0			
湉	0			
湊	0			
湋	0			
湌	8998			
湍	9174			
湎	0			
湏	0			
湐	0			
湑	0			
湒	8965			
湓	8998			
湔	0			
湕	9350			
湖	0			
湗	8800			
湘	0			
湙	0			
湚	8470			
湛	0			
湜	0			
湝	0			
湞	9493			
湟	0			
湠	0			
湡	0			
湢	0			
湣	0			
湤	0			
湥	0			
湦	0			
湧	0			
湨	0			
湩	0			
湪	9317			
湫	0			
湬	0			
湭	8800			
湮	0			
湯	0			
湰	0			
湱	0			
湲	0			
湳	0			
湴	0			
湵	0			
湶	0			
湷	0			
湸	0			
湹	0			
湺	0			
湻	0			
湼	0			
湽	8657			
湾	8481			
湿	0			
満	0			
溁	0			
溂	8855			
溃	0			
溄	8800			
溅	8987			
溆	0			
溇	0			
溈	8052			
溉	0			
溋	9636			
溌	9405			
源	8360			
溑	10494			
溙	8041			
溠	8987			
溣	8327			
溦	9097			
溨	8987			
溫	10175			
溰	9108			
溲	8811			
溳	8877			
溵	9042			
溷	8349			
溸	8624			
溻	8085			
溼	11132			
溾	10670			
滃	9009			
滌	9174			
滐	8745			
滒	8514			
滔	9009			
滕	7887			
滖	10505			
滘	8613			
滟	8602			
滠	8877			
满	8811			
滢	8492			
滣	10384			
滥	10076			
滧	0			
滪	0			
滰	0			
滱	0			
滲	0			
滳	8129			
滴	0			
滶	0			
滷	0			
滸	8954			
滹	0			
滺	0			
滻	0			
滼	0			
滽	0			
滾	0			
滿	0			
漀	0			
漁	9075			
漂	0			
漃	0			
漄	0			
漅	8778			
漆	0			
漇	0			
漈	8327			
漉	0			
漊	0			
漋	0			
漌	0			
漍	0			
漎	8261			
漏	0			
漐	0			
漑	0			
漒	10076			
漓	9339			
漕	0			
漖	0			
漗	0			
漘	12991			
漙	0			
漚	0			
漛	0			
漜	0			
漝	0			
漞	0			
漟	8195			
漠	0			
漡	0			
漢	0			
漣	8855			
漤	0			
漥	0			
漦	0			
漧	0			
漨	9867			
漩	8250			
漪	8338			
漫	0			
漬	8932			
漭	0			
漮	7821			
漯	0			
漰	9108			
漱	0			
漲	8514			
漳	0			
漴	0			
漵	9174			
漶	0			
漷	0			
漸	0			
漹	0			
漺	0			
漻	0			
漼	0			
漽	8481			
漾	0			
漿	0			
潀	0			
潁	0			
潂	0			
潃	0			
潄	0			
潅	8811			
潆	9317			
潇	0			
潈	0			
潉	0			
潊	8646			
潋	0			
潌	8789			
潍	0			
潎	0			
潏	0			
潐	0			
潑	0			
潒	0			
潓	0			
潔	0			
潕	0			
潖	0			
潗	8734			
潘	0			
潙	0			
潚	0			
潛	9614			
潜	0			
潝	8327			
潞	0			
潟	0			
潠	0			
潡	9493			
潢	0			
潣	0			
潤	0			
潥	8976			
潦	0			
潨	0			
潩	0			
潪	0			
潫	0			
潬	8954			
潭	9031			
潮	0			
潯	0			
潰	0			
潱	8866			
潲	0			
潳	8536			
潴	0			
潵	0			
潶	0			
潷	9383			
潸	0			
潹	9372			
潺	0			
潻	9031			
潼	0			
潽	0			
潾	0			
潿	0			
澀	0			
澁	0			
澂	0			
澃	9009			
澄	0			
澆	0			
澇	8404			
澈	8899			
澉	0			
澊	0			
澋	8910			
澌	9108			
澍	8965			
澎	0			
澏	0			
澐	0			
澑	0			
澒	0			
澓	0			
澔	0			
澕	0			
澖	0			
澗	0			
澘	0			
澙	0			
澚	8855			
澛	8910			
澝	16478			
澢	12639			
濁	13948			
濒	0			
濦	0			
濧	0			
濨	0			
濩	0			
濪	0			
濫	0			
濬	0			
濭	10065			
濮	0			
濱	0			
濲	0			
濳	0			
濴	0			
濵	0			
濶	0			
濷	0			
濸	0			
濹	0			
濺	0			
濻	0			
濼	0			
濽	0			
濾	0			
濿	0			
瀀	0			
瀁	0			
瀂	0			
瀃	0			
瀄	0			
瀅	0			
瀆	0			
瀇	12991			
瀈	0			
瀉	0			
瀊	0			
瀋	0			
瀌	0			
瀍	0			
瀎	0			
瀏	0			
瀐	8481			
瀑	0			
瀒	0			
瀓	0			
瀔	0			
瀕	0			
瀖	0			
瀗	0			
瀘	0			
瀙	10758			
瀚	0			
瀝	0			
瀞	0			
瀟	0			
瀠	0			
瀡	0			
瀢	8602			
瀣	0			
瀥	0			
瀦	0			
瀧	0			
瀨	0			
瀩	0			
瀪	0			
瀫	0			
瀬	0			
瀭	0			
瀮	0			
瀯	0			
瀰	0			
瀱	0			
瀲	0			
瀳	0			
瀴	8756			
瀵	0			
瀷	0			
瀸	8063			
瀹	0			
瀻	0			
瀼	0			
瀽	0			
瀾	0			
瀿	0			
灀	0			
灁	0			
灂	0			
灃	0			
灄	0			
灅	0			
灆	0			
灇	0			
灈	0			
灉	0			
灊	0			
灋	8646			
灌	0			
灎	8624			
灏	0			
灑	0			
灒	0			
灓	0			
灔	0			
灕	0			
灖	0			
灗	0			
灘	0			
灙	0			
灚	0			
灛	0			
灜	0			
灝	7876			
灞	0			
灠	0			
灡	0			
灢	0			
灣	0			
灤	0			
灥	0			
灦	0			
灧	0			
灨	0			
灩	0			
灪	16665			
火	8140			
灭	0			
灮	10087			
灯	0			
灲	0			
灳	0			
灴	10472			
灵	0			
灷	9317			
灸	8668			
灺	8404			
災	13607			
灿	8932			
炆	8987			
炊	9163			
炋	9031			
炏	8833			
炓	8877			
炕	8899			
炖	8074			
炗	10373			
炚	9482			
炞	10032			
炬	8668			
炮	9273			
炯	8866			
炰	8987			
炲	8327			
炴	8261			
炸	10923			
点	8646			
炼	10483			
炽	8789			
烁	10648			
烂	9757			
烄	10461			
烋	8932			
烛	0			
烜	0			
烝	0			
烞	8800			
烟	0			
烠	0			
烡	0			
烢	0			
烣	9130			
烤	0			
烥	9614			
烦	9053			
烧	7964			
烨	8646			
烩	9196			
烫	9966			
烬	0			
烮	9097			
烯	0			
烰	0			
烱	0			
烲	0			
烳	0			
烴	0			
烵	0			
烶	9020			
烷	0			
烸	8668			
烹	0			
烺	0			
烻	0			
烼	8932			
烽	0			
烿	0			
焀	0			
焁	0			
焂	0			
焃	0			
焄	0			
焅	0			
焆	0			
焇	0			
焈	9163			
焉	8756			
焊	12991			
焋	0			
焌	0			
焍	0			
焎	0			
焏	8074			
焐	0			
焑	0			
焒	9273			
焓	0			
焔	9174			
焕	8272			
焖	0			
焗	8514			
焘	7887			
焙	9273			
焚	0			
焜	0			
焝	0			
焞	0			
焟	0			
焠	0			
無	0			
焢	0			
焣	0			
焤	0			
焥	8668			
焦	0			
焧	0			
焨	0			
焩	0			
焪	0			
焫	0			
焬	0			
焭	0			
焮	8712			
焯	8613			
焰	8613			
焱	0			
焲	0			
焳	0			
焴	0			
焵	9064			
然	0			
焷	0			
焸	0			
焹	0			
焺	0			
焻	0			
焼	0			
焽	0			
焾	0			
焿	0			
煀	0			
煁	0			
煂	0			
煃	0			
煄	8767			
煅	0			
煆	0			
煇	0			
煈	0			
煉	9614			
煊	0			
煋	9493			
煌	8998			
煎	0			
煐	0			
煑	0			
煒	0			
煓	0			
煔	0			
煕	0			
煖	0			
煗	0			
煘	0			
煙	0			
煚	0			
煛	8041			
煜	0			
煝	8525			
煞	0			
煟	0			
煠	0			
煡	0			
煢	0			
煣	8525			
煤	0			
煥	8987			
煦	8206			
照	8393			
煨	0			
煩	0			
煪	0			
煫	0			
煬	0			
煭	8932			
煮	0			
煯	0			
煰	0			
煱	8217			
煲	9350			
煳	0			
煴	0			
煵	0			
煶	0			
煷	8635			
煸	0			
煹	8569			
煺	0			
煻	0			
煼	9383			
煽	0			
煾	0			
煿	0			
熀	0			
熁	0			
熂	0			
熃	9097			
熄	0			
熅	0			
熆	0			
熇	0			
熈	9779			
熉	9867			
熋	8877			
熐	8668			
熕	9097			
熙	9713			
熚	8041			
熠	8877			
熡	8415			
熩	8338			
熭	9031			
熴	9097			
熶	9064			
熺	8976			
燄	9614			
燔	8613			
燕	0			
燖	0			
燗	0			
燘	0			
燙	0			
燚	0			
燛	0			
燜	0			
燝	0			
燞	0			
營	8041			
燠	0			
燡	0			
燢	0			
燣	0			
燤	8360			
燥	0			
燦	8866			
燧	0			
燨	0			
燩	0			
燪	0			
燫	0			
燬	0			
燭	8602			
燮	0			
燯	0			
燰	0			
燱	0			
燲	0			
燳	0			
燴	0			
燵	0			
燶	0			
燷	0			
燸	9889			
燹	0			
燺	12991			
燻	0			
燼	0			
燽	0			
燾	0			
燿	0			
爀	0			
爁	0			
爂	0			
爃	0			
爄	0			
爅	8008			
爆	0			
爇	0			
爈	0			
爉	0			
爊	0			
爋	0			
爌	0			
爍	0			
爎	0			
爏	0			
爐	0			
爑	0			
爒	0			
爓	0			
爔	0			
爕	0			
爖	0			
爗	0			
爘	0			
爙	0			
爚	0			
爛	0			
爜	8184			
爝	0			
爞	0			
爟	0			
爠	0			
爡	0			
爢	0			
爣	0			
爤	0			
爥	0			
爦	0			
爧	9284			
爨	0			
爩	8756			
爪	0			
爫	8899			
爬	0			
爭	0			
爮	0			
爯	9801			
爰	0			
爲	0			
爳	0			
爴	9548			
爵	8393			
爷	9592			
爸	9075			
爻	0			
爼	10098			
爽	0			
爾	9031			
爿	0			
牀	0			
牁	0			
牂	0			
牃	0			
牄	0			
牅	0			
牆	9020			
片	8789			
版	0			
牊	0			
牋	8921			
牌	8668			
牍	0			
牏	0			
牐	0			
牑	8734			
牒	0			
牔	0			
牕	8789			
牖	0			
牘	8646			
牙	0			
牚	8822			
牛	0			
牜	8987			
牝	0			
牞	8745			
牟	0			
牠	8866			
牡	8844			
牢	0			
牤	0			
牥	8778			
牦	8261			
牧	0			
牨	8074			
物	0			
牪	0			
牫	0			
牬	0			
牭	8800			
牮	8723			
牯	0			
牰	0			
牱	9031			
牲	0			
牳	0			
牴	9273			
牵	0			
牶	0			
牷	0			
牸	8052			
特	9097			
牺	0			
牻	0			
牼	0			
牽	8591			
牾	8118			
牿	9097			
犀	8932			
犁	0			
犃	8591			
犄	8668			
犅	8481			
犋	8998			
犌	9196			
犎	8635			
犐	8404			
犓	10153			
犠	14575			
犭	9009			
犮	9658			
犰	8294			
犱	8778			
犵	9229			
犷	8745			
犸	8778			
犹	9482			
犺	11286			
狂	9097			
狄	9163			
狉	9427			
狎	10208			
狏	8602			
狓	8668			
狘	0			
狜	0			
狝	9449			
狞	0			
狟	11121			
狠	0			
狣	0			
狤	0			
狥	0			
狦	0			
狧	8877			
狨	8921			
狩	0			
狪	0			
狫	8668			
独	9427			
狭	8481			
狮	8987			
狯	8657			
狰	8041			
狱	9878			
狲	8646			
狳	7887			
狴	0			
狵	0			
狶	9240			
狷	8932			
狸	9251			
狺	11319			
狻	0			
狾	0			
狿	0			
猀	8327			
猁	0			
猂	9889			
猃	0			
猄	0			
猅	0			
猆	0			
猇	0			
猈	0			
猉	8899			
猊	0			
猌	0			
猍	7986			
猎	0			
猐	0			
猑	0			
猒	14432			
猓	10197			
猕	8250			
猗	0			
猙	0			
猚	8789			
猛	13189			
猜	0			
猠	10043			
猡	0			
猤	8789			
猥	0			
猧	0			
猨	9152			
猩	8536			
猪	8393			
猫	8184			
猬	9306			
献	0			
猯	0			
猰	8987			
猱	0			
猳	9229			
猴	0			
猶	9075			
猷	10307			
猸	0			
猻	0			
猼	0			
猽	9174			
猾	9405			
猿	0			
獀	0			
獁	0			
獂	0			
獃	0			
獄	0			
獅	0			
獆	0			
獇	0			
獈	0			
獉	0			
獊	0			
獋	0			
獌	8602			
獍	0			
獏	8514			
獐	8415			
獒	0			
獓	0			
獔	0			
獕	0			
獖	8184			
獗	0			
獙	0			
獚	0			
獛	0			
獜	0			
獝	0			
獞	0			
獟	8976			
獠	0			
獢	0			
獣	0			
獤	0			
獥	0			
獦	0			
獧	0			
獨	0			
獩	0			
獪	0			
獫	10747			
獬	0			
獮	9867			
獯	0			
獱	0			
獲	0			
獳	0			
獴	0			
獵	0			
獶	0			
獷	0			
獸	0			
獹	0			
獺	0			
獻	0			
獼	0			
獽	9361			
獾	0			
玀	0			
玁	0			
玂	0			
玃	9867			
玄	0			
玅	0			
玆	8866			
率	0			
玈	8041			
玉	0			
玊	8789			
王	0			
玌	0			
玍	8679			
玎	0			
玏	0			
玐	8591			
玑	0			
玒	0			
玓	0			
玔	0			
玕	9317			
玖	0			
玗	0			
玘	0			
玙	12991			
玚	8745			
玛	0			
玜	0			
玝	0			
玞	9185			
玟	0			
玠	0			
玡	8932			
玢	0			
玣	0			
玤	0			
玥	0			
玦	0			
玧	0			
玨	9020			
玩	0			
玪	8525			
玫	0			
玬	0			
玭	8789			
玮	9724			
环	8965			
现	0			
玱	10131			
玲	0			
玴	0			
玵	0			
玶	8822			
玷	0			
玸	0			
玹	9460			
玺	8129			
玻	0			
玼	0			
玽	0			
玾	0			
玿	8426			
珀	0			
珁	8492			
珂	0			
珃	0			
珄	0			
珅	0			
珆	0			
珇	8943			
珈	9185			
珉	9383			
珊	0			
珋	0			
珌	8657			
珍	0			
珎	8184			
珏	8547			
珐	8998			
珑	0			
珒	0			
珓	0			
珔	0			
珕	0			
珖	0			
珗	0			
珘	8789			
珙	0			
珚	0			
珛	0			
珜	0			
珝	7821			
珞	0			
珟	8536			
珠	0			
珡	0			
珢	0			
珣	0			
珤	8272			
珥	0			
珦	9075			
珧	0			
珨	9130			
珩	0			
珪	0			
珫	0			
珬	8404			
班	0			
珯	0			
珰	0			
珱	8811			
珲	0			
珳	0			
珴	0			
珵	0			
珶	0			
珷	0			
珸	0			
珹	0			
珺	0			
珻	0			
珼	0			
珽	0			
現	0			
珿	0			
琀	0			
琁	0			
琂	9658			
球	0			
琄	10538			
琅	0			
琈	10087			
琉	0			
琋	0			
琌	0			
琍	0			
琎	9075			
琏	9262			
琐	0			
琑	0			
琒	0			
琓	0			
琔	0			
琕	0			
琖	0			
琗	0			
琘	0			
琙	10582			
琚	0			
琝	0			
琞	0			
琟	0			
琠	12991			
琡	8668			
琢	0			
琣	0			
琤	9350			
琥	9042			
琦	0			
琧	9427			
琨	0			
琩	9042			
琪	0			
琫	9020			
琬	0			
琭	9603			
琮	0			
琯	9163			
琰	0			
琱	0			
琲	11264			
琳	8745			
琵	8261			
琶	0			
琷	0			
琸	0			
琹	0			
琺	0			
琻	9757			
琼	0			
琽	0			
琾	0			
琿	0			
瑀	8195			
瑁	0			
瑃	0			
瑄	0			
瑅	0			
瑆	0			
瑇	0			
瑈	0			
瑉	0			
瑊	0			
瑋	0			
瑌	0			
瑍	0			
瑎	0			
瑏	0			
瑐	0			
瑑	0			
瑒	0			
瑓	0			
瑔	9427			
瑕	8976			
瑗	12100			
瑙	8646			
瑜	8899			
瑞	8602			
瑟	0			
瑠	0			
瑡	0			
瑢	0			
瑣	0			
瑤	0			
瑥	0			
瑦	0			
瑧	0			
瑨	0			
瑩	0			
瑪	0			
瑫	0			
瑬	9636			
瑭	0			
瑯	8547			
瑰	0			
瑲	0			
瑳	0			
瑴	0			
瑵	9075			
瑶	7832			
瑷	0			
瑹	0			
瑺	0			
瑻	0			
瑼	0			
瑽	9526			
瑾	11429			
璀	8932			
璃	0			
璄	0			
璅	0			
璆	9867			
璇	0			
璉	0			
璊	8514			
璋	0			
璍	8514			
璎	8327			
璐	0			
璒	0			
璓	0			
璔	0			
璕	0			
璖	0			
璗	0			
璘	0			
璙	0			
璚	0			
璛	9493			
璜	8987			
璞	0			
璠	0			
璡	0			
璢	0			
璣	0			
璤	12991			
璥	0			
璦	13035			
璧	0			
璫	0			
璬	0			
璭	0			
璮	0			
璯	0			
環	0			
璱	0			
璲	0			
璳	0			
璴	0			
璵	0			
璶	0			
璷	0			
璸	0			
璹	8855			
璺	0			
璼	0			
璽	0			
璾	0			
璿	0			
瓀	0			
瓁	0			
瓂	0			
瓃	0			
瓄	0			
瓅	0			
瓆	0			
瓇	0			
瓈	0			
瓉	0			
瓊	0			
瓋	0			
瓌	0			
瓍	0			
瓎	0			
瓏	0			
瓐	0			
瓑	8624			
瓒	0			
瓔	0			
瓕	0			
瓖	0			
瓗	0			
瓘	0			
瓙	0			
瓚	0			
瓛	8745			
瓜	8734			
瓞	8745			
瓠	9438			
瓢	10120			
瓣	0			
瓥	8646			
瓦	0			
瓧	0			
瓨	0			
瓩	0			
瓪	0			
瓫	0			
瓬	0			
瓭	8338			
瓮	8019			
瓯	0			
瓱	0			
瓲	0			
瓳	9306			
瓴	9394			
瓶	9196			
瓷	0			
瓹	0			
瓺	0			
瓻	0			
瓼	0			
瓽	0			
瓾	7755			
瓿	0			
甁	0			
甂	0			
甃	8657			
甄	0			
甅	0			
甆	0			
甇	0			
甈	0			
甉	0			
甊	0			
甋	0			
甌	8789			
甍	0			
甎	8151			
甏	8624			
甑	8305			
甓	0			
甕	0			
甖	0			
甗	9911			
甘	8679			
甚	0			
甛	9405			
甜	0			
甝	0			
甞	9031			
生	0			
甠	12991			
甡	0			
產	0			
産	0			
甤	9031			
甥	0			
甦	0			
甧	8624			
用	9251			
甩	0			
甪	9009			
甫	11066			
甬	11352			
甯	8778			
由	10615			
甲	0			
甴	8822			
电	9086			
男	8822			
甸	10582			
町	0			
甼	0			
甽	8404			
甾	0			
甿	7887			
畀	0			
畂	0			
畃	0			
畄	8811			
畅	0			
畆	0			
畇	9009			
畈	0			
畊	10626			
畋	11198			
畎	0			
畐	0			
畑	0			
畒	0			
畓	8382			
畔	0			
畕	0			
畖	0			
畗	0			
畘	10791			
留	10923			
畛	0			
畝	0			
畞	0			
畟	0			
畠	0			
畡	0			
畢	0			
畣	0			
畤	8261			
略	9042			
畦	0			
畧	0			
畨	0			
畩	9218			
番	0			
畫	0			
畬	0			
畭	0			
畮	0			
畯	0			
異	0			
畱	8767			
畲	9086			
畴	0			
當	0			
畷	10131			
畸	0			
畻	0			
畼	0			
畽	0			
畾	8591			
畿	0			
疀	0			
疁	0			
疂	9306			
疃	0			
疅	8580			
疆	0			
疇	0			
疈	0			
疉	0			
疊	8745			
疋	0			
疌	0			
疍	0			
疎	9317			
疏	0			
疐	8646			
疑	14575			
疒	0			
疓	8679			
疔	0			
疕	8239			
疖	8976			
疗	9801			
疙	0			
疜	9185			
疝	0			
疞	8118			
疟	8327			
疠	8998			
疡	0			
疢	9075			
疣	9273			
疤	0			
疧	0			
疨	0			
疩	0			
疪	8041			
疫	8327			
疬	0			
疭	9581			
疮	10703			
疯	8668			
疱	8745			
疲	8514			
疳	8492			
疴	8899			
疵	0			
疷	8261			
疸	9020			
疹	0			
疺	0			
疻	9009			
疼	10505			
疽	0			
疿	0			
痀	0			
痁	8943			
痂	9867			
痃	8261			
痄	8437			
病	0			
痆	8470			
症	8800			
痈	8602			
痉	10153			
痊	0			
痋	0			
痌	8646			
痍	0			
痎	0			
痏	12991			
痐	0			
痑	8998			
痒	0			
痓	8074			
痔	11099			
痕	0			
痗	7997			
痘	0			
痙	0			
痚	8250			
痛	0			
痜	0			
痝	8745			
痞	0			
痟	0			
痠	0			
痡	8327			
痢	8074			
痣	9097			
痤	0			
痥	8074			
痦	8965			
痧	8844			
痨	0			
痩	9174			
痪	9889			
痫	0			
痬	0			
痭	0			
痮	0			
痯	8954			
痰	8492			
痱	0			
痲	0			
痳	8712			
痴	0			
痶	0			
痷	0			
痸	7887			
痹	0			
痻	8118			
痼	0			
痽	0			
痾	8789			
痿	8250			
瘀	8888			
瘁	8932			
瘃	0			
瘄	8459			
瘅	0			
瘆	0			
瘇	0			
瘈	0			
瘉	9229			
瘊	0			
瘋	8382			
瘌	0			
瘍	0			
瘎	0			
瘏	8646			
瘐	0			
瘑	0			
瘒	0			
瘓	0			
瘔	9372			
瘕	0			
瘖	8041			
瘗	8261			
瘘	8866			
瘙	0			
瘚	8591			
瘛	0			
瘝	0			
瘞	8514			
瘟	8954			
瘠	8404			
瘢	10747			
瘤	8921			
瘦	0			
瘧	0			
瘨	12056			
瘩	0			
瘬	8371			
瘭	0			
瘯	8074			
瘰	0			
瘲	10186			
瘳	8206			
瘵	0			
瘷	8943			
瘸	0			
瘹	0			
瘺	0			
瘻	8195			
瘼	13277			
瘾	0			
療	8998			
癃	0			
癅	0			
癆	0			
癇	0			
癈	0			
癉	0			
癊	0			
癋	8415			
癌	8404			
癍	0			
癏	0			
癐	0			
癑	0			
癒	0			
癓	8041			
癔	8745			
癖	0			
癘	0			
癙	0			
癚	0			
癛	8822			
癜	8261			
癞	0			
癠	0			
癡	0			
癢	9867			
癣	0			
癤	0			
癥	0			
癦	0			
癧	0			
癨	0			
癩	0			
癪	8998			
癫	12991			
癭	0			
癮	8932			
癯	0			
癱	0			
癲	0			
癳	0			
癴	0			
癵	0			
癶	0			
癷	8855			
癸	0			
発	8393			
登	10142			
白	0			
皀	0			
皁	8360			
皂	0			
皃	7755			
的	12969			
皆	0			
皊	8250			
皋	0			
皍	9031			
皎	0			
皐	8415			
皑	0			
皒	8624			
皓	0			
皕	9020			
皖	0			
皗	0			
皘	9097			
皙	0			
皛	0			
皜	0			
皝	0			
皞	0			
皟	0			
皠	0			
皡	0			
皢	0			
皣	8899			
皤	0			
皦	0			
皧	0			
皨	0			
皩	0			
皪	0			
皫	0			
皬	0			
皭	8745			
皮	0			
皯	0			
皰	8261			
皱	9284			
皲	0			
皳	9713			
皴	0			
皵	0			
皶	0			
皷	0			
皸	0			
皹	0			
皺	0			
皻	0			
皼	0			
皽	0			
皾	9185			
皿	0			
盀	0			
盁	8646			
盂	0			
盃	0			
盄	8657			
盅	8965			
盆	0			
盇	8811			
盈	0			
盉	8041			
益	0			
盋	0			
盌	8833			
盍	8052			
盎	9020			
盏	9163			
盐	10967			
监	9020			
盔	9328			
盖	9031			
盘	0			
盙	0			
盚	8855			
盛	0			
盜	0			
盝	0			
盞	8789			
盟	0			
盠	0			
盡	0			
盢	0			
監	0			
盤	8646			
盥	0			
盦	0			
盧	0			
盨	0			
盩	0			
盪	0			
盫	0			
盬	0			
盭	8261			
目	8679			
盯	0			
盰	9174			
盱	8932			
盲	0			
盳	8591			
直	0			
盵	0			
盶	0			
盷	8800			
相	9416			
盹	0			
盺	0			
盻	8580			
盼	12991			
盽	8899			
盾	0			
眀	9372			
省	0			
眂	0			
眃	9174			
眄	0			
眅	0			
眆	8734			
眇	8459			
眈	8525			
眉	0			
眊	8789			
看	0			
県	8789			
眍	0			
眎	0			
眏	0			
眐	0			
眑	0			
眒	0			
眓	0			
眔	0			
眕	0			
眖	0			
眗	0			
眘	8646			
眙	9372			
眚	0			
眛	0			
眜	0			
眝	0			
眞	8657			
真	9174			
眠	0			
眡	9119			
眢	0			
眣	0			
眤	0			
眥	8228			
眦	0			
眧	8811			
眨	9482			
眩	0			
眪	0			
眫	0			
眬	8998			
眭	0			
眮	8327			
眯	0			
眰	0			
眱	0			
眲	0			
眳	0			
眴	8712			
眵	14091			
眶	0			
眹	8800			
眺	0			
眻	9163			
眼	0			
眽	0			
眾	0			
眿	8514			
着	8657			
睁	0			
睂	9097			
睃	0			
睄	0			
睅	0			
睆	7942			
睇	0			
睈	0			
睉	0			
睊	0			
睋	0			
睌	0			
睍	0			
睎	0			
睏	8261			
睐	9383			
睑	0			
睒	0			
睓	0			
睔	0			
睕	0			
睖	0			
睗	0			
睘	0			
睙	8646			
睚	8789			
睛	0			
睜	0			
睝	0			
睞	0			
睟	0			
睠	8932			
睡	10483			
睢	0			
睤	9537			
睥	0			
睧	8349			
睨	0			
睩	0			
睪	10549			
睫	0			
睮	0			
睯	0			
睰	0			
睱	0			
睲	0			
睳	0			
睴	0			
睵	0			
睶	0			
睷	0			
睸	8668			
睹	0			
睻	0			
睼	10659			
睽	9944			
睿	0			
瞂	0			
瞃	8734			
瞄	9086			
瞅	0			
瞇	0			
瞈	0			
瞉	0			
瞊	0			
瞋	12947			
瞌	12991			
瞏	0			
瞐	10835			
瞑	0			
瞓	0			
瞔	0			
瞕	0			
瞖	0			
瞗	0			
瞘	0			
瞙	0			
瞚	0			
瞛	0			
瞜	0			
瞝	0			
瞞	10703			
瞟	8789			
瞢	0			
瞣	0			
瞤	8646			
瞥	0			
瞦	9482			
瞧	0			
瞨	8932			
瞩	8206			
瞪	9768			
瞬	0			
瞭	0			
瞮	0			
瞯	8789			
瞰	0			
瞲	9031			
瞳	0			
瞴	9427			
瞵	0			
瞷	0			
瞸	0			
瞹	0			
瞺	8657			
瞻	0			
瞼	8723			
瞽	8932			
瞿	0			
矀	0			
矁	0			
矂	0			
矃	0			
矄	0			
矅	0			
矆	0			
矇	0			
矈	0			
矉	0			
矊	0			
矋	0			
矌	8184			
矍	0			
矎	0			
矏	0			
矐	0			
矑	0			
矒	0			
矓	0			
矔	0			
矕	0			
矖	8932			
矗	0			
矘	0			
矙	0			
矚	8778			
矛	9218			
矜	0			
矝	0			
矞	0			
矟	0			
矠	0			
矡	8734			
矢	9130			
矣	0			
矤	8250			
知	0			
矦	9515			
矧	0			
矨	9031			
矩	10934			
矫	10032			
短	0			
矯	0			
矰	0			
矱	0			
矲	8734			
石	0			
矴	0			
矵	8591			
矶	8514			
矸	0			
矺	0			
矻	0			
矼	9097			
矽	9614			
矾	13211			
矿	8965			
砂	0			
砃	0			
砄	0			
砅	0			
砆	0			
砇	0			
砈	8866			
砉	0			
砋	8646			
砌	9240			
砍	0			
砎	0			
砏	0			
砐	9900			
砑	0			
砓	9163			
研	0			
砕	9284			
砖	10868			
砗	8613			
砚	0			
砛	11319			
砜	0			
砞	8811			
砟	0			
砠	0			
砡	12991			
砢	8525			
砣	0			
砤	8492			
砥	8206			
砦	8657			
砧	0			
砨	9009			
砩	0			
砪	0			
砫	8987			
砬	8635			
砭	0			
砯	8668			
砰	0			
砱	0			
砲	0			
砳	8426			
破	0			
砵	0			
砶	9174			
砷	8800			
砸	7832			
砹	8327			
砺	8998			
砻	9031			
砼	0			
砽	8327			
砾	9372			
础	0			
硁	0			
硂	0			
硃	0			
硄	8547			
硅	8987			
硇	0			
硈	0			
硉	0			
硊	0			
硋	7733			
硌	0			
硍	9493			
硎	0			
硏	8217			
硐	0			
硑	9097			
硒	0			
硓	0			
硔	8789			
硕	9427			
硖	9174			
硗	0			
硘	0			
硙	0			
硚	0			
硛	0			
硜	9317			
硝	0			
硞	0			
硟	0			
硠	0			
硡	0			
硢	0			
硣	0			
硤	0			
硥	0			
硦	0			
硧	0			
硨	0			
硩	7997			
硪	9823			
硫	8932			
硭	8833			
确	0			
硯	0			
硰	0			
硱	0			
硲	0			
硳	0			
硴	0			
硵	0			
硶	9383			
硷	0			
硹	0			
硺	0			
硻	8965			
硼	0			
硽	0			
硾	0			
硿	0			
碀	0			
碁	0			
碂	0			
碃	0			
碄	0			
碅	0			
碆	8492			
碇	0			
碈	8734			
碉	0			
碋	8327			
碌	7832			
碍	8866			
碎	0			
碏	0			
碐	8074			
碑	0			
碒	8503			
碓	0			
碔	0			
碕	0			
碖	9020			
碗	9339			
碘	7887			
碚	8646			
碛	9152			
碜	0			
碝	0			
碞	8734			
碟	8811			
碡	0			
碢	8525			
碣	0			
碤	8976			
碥	0			
碦	7887			
碧	0			
碩	0			
碪	0			
碫	0			
碬	0			
碭	0			
碮	0			
碯	8525			
碰	10307			
碱	8503			
碳	9185			
碴	0			
碶	0			
碷	0			
碸	9482			
碹	0			
確	12991			
碻	0			
碼	0			
碽	9262			
碾	0			
碿	0			
磀	9196			
磁	0			
磃	0			
磄	8162			
磅	0			
磇	0			
磈	9372			
磉	10472			
磊	0			
磍	0			
磎	0			
磏	9031			
磐	0			
磑	0			
磒	0			
磓	8415			
磔	8492			
磕	0			
磗	0			
磘	9295			
磙	0			
磚	0			
磛	0			
磜	0			
磝	0			
磞	0			
磟	0			
磠	0			
磡	0			
磢	0			
磣	0			
磤	0			
磥	0			
磦	0			
磧	8745			
磨	0			
磩	0			
磪	0			
磫	9174			
磬	0			
磭	0			
磮	0			
磯	0			
磰	0			
磱	8932			
磲	0			
磳	8206			
磴	0			
磵	0			
磶	9427			
磷	0			
磹	9493			
磺	0			
磼	0			
磽	0			
磾	0			
磿	0			
礀	8668			
礁	0			
礂	0			
礃	0			
礄	9075			
礅	0			
礆	0			
礇	0			
礈	0			
礉	0			
礊	0			
礋	0			
礌	0			
礍	0			
礎	0			
礏	0			
礐	0			
礑	0			
礒	8580			
礓	0			
礔	0			
礕	0			
礖	0			
礗	0			
礘	0			
礙	0			
礚	0			
礛	0			
礜	0			
礝	8789			
礞	0			
礟	0			
礠	0			
礡	0			
礢	0			
礣	9251			
礤	0			
礥	0			
礦	0			
礧	0			
礨	0			
礩	0			
礪	0			
礫	0			
礬	0			
礭	0			
礮	0			
礯	12991			
礰	0			
礱	0			
礲	0			
礳	8492			
礴	0			
礵	0			
礶	0			
礷	0			
礸	0			
礹	8349			
示	14575			
礻	8932			
礼	8602			
社	0			
礿	8734			
祀	9042			
祁	0			
祂	0			
祃	0			
祄	0			
祅	9504			
祆	0			
祇	9042			
祈	8591			
祉	0			
祊	0			
祋	0			
祌	0			
祍	0			
祎	0			
祏	0			
祐	0			
祑	0			
祒	9009			
祓	0			
祔	0			
祕	9086			
祖	8250			
祗	0			
祘	0			
祙	8382			
祚	8701			
祛	8745			
祜	8327			
祝	9515			
神	8866			
祟	9196			
祠	0			
祡	8690			
祢	0			
祣	0			
祤	9130			
祥	0			
祦	8976			
祧	8888			
票	0			
祩	0			
祪	0			
祫	0			
祬	8415			
祭	0			
祮	8657			
祯	0			
祰	0			
祱	0			
祲	0			
祳	0			
祴	0			
祵	0			
祶	8492			
祷	8349			
祸	9042			
祺	0			
祻	0			
祼	0			
祽	0			
祾	0			
祿	8987			
禀	9053			
禁	0			
禃	8327			
禄	9372			
禅	0			
禆	0			
禇	0			
禈	0			
禉	8921			
禊	0			
禋	0			
禌	0			
禍	0			
禎	9009			
福	0			
禐	0			
禑	0			
禒	0			
禓	0			
禔	0			
禕	0			
禖	0			
禗	0			
禘	0			
禙	8668			
禚	0			
禛	0			
禜	0			
禝	0			
禞	0			
禟	0			
禠	0			
禡	0			
禢	0			
禣	0			
禤	0			
禥	0			
禦	9460			
禧	0			
禨	0			
禩	0			
禪	0			
禫	0			
禬	0			
禭	0			
禮	0			
禯	0			
禰	0			
禱	0			
禲	8591			
禳	0			
禴	0			
禵	12991			
禶	0			
禷	0			
禸	8646			
禹	8646			
禺	8932			
离	10175			
禽	8833			
禾	8811			
秀	8910			
私	0			
秂	8569			
秃	0			
秄	0			
秅	8899			
秆	0			
秈	8987			
秉	9317			
秋	0			
秌	8481			
种	0			
秎	0			
秏	0			
秐	10010			
科	0			
秓	0			
秔	8437			
秕	0			
秖	0			
秗	8140			
秘	0			
秙	0			
秚	0			
秛	0			
秜	0			
秝	0			
秞	8690			
租	0			
秠	0			
秡	0			
秢	8195			
秣	8569			
秤	10175			
秦	8657			
秧	0			
秨	8074			
秩	0			
秪	9713			
秫	0			
秬	8745			
秭	0			
秮	10307			
积	0			
秲	0			
秳	0			
秴	0			
秵	0			
秶	0			
秷	8239			
秸	0			
秺	8646			
移	0			
秼	8646			
秽	0			
秿	9097			
稀	0			
稁	8998			
稂	8668			
稃	0			
稄	0			
稅	9042			
稆	0			
稇	0			
稈	0			
稉	0			
稊	9009			
程	8756			
稍	8932			
税	0			
稏	0			
稐	0			
稑	0			
稒	0			
稓	8734			
稔	0			
稕	0			
稖	7942			
稗	0			
稙	8074			
稚	0			
稛	0			
稜	0			
稝	8492			
稞	0			
稟	9086			
稠	0			
稢	9196			
稣	0			
稤	0			
稥	0			
稦	0			
稧	0			
稨	0			
稩	0			
稪	0			
稫	0			
稬	0			
稭	0			
種	0			
稯	0			
稰	0			
稱	0			
稲	8855			
稳	0			
稴	0			
稵	0			
稶	8415			
稷	9020			
稹	7942			
稻	10230			
稼	8635			
稿	0			
穁	0			
穂	0			
穃	0			
穄	0			
穅	8261			
穆	0			
穇	12991			
穈	0			
穉	0			
穊	0			
穋	0			
穌	0			
積	0			
穎	0			
穏	0			
穐	8602			
穑	0			
穓	0			
穔	0			
穕	0			
穖	8866			
穗	0			
穘	0			
穙	0			
穚	0			
穛	0			
穜	0			
穝	0			
穞	0			
穟	0			
穠	0			
穡	0			
穢	0			
穣	0			
穤	0			
穥	0			
穦	0			
穧	0			
穨	0			
穩	0			
穪	0			
穫	0			
穬	0			
穭	0			
穮	0			
穯	8591			
穰	0			
穲	0			
穳	8877			
穴	0			
穵	9064			
究	9757			
穷	14586			
穸	0			
穼	0			
穽	0			
穾	9361			
穿	11396			
窀	0			
窂	8888			
窃	8756			
窄	0			
窅	8976			
窆	9075			
窈	0			
窊	0			
窋	0			
窌	9009			
窍	0			
窎	0			
窏	0			
窐	9075			
窑	8074			
窒	0			
窓	0			
窔	13332			
窕	9273			
窘	0			
窙	0			
窚	0			
窛	10780			
窜	0			
窞	10725			
窟	0			
窢	0			
窣	0			
窤	10241			
窥	9867			
窨	0			
窪	0			
窫	9702			
窬	0			
窮	0			
窯	0			
窰	0			
窱	0			
窲	8646			
窳	0			
窴	0			
窵	0			
窶	0			
窷	0			
窸	0			
窹	0			
窺	0			
窻	0			
窼	0			
窽	0			
窾	8998			
窿	0			
竀	0			
竁	0			
竂	0			
竃	0			
竄	0			
竅	0			
竆	0			
竇	0			
竈	0			
竉	12991			
竊	8327			
立	0			
竌	0			
竍	0			
竎	0			
竏	0			
竐	0			
竑	0			
竒	0			
竓	0			
竔	0			
竕	9108			
竖	0			
竗	0			
竘	8470			
站	0			
竚	0			
竛	0			
竜	0			
竝	8602			
竞	8349			
竟	8514			
章	0			
竡	0			
竢	9119			
竣	0			
竤	9031			
童	9658			
竦	0			
竨	0			
竩	0			
竪	0			
竫	0			
竬	8316			
竭	8932			
端	0			
竱	0			
竲	0			
竳	0			
竴	0			
竵	0			
競	0			
竷	0			
竸	8932			
竹	8932			
竺	0			
竻	0			
竼	8646			
竽	0			
竾	8514			
竿	0			
笁	0			
笂	8668			
笃	8591			
笄	0			
笅	8052			
笆	8954			
笈	0			
笉	8206			
笊	10219			
笋	0			
笌	0			
笍	0			
笎	8745			
笏	0			
笐	9108			
笑	0			
笒	0			
笓	10087			
笔	0			
笖	0			
笗	0			
笘	9031			
笙	0			
笚	8492			
笛	0			
笝	8712			
笞	0			
笟	8327			
笠	0			
笡	0			
笢	0			
笣	9317			
笤	8734			
笥	9009			
符	8151			
笨	0			
笩	8470			
笪	8745			
笫	7942			
第	8569			
笮	0			
笯	0			
笰	8602			
笱	0			
笲	8943			
笳	0			
笴	0			
笵	0			
笶	0			
笷	8899			
笸	0			
笹	8998			
笺	8998			
笼	8635			
笾	0			
笿	0			
筀	0			
筁	0			
筂	0			
筃	0			
筄	9889			
筅	0			
筆	9757			
筇	0			
筈	8756			
等	11814			
筋	0			
筍	0			
筎	9064			
筏	11077			
筐	9031			
筒	0			
筓	8470			
答	8646			
策	8635			
筘	0			
筙	7887			
筚	8767			
筛	0			
筜	8657			
筝	0			
筞	0			
筟	9284			
筠	0			
筡	8899			
筢	0			
筣	0			
筤	0			
筥	12991			
筦	0			
筧	0			
筨	0			
筩	0			
筪	0			
筫	0			
筬	0			
筭	8349			
筮	0			
筯	0			
筰	9713			
筱	9053			
筲	0			
筳	0			
筴	9163			
筵	0			
筶	8987			
筷	9086			
筹	8272			
筻	0			
筼	0			
筽	9273			
签	0			
筿	9383			
简	0			
箂	0			
箃	0			
箄	7887			
箅	0			
箆	0			
箇	0			
箈	0			
箉	0			
箊	0			
箋	0			
箌	8327			
箍	0			
箎	0			
箏	9174			
箐	0			
箑	0			
箒	0			
箓	8492			
箔	8591			
箕	0			
箖	9449			
算	0			
箘	0			
箙	0			
箚	0			
箛	9020			
箜	9614			
箝	0			
箞	0			
箟	0			
箠	10890			
管	0			
箣	0			
箤	0			
箥	8569			
箦	8888			
箧	8272			
箨	8074			
箩	8459			
箪	9317			
箫	8470			
箬	8800			
箭	0			
箯	0			
箰	8800			
箱	0			
箲	0			
箳	8657			
箴	0			
箵	0			
箶	0			
箷	8327			
箸	0			
箹	0			
箺	0			
箻	0			
箼	0			
箽	0			
箾	0			
箿	0			
節	9493			
篁	0			
篂	0			
篃	0			
範	0			
篅	9119			
篆	9196			
篇	0			
篈	0			
築	0			
篊	0			
篋	9229			
篌	0			
篍	0			
篎	0			
篏	0			
篐	8855			
篑	0			
篒	8811			
篓	0			
篔	0			
篕	0			
篖	0			
篗	0			
篘	9999			
篙	0			
篛	0			
篜	8239			
篝	0			
篞	0			
篟	0			
篠	9284			
篡	0			
篣	0			
篤	8327			
篥	7887			
篦	0			
篧	0			
篨	0			
篩	8954			
篪	0			
篫	0			
篬	0			
篭	8855			
篮	0			
篯	0			
篰	8932			
篱	12991			
篳	0			
篴	0			
篵	0			
篶	8965			
篷	0			
篸	0			
篹	0			
篺	0			
篻	8184			
篼	0			
篽	8140			
篾	0			
篿	0			
簀	0			
簁	0			
簂	0			
簃	0			
簄	0			
簅	0			
簆	8976			
簇	0			
簉	0			
簊	8855			
簋	8987			
簌	0			
簍	0			
簎	8327			
簏	0			
簐	0			
簑	0			
簒	0			
簓	0			
簔	0			
簕	8767			
簖	0			
簗	0			
簘	0			
簙	0			
簚	0			
簛	0			
簜	0			
簝	0			
簞	8822			
簟	0			
簡	0			
簢	0			
簣	0			
簤	0			
簥	10879			
簦	0			
簩	8811			
簪	0			
簬	0			
簭	0			
簮	0			
簯	0			
簰	0			
簱	0			
簲	0			
簳	0			
簴	0			
簵	0			
簶	0			
簷	8492			
簸	0			
簺	0			
簻	0			
簼	0			
簽	0			
簾	7755			
簿	9405			
籀	0			
籃	0			
籄	0			
籅	0			
籆	0			
籇	0			
籈	0			
籉	0			
籊	0			
籋	0			
籌	8954			
籍	0			
籎	0			
籏	0			
籐	0			
籑	0			
籒	0			
籓	0			
籔	0			
籕	0			
籖	0			
籗	0			
籘	0			
籙	0			
籚	0			
籛	0			
籜	0			
籝	0			
籞	0			
籟	0			
籠	0			
籡	0			
籢	0			
籣	12991			
籤	0			
籥	0			
籦	0			
籧	0			
籨	0			
籩	0			
籪	0			
籫	0			
籬	0			
籭	0			
籮	0			
籯	0			
籰	0			
籱	0			
籲	8690			
米	8492			
籴	0			
籵	0			
籶	0			
籷	0			
籸	0			
籹	0			
籺	10252			
类	8745			
籽	0			
籾	0			
籿	0			
粀	0			
粁	0			
粂	0			
粃	0			
粄	0			
粅	0			
粆	0			
粇	0			
粈	9273			
粉	0			
粋	0			
粌	0			
粍	0			
粎	0			
粏	0			
粐	8052			
粑	8327			
粒	0			
粓	0			
粔	8426			
粕	0			
粖	10725			
粗	0			
粙	0			
粚	0			
粛	8800			
粜	8327			
粝	9097			
粞	8987			
粟	0			
粠	0			
粡	8404			
粢	0			
粣	8063			
粤	8448			
粥	0			
粦	0			
粧	0			
粨	0			
粩	8756			
粪	0			
粬	0			
粭	9559			
粮	0			
粯	0			
粰	9559			
粱	8943			
粲	8789			
粳	0			
粴	0			
粵	0			
粶	0			
粷	0			
粸	8888			
粹	0			
粻	9427			
粼	8635			
粽	8789			
精	0			
粿	0			
糀	9174			
糁	0			
糂	0			
糃	0			
糄	8866			
糅	0			
糆	9229			
糇	9537			
糈	0			
糉	9350			
糊	8811			
糌	9196			
糍	0			
糎	0			
糏	0			
糐	0			
糑	0			
糒	0			
糓	0			
糔	10912			
糕	9713			
糗	0			
糘	9020			
糙	0			
糛	8525			
糜	0			
糝	0			
糞	8547			
糟	9020			
糠	0			
糡	0			
糢	0			
糣	0			
糤	0			
糥	0			
糦	0			
糧	8404			
糨	0			
糩	0			
糪	0			
糫	0			
糬	0			
糭	12991			
糮	8558			
糯	0			
糰	0			
糱	0			
糲	0			
糳	0			
糴	0			
糵	0			
糶	0			
糷	8140			
糸	0			
糹	0			
糺	8921			
系	0			
糼	0			
糽	0			
糾	0			
糿	0			
紀	0			
紁	0			
紂	0			
紃	0			
約	0			
紅	0			
紆	0			
紇	0			
紈	0			
紉	8855			
紊	0			
紋	0			
紌	0			
納	0			
紎	0			
紏	0			
紐	0			
紑	0			
紒	0			
紓	0			
純	0			
紕	0			
紖	0			
紗	0			
紘	0			
紙	0			
級	0			
紛	0			
紜	0			
紝	0			
紞	0			
紟	8987			
素	0			
紡	9262			
索	0			
紣	0			
紤	0			
紥	0			
紦	9526			
紧	0			
紩	0			
紪	8745			
紫	0			
紬	0			
紭	0			
紮	8206			
累	0			
紱	0			
紲	0			
紳	0			
紴	0			
紵	0			
紶	0			
紷	0			
紸	0			
紹	0			
紺	0			
紻	0			
紼	0			
紽	0			
紾	0			
紿	0			
絀	0			
絁	0			
終	0			
絃	0			
組	0			
絅	0			
絆	0			
絇	0			
絈	0			
絉	0			
絊	0			
絋	0			
経	0			
絍	0			
絎	0			
絏	0			
結	0			
絑	0			
絒	0			
絓	0			
絔	0			
絕	0			
絖	12991			
絗	0			
絘	0			
絙	0			
絚	0			
絛	0			
絜	0			
絝	0			
絞	0			
絟	0			
絠	0			
絡	0			
絢	0			
絣	0			
絤	0			
絥	0			
給	0			
絧	0			
絨	0			
絩	0			
絪	0			
絫	0			
絬	0			
絭	8987			
絮	0			
絯	0			
絰	0			
統	0			
絲	0			
絳	0			
絴	0			
絵	0			
絶	8591			
絷	0			
絸	0			
絹	0			
絺	0			
絻	0			
絼	0			
絽	0			
絾	0			
絿	0			
綀	0			
綁	0			
綂	0			
綃	0			
綄	0			
綅	0			
綆	0			
綇	0			
綈	0			
綉	0			
綊	0			
綋	0			
綌	0			
綍	0			
綎	0			
綏	0			
綐	0			
綑	0			
綒	0			
經	0			
綔	0			
綕	0			
綖	0			
綗	0			
綘	0			
継	0			
続	0			
綛	0			
綜	0			
綝	0			
綞	0			
綟	0			
綠	0			
綡	0			
綢	0			
綣	0			
綤	0			
綥	9042			
綦	0			
綧	0			
綨	0			
綩	0			
綪	0			
綫	0			
綬	0			
維	9174			
綮	0			
綯	0			
綰	0			
綱	0			
網	0			
綳	0			
綴	0			
綵	0			
綶	0			
綷	0			
綸	0			
綹	0			
綺	12991			
綻	0			
綼	0			
綽	0			
綾	0			
綿	0			
緀	0			
緁	0			
緂	0			
緃	0			
緄	0			
緅	0			
緆	0			
緇	0			
緈	0			
緉	0			
緊	0			
緋	0			
緌	0			
緍	0			
緎	0			
総	0			
緐	0			
緑	0			
緒	0			
緓	0			
緔	0			
緕	0			
緖	0			
緗	0			
緘	0			
緙	0			
線	0			
緛	0			
緜	0			
緝	0			
緞	0			
緟	0			
締	0			
緡	0			
緢	0			
緣	0			
緤	0			
緥	0			
緦	0			
緧	0			
編	0			
緩	0			
緪	0			
緫	0			
緬	0			
緭	0			
緮	0			
緯	0			
緰	0			
緱	0			
緲	0			
緳	0			
練	0			
緵	0			
緶	0			
緷	0			
緸	0			
緹	0			
緺	0			
緻	0			
緼	0			
緽	0			
緾	0			
緿	0			
縀	0			
縁	0			
縂	0			
縃	0			
縄	0			
縅	0			
縆	0			
縇	0			
縈	0			
縉	0			
縊	0			
縋	0			
縌	0			
縍	0			
縎	0			
縏	0			
縐	0			
縑	0			
縒	0			
縓	0			
縔	0			
縕	0			
縖	0			
縗	0			
縘	0			
縙	0			
縚	12991			
縛	0			
縜	0			
縝	0			
縞	0			
縟	0			
縠	0			
縡	0			
縢	0			
縣	0			
縤	0			
縥	0			
縦	0			
縧	0			
縨	0			
縩	0			
縪	0			
縫	0			
縬	0			
縭	0			
縮	0			
縯	0			
縰	0			
縱	0			
縲	0			
縳	0			
縴	0			
縵	0			
縶	0			
縷	0			
縸	0			
縹	0			
縺	8789			
縻	0			
縼	0			
總	0			
績	0			
縿	0			
繀	9614			
繁	0			
繂	0			
繃	0			
繄	0			
繅	0			
繆	9075			
繇	0			
繈	0			
繉	0			
繊	0			
繋	0			
繌	0			
繍	0			
繎	0			
繏	0			
繐	0			
繑	0			
繒	0			
繓	0			
織	0			
繕	0			
繖	0			
繗	0			
繘	0			
繙	0			
繚	0			
繛	0			
繜	0			
繝	0			
繞	0			
繟	0			
繠	0			
繡	0			
繢	0			
繣	0			
繤	0			
繥	0			
繦	0			
繧	0			
繨	0			
繩	0			
繪	0			
繫	0			
繬	0			
繭	0			
繮	0			
繯	0			
繰	0			
繱	0			
繲	0			
繳	0			
繴	0			
繵	0			
繶	0			
繷	0			
繸	0			
繹	0			
繺	0			
繻	0			
繼	0			
繽	12991			
繾	0			
繿	0			
纀	0			
纁	9592			
纂	0			
纃	0			
纄	0			
纅	0			
纆	0			
纇	0			
纈	0			
纉	0			
纊	0			
纋	0			
續	0			
纍	0			
纎	0			
纏	0			
纐	0			
纑	0			
纒	0			
纓	0			
纔	0			
纕	0			
纖	0			
纗	0			
纘	0			
纙	0			
纚	7942			
纛	0			
纜	0			
纝	0			
纞	14575			
纟	9064			
纠	8250			
纡	10769			
红	9504			
纤	7898			
纥	8063			
约	8954			
级	9020			
纨	9185			
纩	9680			
纪	8789			
纬	9482			
纭	9988			
纯	10362			
纰	10120			
纲	0			
纴	8635			
纵	8811			
纶	10901			
纷	8855			
纹	9130			
纺	0			
纼	8877			
纽	11121			
纾	14135			
绀	9086			
组	9174			
绅	8921			
细	8250			
织	8657			
终	17358			
绉	8041			
绎	8525			
经	12540			
绐	12034			
结	0			
绖	15400			
绗	9647			
绛	12485			
绝	16214			
绠	0			
绤	9273			
绥	8514			
绦	11616			
继	8987			
绪	9306			
绫	8987			
续	20746			
绮	8789			
维	9174			
绵	10637			
绶	9086			
绸	13937			
绺	8470			
绽	10032			
绾	8712			
缀	17996			
缁	14344			
缆	0			
缊	8646			
缋	8910			
缌	12727			
缍	0			
缐	8239			
缑	8712			
缒	9724			
缓	9768			
缔	10527			
编	9405			
缘	9053			
缙	8492			
缚	8085			
缛	9020			
缜	9273			
缝	8635			
缟	10824			
缠	8041			
缢	8998			
缣	8767			
缤	9075			
缥	8338			
缦	8756			
缧	8514			
缨	9097			
缩	8316			
缪	9053			
缫	9031			
缬	8976			
缭	9185			
缮	8811			
缯	8580			
缰	9614			
缱	8910			
缲	9724			
缳	10967			
缴	9229			
缶	8448			
缸	8833			
缺	0			
缻	0			
缼	0			
缽	0			
缾	0			
缿	0			
罀	0			
罁	8514			
罂	9174			
罄	8910			
罅	0			
罆	0			
罇	0			
罈	0			
罉	0			
罊	0			
罋	0			
罌	0			
罍	0			
罎	0			
罏	10483			
罐	0			
罒	0			
罓	8789			
罔	9273			
罕	0			
罖	8074			
罗	9009			
罘	9064			
罚	0			
罛	0			
罜	0			
罝	0			
罞	8723			
罟	10285			
罡	0			
罤	0			
罥	0			
罦	0			
罧	10384			
罨	8679			
罪	0			
罫	0			
罬	0			
罭	8074			
置	0			
罯	0			
罰	11198			
罱	0			
罳	8745			
罴	0			
罶	0			
罷	0			
罸	8932			
罹	0			
罻	0			
罼	0			
罽	8811			
罾	0			
罿	0			
羀	8591			
羁	0			
羃	0			
羄	0			
羅	12991			
羆	0			
羇	0			
羈	0			
羉	8998			
羊	0			
羋	9130			
羌	0			
羍	8525			
美	0			
羏	0			
羐	0			
羑	0			
羒	0			
羓	8250			
羔	0			
羖	0			
羗	0			
羘	0			
羙	9306			
羚	0			
羜	8129			
羝	8921			
羞	9471			
羟	0			
羠	9306			
羡	0			
羢	0			
羣	9526			
群	0			
羥	0			
羦	9097			
羧	0			
羨	0			
義	0			
羪	0			
羫	0			
羬	0			
羭	0			
羮	8525			
羯	9339			
羰	0			
羱	9097			
羲	0			
羳	0			
羴	0			
羵	0			
羶	0			
羷	8756			
羸	8448			
羹	0			
羺	0			
羻	8877			
羼	8646			
羽	0			
羾	8041			
羿	0			
翀	8514			
翁	0			
翂	0			
翃	0			
翄	8591			
翅	0			
翇	0			
翈	0			
翉	8041			
翊	8041			
翌	0			
翍	9306			
翎	0			
翏	0			
翐	0			
翑	0			
習	0			
翓	9130			
翔	9097			
翕	0			
翖	0			
翗	9009			
翘	0			
翙	0			
翚	0			
翛	0			
翜	0			
翝	0			
翞	11935			
翟	0			
翢	0			
翣	0			
翤	8327			
翥	9383			
翦	0			
翧	0			
翨	9196			
翩	0			
翪	0			
翫	0			
翬	0			
翭	8833			
翮	0			
翯	8756			
翰	8415			
翱	0			
翲	8041			
翳	0			
翴	0			
翵	0			
翶	0			
翷	0			
翸	0			
翹	0			
翺	9218			
翻	8041			
翼	0			
翽	0			
翾	0			
翿	8470			
耀	8844			
老	9130			
考	9735			
耄	9042			
耆	0			
耇	0			
耈	0			
耉	0			
耊	8734			
耋	10659			
而	0			
耎	0			
耏	8404			
耐	0			
耑	8756			
耒	0			
耓	8745			
耔	10384			
耕	10450			
耗	7876			
耙	0			
耛	8734			
耜	0			
耝	0			
耞	12991			
耟	8437			
耠	0			
耡	8261			
耢	0			
耣	0			
耤	9339			
耥	8382			
耦	8811			
耧	8404			
耨	8921			
耩	9108			
耪	0			
耫	0			
耬	0			
耭	0			
耮	0			
耯	0			
耰	8195			
耱	0			
耲	8272			
耳	8679			
耵	8393			
耶	8107			
耷	9658			
耸	0			
耹	0			
耺	8954			
耻	8459			
耽	0			
耾	8811			
耿	0			
聀	0			
聁	8228			
聂	8459			
聃	0			
聄	0			
聅	9306			
聆	0			
聇	0			
聈	0			
聉	12606			
聊	9449			
聍	0			
聎	0			
聏	0			
聐	0			
聑	8030			
聒	0			
聓	9075			
联	0			
聕	0			
聖	0			
聗	8987			
聘	0			
聙	8481			
聚	0			
聜	0			
聝	0			
聞	0			
聟	0			
聠	0			
聡	0			
聢	0			
聣	0			
聤	0			
聥	0			
聦	0			
聧	0			
聨	8855			
聩	9306			
聪	0			
聬	0			
聭	0			
聮	0			
聯	0			
聰	8415			
聱	0			
聲	0			
聳	0			
聴	0			
聵	0			
聶	0			
職	0			
聸	0			
聹	0			
聺	0			
聻	0			
聼	0			
聽	0			
聾	16291			
聿	0			
肂	8987			
肃	8041			
肄	0			
肅	8734			
肆	8206			
肇	0			
肈	8261			
肉	0			
肊	9757			
肋	0			
肍	0			
肎	0			
肏	0			
肐	0			
肑	0			
肒	9152			
肓	0			
肔	0			
肕	9317			
肖	0			
肗	8811			
肘	0			
肙	12628			
肚	8514			
肝	10131			
肟	9757			
股	0			
肣	10384			
肤	0			
肧	0			
肨	11319			
肩	9284			
肫	0			
肬	8404			
肭	8228			
肮	9174			
肯	8448			
肱	8041			
育	0			
肳	9075			
肴	0			
肵	0			
肶	9614			
肷	0			
肸	0			
肹	8492			
肺	9152			
肼	8426			
肽	8998			
肾	8998			
肿	8327			
胀	9031			
胁	8998			
胂	8184			
胃	8261			
胄	0			
胅	8844			
胆	0			
胇	0			
胈	12991			
胉	0			
胊	0			
胋	7887			
背	8745			
胍	8569			
胎	0			
胏	0			
胐	0			
胑	0			
胒	0			
胓	0			
胔	0			
胕	8668			
胖	8657			
胗	0			
胘	8382			
胙	8525			
胚	9372			
胛	8855			
胜	8250			
胝	8217			
胞	0			
胠	9350			
胡	0			
胣	8778			
胤	9174			
胥	0			
胦	8998			
胧	8217			
胨	9108			
胩	8932			
胪	8602			
胫	9075			
胬	8800			
胭	0			
胮	10340			
胯	8888			
胱	9174			
胲	9548			
胳	0			
胵	8668			
胶	0			
胷	9438			
胸	0			
胹	8294			
胺	0			
胻	9537			
胼	8998			
能	0			
胾	0			
胿	0			
脀	0			
脁	8250			
脂	0			
脃	0			
脄	0			
脅	8888			
脆	0			
脈	8195			
脉	8954			
脊	0			
脋	0			
脌	8987			
脍	8789			
脎	8668			
脏	9042			
脐	8987			
脑	8690			
脒	9141			
脓	9482			
脔	0			
脕	8492			
脖	0			
脗	9020			
脘	0			
脙	9031			
脚	0			
脜	0			
脝	9097			
脞	0			
脟	0			
脠	0			
脡	0			
脢	0			
脣	0			
脤	0			
脥	0			
脦	0			
脧	0			
脨	0			
脩	0			
脪	0			
脫	8833			
脬	0			
脭	0			
脮	8987			
脯	0			
脰	8360			
脱	8349			
脲	0			
脳	0			
脴	0			
脵	8074			
脶	0			
脷	9075			
脸	0			
脹	0			
脺	0			
脻	0			
脼	0			
脽	8745			
脾	0			
脿	0			
腀	0			
腁	0			
腂	0			
腃	0			
腄	0			
腅	9405			
腆	0			
腇	8789			
腈	0			
腉	8382			
腊	7964			
腋	8800			
腌	0			
腍	0			
腎	0			
腏	9009			
腐	9009			
腑	0			
腒	9009			
腓	9130			
腔	8470			
腕	0			
腖	0			
腗	0			
腘	8811			
腙	8492			
腚	0			
腛	0			
腜	0			
腝	0			
腞	0			
腟	8921			
腠	0			
腡	0			
腢	0			
腣	0			
腤	9152			
腥	0			
腦	9108			
腧	0			
腨	9086			
腩	0			
腪	0			
腫	0			
腬	8030			
腭	8767			
腮	0			
腯	8679			
腰	8800			
腱	0			
腲	0			
腳	8646			
腴	12991			
腵	0			
腶	0			
腷	0			
腸	8492			
腹	9306			
腺	8349			
腻	9174			
腼	8129			
腽	9009			
腾	9042			
腿	8679			
膀	9042			
膂	0			
膃	0			
膄	0			
膅	0			
膆	0			
膇	8206			
膈	0			
膉	8492			
膊	0			
膋	0			
膌	0			
膍	0			
膎	8250			
膏	8591			
膑	0			
膒	0			
膓	0			
膔	0			
膕	0			
膖	0			
膗	8371			
膘	0			
膚	9636			
膛	8745			
膜	9097			
膝	0			
膞	0			
膟	0			
膠	0			
膡	0			
膢	8074			
膣	0			
膤	0			
膥	8910			
膦	8965			
膨	0			
膩	8569			
膪	0			
膫	0			
膬	0			
膭	0			
膮	0			
膯	0			
膰	0			
膱	0			
膲	9185			
膳	0			
膴	0			
膵	0			
膶	0			
膷	0			
膸	0			
膹	8514			
膺	9383			
膻	0			
膼	0			
膽	0			
膾	0			
膿	9482			
臀	12397			
臁	0			
臄	0			
臅	8041			
臆	0			
臇	0			
臈	0			
臉	9053			
臊	0			
臋	8723			
臌	0			
臍	0			
臎	0			
臏	0			
臐	0			
臑	0			
臒	0			
臓	0			
臔	0			
臕	0			
臖	0			
臗	0			
臘	0			
臙	0			
臚	0			
臛	0			
臜	0			
臝	0			
臞	0			
臟	0			
臠	0			
臡	0			
臢	9152			
臣	0			
臤	0			
臥	0			
臦	8668			
臧	0			
臩	8052			
自	0			
臫	10186			
臬	0			
臯	0			
臰	0			
臱	0			
臲	7898			
至	8074			
致	0			
臵	0			
臶	0			
臷	0			
臸	0			
臹	0			
臺	8657			
臻	15103			
臼	8646			
臾	9075			
舀	10362			
舁	12606			
舄	0			
與	0			
興	0			
舉	0			
舊	0			
舋	9075			
舌	9075			
舍	0			
舎	0			
舏	8349			
舐	0			
舑	9317			
舒	0			
舓	9405			
舔	0			
舕	0			
舖	0			
舗	0			
舘	0			
舙	0			
舚	12210			
舛	0			
舝	8591			
舞	8448			
舟	0			
舠	14245			
舡	0			
舥	0			
舦	0			
舧	8789			
舨	9130			
航	13420			
舫	10483			
舯	9020			
舱	14267			
舳	9889			
舷	10285			
舸	0			
舺	8932			
舻	0			
舽	9097			
舾	0			
艀	0			
艁	0			
艂	0			
艃	9053			
艄	0			
艆	9438			
艇	0			
艈	8789			
艉	8789			
艋	0			
艍	0			
艎	9471			
艏	0			
艑	0			
艒	0			
艓	0			
艔	0			
艕	0			
艖	0			
艗	9108			
艘	0			
艙	9339			
艚	0			
艜	0			
艝	0			
艞	9240			
艟	0			
艡	0			
艢	0			
艣	0			
艤	0			
艥	0			
艦	0			
艧	8789			
艨	0			
艪	0			
艫	0			
艬	0			
艭	8261			
艮	9559			
良	8998			
艰	8602			
色	8613			
艳	9009			
艴	0			
艵	0			
艶	0			
艷	0			
艸	14575			
艹	8041			
艺	0			
艻	0			
艼	8668			
艽	7832			
艾	8987			
艿	0			
芀	0			
芁	8525			
节	9020			
芄	0			
芅	0			
芆	0			
芇	8690			
芈	0			
芉	9273			
芊	8041			
芋	0			
芌	9416			
芍	9438			
芎	8063			
芏	0			
芐	9042			
芑	8932			
芒	0			
芓	0			
芔	0			
芕	0			
芖	8800			
芗	7887			
芘	9009			
芙	0			
芚	0			
芛	8591			
芜	8250			
芝	0			
芞	9383			
芟	0			
芠	9097			
芡	0			
芢	0			
芣	8789			
芤	9878			
芥	0			
芧	8591			
芨	10175			
芩	9042			
芪	9163			
芫	13178			
芬	9724			
芯	8415			
芰	8866			
花	0			
芲	8789			
芳	8074			
芴	12991			
芵	0			
芶	8591			
芷	9482			
芸	10175			
芹	0			
芺	0			
芻	0			
芼	8646			
芽	9009			
芾	0			
芿	0			
苀	9306			
苁	0			
苂	0			
苃	8459			
苄	0			
苅	0			
苆	8789			
苇	8327			
苈	0			
苉	8030			
苊	9306			
苋	9251			
苌	11440			
苍	9196			
苏	0			
苐	8976			
苑	9064			
苒	9306			
苓	8866			
苔	9416			
苕	0			
苖	8734			
苗	9614			
苘	0			
苙	0			
苚	8492			
苛	8261			
苜	0			
苝	10010			
苞	9185			
苠	8646			
苡	0			
苢	8481			
苣	8932			
苤	8305			
若	9196			
苦	0			
苨	0			
苩	0			
苪	9185			
苫	0			
苬	0			
苭	0			
苮	8701			
苯	0			
苰	8514			
英	0			
苲	0			
苳	8668			
苴	0			
苵	0			
苶	8514			
苷	0			
苸	9394			
苹	0			
苺	9009			
苻	0			
苼	0			
苽	0			
苾	0			
苿	0			
茀	8668			
茁	8195			
茂	9009			
范	9317			
茄	8778			
茅	8778			
茆	8415			
茇	9196			
茈	8195			
茉	0			
茊	0			
茋	8954			
茌	0			
茍	8789			
茎	8998			
茏	0			
茐	8822			
茑	0			
茒	0			
茓	8811			
茔	9757			
茕	0			
茖	9240			
茗	0			
茘	0			
茙	8778			
茚	8261			
茛	9097			
茜	0			
茝	0			
茞	0			
茟	0			
茠	0			
茡	0			
茢	0			
茣	0			
茤	0			
茥	0			
茦	11594			
茧	0			
茪	8932			
茫	10494			
茬	0			
茮	9009			
茯	0			
茰	8536			
茱	0			
茲	8580			
茳	9119			
茴	8943			
茵	9185			
茶	8877			
茸	8635			
茹	9240			
茺	0			
茻	9031			
茼	0			
茽	0			
茾	0			
茿	10208			
荀	0			
荁	0			
荂	10153			
荃	0			
荄	0			
荅	8789			
荆	8976			
荇	0			
荈	9339			
草	0			
荋	0			
荌	0			
荍	0			
荎	8734			
荏	10714			
荐	9152			
荒	8327			
荔	0			
荖	0			
荗	0			
荘	0			
荙	10296			
荚	7887			
荜	0			
荝	9482			
荞	8646			
荟	8415			
荠	8217			
荡	0			
荢	8877			
荣	11385			
荤	7821			
荦	8811			
荧	9614			
荨	9053			
荩	9878			
荪	8943			
荫	8778			
荬	9416			
荭	8261			
荮	8470			
药	0			
荰	0			
荱	0			
荲	0			
荳	0			
荴	0			
荵	0			
荶	10461			
荷	0			
荹	0			
荺	8492			
荻	8910			
荼	8998			
荽	0			
荾	0			
荿	0			
莀	12991			
莁	0			
莂	0			
莃	0			
莄	8327			
莅	8987			
莆	0			
莇	0			
莈	8327			
莉	0			
莋	0			
莌	0			
莍	8965			
莎	0			
莏	0			
莐	0			
莑	9031			
莒	8525			
莓	0			
莔	0			
莕	0			
莖	0			
莗	9174			
莘	0			
莙	0			
莚	9438			
莛	9075			
莜	0			
莝	9020			
莞	0			
莟	8789			
莠	0			
莡	0			
莢	0			
莣	0			
莤	0			
莥	0			
莦	0			
莧	9559			
莨	9009			
莩	8679			
莪	7975			
莫	0			
莬	0			
莭	0			
莮	0			
莯	9240			
莰	8844			
莱	9075			
莲	8734			
莳	8162			
莴	0			
莵	9504			
莶	10142			
获	8811			
莹	8514			
莺	0			
莻	9988			
莼	8932			
莽	0			
莾	0			
莿	9020			
菀	8789			
菁	0			
菂	0			
菃	0			
菄	8998			
菅	0			
菆	8327			
菇	0			
菈	0			
菉	9031			
菊	9284			
菌	0			
菎	8833			
菏	0			
菑	0			
菒	0			
菓	9009			
菔	0			
菕	8954			
菖	0			
菗	9317			
菘	0			
菙	0			
菚	0			
菛	10626			
菜	0			
菞	8404			
菟	8129			
菠	8756			
菡	0			
菢	0			
菣	0			
菤	9097			
菥	0			
菦	0			
菧	0			
菨	8987			
菩	8217			
菪	0			
菫	0			
菬	0			
菭	0			
菮	0			
華	8327			
菰	10692			
菱	0			
菴	0			
菵	0			
菶	0			
菷	8800			
菸	8690			
菹	0			
菺	0			
菻	0			
菼	9317			
菽	0			
菾	0			
菿	0			
萀	9042			
萁	0			
萂	8888			
萃	8844			
萄	0			
萅	8074			
萆	0			
萇	0			
萈	0			
萉	0			
萊	8778			
萋	8789			
萌	9394			
萍	8789			
萎	8261			
萏	0			
萐	9724			
萑	0			
萒	0			
萓	0			
萔	0			
萕	0			
萖	0			
萗	8404			
萘	0			
萙	0			
萚	0			
萛	8690			
萜	8074			
萝	0			
萞	0			
萟	0			
萠	12991			
萡	0			
萢	0			
萣	8811			
萤	8811			
营	8811			
萦	9317			
萧	8789			
萨	0			
萩	0			
萪	0			
萫	0			
萬	0			
萭	0			
萮	0			
萯	0			
萰	9614			
萱	0			
萲	0			
萳	0			
萴	0			
萵	0			
萶	0			
萷	8646			
萸	0			
萹	0			
萺	0			
萻	8030			
萼	7821			
落	0			
萾	0			
萿	0			
葀	0			
葁	0			
葂	0			
葃	0			
葄	0			
葅	8613			
葆	0			
葇	0			
葈	0			
葉	0			
葊	0			
葋	0			
葌	0			
葍	0			
葎	0			
葏	0			
葐	8932			
葑	0			
葒	0			
葓	0			
葔	0			
葕	0			
葖	8327			
著	0			
葘	8800			
葙	8998			
葚	9856			
葛	0			
葝	0			
葞	0			
葟	0			
葠	8987			
葡	0			
葢	8734			
董	0			
葤	0			
葥	0			
葦	0			
葧	0			
葨	8580			
葩	0			
葪	10318			
葫	8943			
葭	0			
葮	0			
葯	0			
葰	9306			
葱	8393			
葳	0			
葴	11396			
葵	0			
葷	9460			
葸	0			
葹	8646			
葺	0			
葻	0			
葼	0			
葽	0			
葾	0			
葿	0			
蒀	0			
蒁	7942			
蒂	0			
蒄	0			
蒅	0			
蒆	9372			
蒇	9130			
蒈	8855			
蒉	0			
蒊	8921			
蒋	8811			
蒌	0			
蒍	8426			
蒎	0			
蒏	0			
蒐	0			
蒑	0			
蒒	0			
蒓	0			
蒔	0			
蒕	0			
蒖	8481			
蒗	0			
蒘	8789			
蒙	0			
蒚	0			
蒛	9449			
蒜	0			
蒝	0			
蒞	0			
蒟	0			
蒠	8162			
蒡	0			
蒢	0			
蒣	0			
蒤	0			
蒥	0			
蒦	0			
蒧	12991			
蒨	0			
蒩	0			
蒪	0			
蒫	0			
蒬	0			
蒭	0			
蒮	9504			
蒯	0			
蒰	0			
蒱	8987			
蒲	0			
蒳	8789			
蒴	0			
蒵	0			
蒶	0			
蒷	8657			
蒸	8998			
蒹	8954			
蒺	0			
蒻	0			
蒼	8085			
蒽	0			
蒾	8811			
蒿	0			
蓀	8657			
蓁	0			
蓂	0			
蓃	8987			
蓄	0			
蓅	0			
蓆	0			
蓇	0			
蓈	8877			
蓉	8855			
蓊	0			
蓋	0			
蓌	8481			
蓍	0			
蓎	0			
蓏	8085			
蓐	9097			
蓑	0			
蓒	7887			
蓓	0			
蓔	0			
蓕	7887			
蓖	0			
蓘	0			
蓙	0			
蓚	0			
蓛	0			
蓜	8855			
蓝	0			
蓞	8415			
蓟	8932			
蓠	0			
蓡	0			
蓢	8041			
蓣	0			
蓤	8811			
蓥	8195			
蓦	0			
蓧	0			
蓨	0			
蓩	0			
蓪	0			
蓫	8965			
蓬	0			
蓭	0			
蓮	0			
蓯	9460			
蓰	0			
蓱	0			
蓲	0			
蓳	0			
蓴	0			
蓵	0			
蓶	0			
蓷	0			
蓸	0			
蓹	0			
蓺	0			
蓻	8976			
蓼	0			
蓽	0			
蓾	7953			
蓿	0			
蔀	0			
蔁	0			
蔂	0			
蔃	0			
蔄	0			
蔅	0			
蔆	0			
蔇	0			
蔈	0			
蔉	0			
蔊	0			
蔋	8987			
蔌	0			
蔍	0			
蔎	0			
蔏	0			
蔐	8140			
蔑	0			
蔒	8338			
蔓	0			
蔔	0			
蔕	0			
蔖	7942			
蔗	0			
蔘	0			
蔙	8184			
蔚	0			
蔛	0			
蔜	0			
蔝	0			
蔞	8976			
蔟	0			
蔠	8646			
蔡	0			
蔣	0			
蔤	0			
蔥	0			
蔦	0			
蔧	0			
蔨	0			
蔩	12991			
蔪	8921			
蔫	9317			
蔬	0			
蔭	0			
蔮	0			
蔯	0			
蔰	0			
蔱	0			
蔲	0			
蔳	0			
蔴	0			
蔵	0			
蔶	9471			
蔷	8184			
蔸	9075			
蔹	8910			
蔺	8635			
蔻	8415			
蔼	7887			
蔽	0			
蔿	0			
蕀	0			
蕁	0			
蕂	9218			
蕃	0			
蕄	0			
蕅	0			
蕆	0			
蕇	9691			
蕈	8668			
蕉	9416			
蕊	0			
蕋	0			
蕌	0			
蕍	0			
蕎	0			
蕏	0			
蕐	0			
蕑	0			
蕒	0			
蕓	0			
蕔	0			
蕕	8932			
蕖	0			
蕗	0			
蕘	8646			
蕙	0			
蕚	0			
蕛	0			
蕜	0			
蕝	8679			
蕞	0			
蕟	0			
蕠	0			
蕡	0			
蕢	0			
蕣	9416			
蕤	0			
蕥	0			
蕦	0			
蕧	8184			
蕨	0			
蕩	0			
蕪	0			
蕫	0			
蕬	0			
蕭	0			
蕮	0			
蕯	0			
蕰	0			
蕱	9042			
蕲	0			
蕳	8877			
蕴	0			
蕵	0			
蕶	0			
蕷	0			
蕸	8338			
蕹	8954			
蕺	9416			
蕻	0			
蕼	0			
蕽	8756			
蕾	0			
薀	0			
薁	0			
薂	0			
薃	8613			
薄	8811			
薅	0			
薆	8393			
薇	0			
薈	0			
薉	0			
薊	0			
薋	0			
薌	0			
薍	0			
薎	8041			
薏	0			
薐	0			
薑	0			
薒	0			
薓	0			
薔	0			
薕	0			
薖	0			
薗	0			
薘	0			
薙	0			
薚	8767			
薛	7887			
薜	0			
薝	0			
薞	0			
薟	0			
薠	0			
薡	0			
薢	0			
薣	8602			
薤	0			
薥	0			
薦	0			
薧	9075			
薨	0			
薩	9724			
薪	12991			
薫	0			
薬	0			
薭	9471			
薮	9713			
薯	9867			
薰	0			
薱	0			
薲	0			
薳	0			
薴	0			
薵	0			
薶	8635			
薷	0			
薸	8866			
薹	0			
薺	0			
薻	0			
薼	0			
薽	0			
薾	0			
薿	0			
藀	8635			
藁	0			
藂	0			
藃	0			
藄	0			
藅	0			
藆	0			
藇	0			
藈	8954			
藉	0			
藋	0			
藌	0			
藍	0			
藎	11066			
藏	0			
藑	0			
藒	9889			
藓	0			
藔	8382			
藕	0			
藖	0			
藗	0			
藘	0			
藙	0			
藚	0			
藛	8932			
藜	0			
藝	0			
藞	0			
藟	0			
藠	0			
藡	0			
藢	0			
藣	9009			
藤	0			
藥	0			
藦	0			
藧	0			
藨	9218			
藩	0			
藪	0			
藫	0			
藬	0			
藭	0			
藮	0			
藯	0			
藰	0			
藱	0			
藲	0			
藳	0			
藴	0			
藵	0			
藶	0			
藷	0			
藸	0			
藹	0			
藺	8910			
藻	0			
藼	0			
藽	0			
藾	8349			
藿	0			
蘀	0			
蘁	0			
蘂	0			
蘃	0			
蘄	9273			
蘅	0			
蘆	0			
蘇	0			
蘈	0			
蘉	0			
蘊	0			
蘋	0			
蘌	0			
蘍	0			
蘎	0			
蘏	0			
蘐	8745			
蘑	0			
蘒	0			
蘓	0			
蘔	0			
蘕	8228			
蘖	0			
蘗	0			
蘘	0			
蘙	0			
蘚	0			
蘛	0			
蘜	0			
蘝	12991			
蘞	0			
蘟	0			
蘠	0			
蘡	0			
蘢	0			
蘣	0			
蘤	0			
蘥	0			
蘦	8932			
蘧	0			
蘨	9614			
蘩	0			
蘪	0			
蘫	0			
蘬	0			
蘭	0			
蘮	0			
蘯	0			
蘰	0			
蘱	0			
蘲	0			
蘳	0			
蘴	0			
蘵	0			
蘶	0			
蘷	8470			
蘸	0			
蘹	0			
蘺	0			
蘻	8690			
蘼	0			
蘽	0			
蘾	0			
蘿	0			
虀	0			
虁	0			
虂	0			
虃	0			
虄	0			
虅	0			
虆	0			
虇	0			
虈	0			
虉	0			
虊	0			
虋	0			
虌	16929			
虍	8932			
虏	8118			
虐	8492			
虑	0			
虒	0			
虓	9614			
虔	0			
虖	0			
虗	0			
虘	0			
虙	9174			
虚	0			
虛	0			
虜	0			
虝	8646			
虞	0			
號	0			
虠	0			
虡	8195			
虢	0			
虤	0			
虥	0			
虦	0			
虧	0			
虨	0			
虩	0			
虪	12188			
虫	8954			
虮	0			
虰	8481			
虱	0			
虲	0			
虳	0			
虴	0			
虵	0			
虶	0			
虷	0			
虸	17226			
虹	9086			
虾	10329			
虿	8646			
蚁	8745			
蚂	0			
蚃	0			
蚄	0			
蚅	0			
蚆	0			
蚇	0			
蚈	0			
蚉	8855			
蚊	13453			
蚋	0			
蚏	0			
蚐	0			
蚑	0			
蚒	9251			
蚓	9438			
蚕	0			
蚗	0			
蚘	0			
蚙	0			
蚚	0			
蚛	8646			
蚜	9174			
蚝	0			
蚟	0			
蚠	12991			
蚡	0			
蚢	10571			
蚣	0			
蚥	0			
蚦	14201			
蚧	9889			
蚬	0			
蚮	9317			
蚯	9075			
蚰	8261			
蚱	0			
蚲	0			
蚳	8272			
蚴	8833			
蚵	8932			
蚶	0			
蚷	0			
蚸	0			
蚹	9064			
蚺	0			
蚻	0			
蚼	0			
蚽	0			
蚾	0			
蚿	8327			
蛀	0			
蛁	0			
蛂	0			
蛃	8327			
蛄	0			
蛅	8701			
蛆	9075			
蛇	0			
蛈	9306			
蛉	9581			
蛊	0			
蛌	0			
蛍	8327			
蛎	8712			
蛏	8701			
蛐	8745			
蛑	0			
蛒	0			
蛓	9119			
蛔	0			
蛖	0			
蛗	8998			
蛘	8305			
蛙	0			
蛚	8536			
蛛	0			
蛜	0			
蛝	8415			
蛞	8668			
蛟	0			
蛠	0			
蛡	0			
蛢	0			
蛣	9229			
蛤	0			
蛦	0			
蛧	0			
蛨	9757			
蛩	0			
蛪	0			
蛫	0			
蛬	8074			
蛭	8877			
蛮	0			
蛯	8415			
蛰	9372			
蛱	8987			
蛲	8910			
蛳	9042			
蛴	0			
蛵	0			
蛶	0			
蛷	9053			
蛸	9141			
蛹	0			
蛺	0			
蛻	0			
蛼	0			
蛽	8679			
蛾	9713			
蜀	0			
蜁	11143			
蜂	0			
蜄	0			
蜅	0			
蜆	7920			
蜇	8591			
蜈	9009			
蜉	8932			
蜊	0			
蜋	0			
蜌	9372			
蜍	0			
蜎	0			
蜏	0			
蜐	0			
蜑	9163			
蜒	9438			
蜓	0			
蜔	8569			
蜕	0			
蜖	8162			
蜗	8250			
蜘	0			
蜙	8668			
蜚	0			
蜛	8140			
蜜	0			
蜝	9042			
蜞	0			
蜟	0			
蜠	8382			
蜡	8789			
蜢	9130			
蜣	0			
蜤	9097			
蜥	0			
蜦	0			
蜧	0			
蜨	9317			
蜩	0			
蜪	0			
蜫	0			
蜬	0			
蜭	8041			
蜮	0			
蜯	0			
蜰	8745			
蜱	0			
蜲	0			
蜳	8041			
蜴	0			
蜵	0			
蜶	10153			
蜷	0			
蜸	0			
蜹	0			
蜺	9317			
蜻	0			
蜼	0			
蜽	8195			
蜾	8657			
蜿	0			
蝀	0			
蝁	0			
蝂	0			
蝃	0			
蝄	0			
蝅	0			
蝆	8811			
蝇	8030			
蝈	9372			
蝉	12991			
蝋	8492			
蝌	0			
蝍	8745			
蝎	0			
蝏	0			
蝐	0			
蝑	0			
蝒	8646			
蝓	0			
蝔	0			
蝕	0			
蝖	9493			
蝗	8635			
蝙	0			
蝚	0			
蝛	0			
蝜	0			
蝝	0			
蝞	0			
蝟	9009			
蝠	0			
蝡	0			
蝢	9075			
蝣	9658			
蝤	8745			
蝥	0			
蝦	0			
蝧	0			
蝨	0			
蝩	0			
蝪	0			
蝫	0			
蝬	0			
蝭	8492			
蝮	0			
蝯	9328			
蝰	0			
蝱	0			
蝲	0			
蝳	9350			
蝴	8734			
蝶	0			
蝸	0			
蝹	0			
蝺	9086			
蝻	8811			
蝼	9647			
蝽	8877			
蝾	0			
蝿	0			
螀	0			
螁	8998			
螂	9108			
螃	9097			
螅	0			
螇	9405			
螈	0			
螊	9108			
螋	0			
螌	8877			
融	0			
螎	0			
螏	0			
螐	0			
螑	0			
螒	10175			
螓	0			
螔	0			
螕	0			
螖	9636			
螗	0			
螙	0			
螚	0			
螛	0			
螜	0			
螝	0			
螞	9240			
螟	0			
螠	0			
螡	0			
螢	0			
螣	0			
螤	0			
螥	0			
螦	0			
螧	8877			
螨	0			
螩	0			
螪	12980			
螫	8415			
螯	0			
螰	0			
螱	0			
螲	9636			
螳	9075			
螵	0			
螷	0			
螸	0			
螹	8074			
螺	0			
螻	0			
螼	8657			
螽	0			
螿	8866			
蟀	0			
蟂	0			
蟃	0			
蟄	0			
蟅	8745			
蟆	0			
蟈	0			
蟉	10285			
蟊	0			
蟍	0			
蟎	0			
蟏	0			
蟐	10659			
蟑	8624			
蟓	12991			
蟕	0			
蟖	0			
蟗	0			
蟘	0			
蟙	0			
蟚	8965			
蟛	0			
蟝	0			
蟞	0			
蟟	9031			
蟠	0			
蟢	0			
蟣	0			
蟤	9493			
蟥	0			
蟧	0			
蟨	0			
蟩	8646			
蟪	0			
蟬	0			
蟭	9185			
蟮	0			
蟰	0			
蟱	0			
蟲	0			
蟳	0			
蟴	0			
蟵	0			
蟶	0			
蟷	0			
蟸	8602			
蟹	0			
蟺	0			
蟻	0			
蟼	0			
蟽	9372			
蟾	0			
蠀	0			
蠁	0			
蠂	8074			
蠃	0			
蠄	0			
蠅	0			
蠆	0			
蠇	0			
蠈	0			
蠉	9075			
蠊	0			
蠌	0			
蠍	0			
蠎	0			
蠏	0			
蠐	0			
蠑	0			
蠒	8789			
蠓	8635			
蠕	8349			
蠖	0			
蠘	0			
蠙	0			
蠚	8140			
蠛	0			
蠝	0			
蠞	0			
蠟	0			
蠠	11264			
蠡	0			
蠣	0			
蠤	0			
蠥	0			
蠦	0			
蠧	0			
蠨	0			
蠩	0			
蠪	0			
蠫	0			
蠬	0			
蠭	0			
蠮	0			
蠯	0			
蠰	0			
蠱	9416			
蠲	0			
蠳	0			
蠴	0			
蠵	0			
蠶	0			
蠷	0			
蠸	8063			
蠹	0			
蠻	8932			
蠼	0			
蠾	0			
蠿	9031			
血	0			
衁	0			
衂	0			
衃	10021			
衄	0			
衆	0			
衇	0			
衈	0			
衉	12991			
衊	0			
衋	9493			
行	9163			
衍	0			
衎	0			
衏	0			
衐	0			
衑	0			
衒	0			
術	9889			
衔	0			
衕	0			
衖	8239			
街	8646			
衙	0			
衚	0			
衛	0			
衜	0			
衝	0			
衞	0			
衟	0			
衠	11308			
衡	8250			
衣	14575			
衤	8272			
补	0			
衦	0			
衧	10527			
表	0			
衪	9383			
衫	8712			
衬	9295			
衮	0			
衯	8998			
衰	0			
衱	8404			
衲	0			
衳	0			
衴	0			
衵	0			
衶	8657			
衷	0			
衸	0			
衹	0			
衺	0			
衻	0			
衼	8217			
衽	9911			
衾	9218			
衿	0			
袀	9405			
袁	8008			
袂	0			
袃	8415			
袄	8822			
袅	0			
袆	0			
袇	8943			
袈	0			
袉	0			
袊	7997			
袋	9163			
袍	0			
袎	0			
袏	0			
袐	0			
袑	8954			
袒	0			
袓	0			
袔	0			
袕	8811			
袖	0			
袗	0			
袘	0			
袙	0			
袚	0			
袛	8129			
袜	0			
袝	0			
袞	0			
袟	0			
袠	0			
袡	8580			
袢	0			
袣	8195			
袤	0			
袥	0			
袦	0			
袧	0			
袨	0			
袩	0			
袪	7711			
被	0			
袬	9460			
袭	0			
袮	0			
袯	0			
袰	9009			
袱	0			
袲	0			
袳	0			
袴	0			
袵	0			
袶	9372			
袷	0			
袸	0			
袹	0			
袺	0			
袻	7898			
袼	0			
袽	0			
袾	0			
袿	0			
裀	9823			
裁	0			
裄	9218			
装	8393			
裆	0			
裇	0			
裈	8734			
裉	0			
裊	0			
裋	0			
裌	0			
裍	9009			
裎	0			
裏	0			
裐	0			
裑	8899			
裒	0			
裓	8041			
裔	8041			
裕	0			
裖	0			
裗	9658			
裘	9526			
裙	0			
裚	12991			
裛	0			
補	0			
裝	0			
裞	8965			
裟	0			
裠	0			
裡	9075			
裢	9075			
裣	10703			
裤	0			
裦	0			
裧	7887			
裨	0			
裩	0			
裪	0			
裫	0			
裬	0			
裭	0			
裮	0			
裯	8294			
裰	8712			
裱	0			
裲	8459			
裳	8844			
裴	0			
裵	0			
裶	0			
裷	8074			
裸	8195			
裹	0			
裻	8305			
裼	0			
製	8668			
裾	0			
裿	0			
褀	0			
褁	8569			
褂	0			
褄	0			
褅	0			
褆	0			
複	0			
褈	0			
褉	8976			
褊	0			
褋	0			
褌	0			
褍	0			
褎	0			
褏	8360			
褐	10263			
褒	0			
褔	0			
褕	0			
褖	0			
褗	0			
褘	7887			
褙	9372			
褚	9042			
褛	0			
褜	0			
褝	0			
褞	0			
褟	0			
褠	8107			
褡	0			
褢	0			
褣	0			
褤	8085			
褥	0			
褦	0			
褧	0			
褨	0			
褩	8569			
褪	8954			
褫	0			
褬	0			
褭	0			
褮	0			
褯	9273			
褰	0			
褲	0			
褳	8855			
褴	0			
褵	8415			
褶	0			
褷	0			
褸	0			
褹	0			
褺	0			
褻	0			
褼	0			
褽	0			
褾	0			
褿	0			
襀	9471			
襁	0			
襂	0			
襃	8800			
襄	0			
襅	0			
襆	0			
襇	0			
襈	0			
襉	0			
襊	0			
襋	0			
襌	0			
襍	0			
襎	0			
襏	0			
襐	0			
襑	0			
襒	0			
襓	0			
襔	0			
襕	0			
襖	0			
襗	0			
襘	0			
襙	12991			
襚	0			
襛	0			
襜	0			
襝	7887			
襞	9218			
襟	0			
襡	0			
襢	0			
襣	0			
襤	0			
襥	8635			
襦	0			
襧	0			
襨	0			
襩	0			
襪	0			
襫	0			
襬	0			
襭	0			
襮	0			
襯	0			
襰	0			
襱	0			
襲	0			
襳	0			
襴	0			
襵	0			
襶	0			
襷	0			
襸	0			
襹	0			
襺	8580			
襻	0			
襼	0			
襽	0			
襾	9097			
西	0			
覀	8470			
要	0			
覂	10175			
覃	0			
覄	0			
覅	8492			
覆	0			
覇	0			
覈	0			
覉	0			
覊	0			
見	0			
覌	0			
覍	0			
覎	0			
規	0			
覐	0			
覑	0			
覒	0			
覓	0			
覔	0			
覕	0			
視	0			
覗	0			
覘	0			
覙	0			
覚	0			
覛	0			
覜	0			
覝	0			
覞	0			
覟	0			
覠	0			
覡	0			
覢	0			
覣	0			
覤	0			
覥	0			
覦	0			
覧	0			
覨	0			
覩	0			
親	0			
覫	0			
覬	0			
覭	0			
覮	0			
覯	0			
覰	0			
覱	0			
覲	0			
観	0			
覴	0			
覵	0			
覶	0			
覷	0			
覸	0			
覹	0			
覺	0			
覻	0			
覼	0			
覽	0			
覾	0			
覿	0			
觀	10901			
见	9592			
规	8349			
视	9042			
觇	8855			
览	9647			
觉	9460			
觋	8492			
觌	12991			
觍	8646			
觎	8052			
觏	9053			
觐	8591			
觑	9031			
角	0			
觔	0			
觕	8184			
觖	0			
觗	0			
觘	0			
觙	8327			
觚	0			
觛	8404			
觜	0			
觝	9031			
觞	0			
觟	0			
觠	0			
觡	0			
觢	8228			
解	10736			
觥	0			
觧	0			
觨	0			
觩	0			
觪	8987			
觫	0			
觭	0			
觮	8074			
觯	0			
觱	0			
觲	9350			
觳	0			
觵	0			
觶	0			
觷	0			
觸	0			
觹	0			
觺	0			
觻	0			
觼	0			
觽	0			
觾	0			
觿	9163			
言	0			
訁	0			
訂	0			
訃	0			
訄	0			
訅	0			
訆	9075			
訇	0			
計	0			
訉	0			
訊	0			
訋	0			
訌	0			
訍	0			
討	0			
訏	0			
訐	0			
訑	0			
訒	0			
訓	0			
訔	0			
訕	0			
訖	0			
託	0			
記	0			
訙	0			
訚	0			
訛	0			
訜	0			
訝	0			
訞	0			
訟	0			
訠	0			
訡	0			
訢	0			
訣	0			
訤	0			
訥	0			
訦	0			
訧	0			
訨	0			
訩	0			
訪	0			
訫	0			
訬	0			
設	0			
訮	0			
訯	0			
訰	0			
許	0			
訲	0			
訳	0			
訴	0			
訵	0			
訶	0			
訷	0			
訸	0			
訹	0			
診	0			
註	0			
証	0			
訽	14762			
訾	0			
詀	0			
詁	0			
詂	0			
詃	0			
詄	0			
詅	0			
詆	0			
詇	8327			
詈	0			
詊	0			
詋	0			
詌	0			
詍	0			
詎	0			
詏	0			
詐	0			
詑	0			
詒	0			
詓	0			
詔	0			
評	0			
詖	0			
詗	0			
詘	0			
詙	0			
詚	0			
詛	0			
詜	0			
詝	0			
詞	0			
詟	0			
詠	0			
詡	0			
詢	0			
詣	0			
詤	0			
詥	0			
試	0			
詧	0			
詨	0			
詩	0			
詪	0			
詫	0			
詬	0			
詭	0			
詮	0			
詯	0			
詰	0			
話	0			
該	0			
詳	0			
詴	0			
詵	0			
詶	0			
詷	0			
詸	8657			
詹	0			
詺	0			
詻	0			
詼	0			
詽	0			
詾	0			
詿	0			
誀	0			
誁	0			
誂	0			
誃	0			
誄	0			
誅	0			
誆	0			
誇	0			
誈	8041			
誉	9009			
誊	0			
誋	0			
誌	0			
認	0			
誎	0			
誏	0			
誐	0			
誑	0			
誒	8349			
誓	0			
誔	0			
誕	0			
誖	0			
誗	0			
誘	0			
誙	0			
誚	0			
誛	0			
誜	0			
誝	0			
語	0			
誟	0			
誠	0			
誡	0			
誢	0			
誣	12991			
誤	0			
誥	0			
誦	0			
誧	0			
誨	0			
誩	0			
說	0			
誫	0			
説	0			
読	0			
誮	0			
誯	0			
誰	0			
誱	0			
課	0			
誳	0			
誴	0			
誵	0			
誶	0			
誷	0			
誸	0			
誹	0			
誺	0			
誻	0			
誼	0			
誽	0			
誾	0			
調	0			
諀	0			
諁	0			
諂	0			
諃	0			
諄	0			
諅	0			
諆	0			
談	0			
諈	0			
諉	0			
諊	0			
請	0			
諌	0			
諍	0			
諎	0			
諏	0			
諐	0			
諑	0			
諒	0			
諓	0			
諔	0			
諕	0			
論	0			
諗	0			
諘	0			
諙	0			
諚	0			
諛	0			
諜	0			
諝	0			
諞	0			
諟	0			
諠	0			
諡	0			
諢	0			
諣	0			
諤	0			
諥	0			
諦	0			
諧	0			
諨	0			
諩	0			
諪	0			
諫	0			
諬	0			
諭	0			
諮	0			
諯	0			
諰	0			
諱	0			
諲	0			
諳	0			
諴	0			
諵	0			
諶	0			
諷	0			
諸	0			
諹	0			
諺	0			
諻	0			
諼	0			
諽	0			
諾	0			
諿	0			
謀	0			
謁	0			
謂	0			
謃	12991			
謄	0			
謅	0			
謆	9383			
謇	0			
謈	0			
謉	0			
謊	0			
謋	0			
謌	0			
謍	0			
謎	0			
謏	0			
謐	0			
謑	0			
謒	0			
謓	0			
謔	0			
謕	0			
謖	0			
謗	0			
謘	0			
謙	0			
謚	0			
講	0			
謜	0			
謝	0			
謞	0			
謟	0			
謠	0			
謡	0			
謢	0			
謣	0			
謤	0			
謥	9614			
謦	0			
謨	0			
謩	0			
謪	0			
謫	0			
謬	0			
謭	0			
謮	0			
謯	0			
謰	0			
謱	0			
謲	0			
謳	0			
謴	0			
謵	0			
謶	0			
謷	0			
謸	0			
謹	0			
謺	0			
謻	0			
謼	0			
謽	0			
謾	0			
謿	0			
譀	0			
譁	0			
譂	0			
譃	0			
譄	0			
譅	0			
譆	0			
譇	0			
譈	0			
證	0			
譊	0			
譋	0			
譌	0			
譍	0			
譎	0			
譏	0			
譐	0			
譑	0			
譒	0			
譓	0			
譔	0			
譕	0			
譖	0			
譗	0			
識	0			
譙	0			
譚	0			
譛	0			
譜	0			
譝	0			
譞	0			
譟	0			
譠	0			
譡	0			
譢	0			
譣	0			
譤	0			
譥	9152			
警	12991			
譧	0			
譨	0			
譩	0			
譪	0			
譫	8305			
譬	0			
譭	0			
譮	0			
譯	0			
議	0			
譱	0			
譲	0			
譳	0			
譴	0			
譵	0			
譶	0			
護	0			
譸	0			
譹	0			
譺	0			
譻	0			
譼	0			
譽	0			
譾	0			
譿	0			
讀	0			
讁	0			
讂	0			
讃	0			
讄	0			
讅	0			
讆	0			
讇	0			
讈	0			
讉	0			
變	0			
讋	0			
讌	0			
讍	0			
讎	0			
讏	0			
讐	0			
讑	0			
讒	0			
讓	0			
讔	0			
讕	0			
讖	0			
讗	0			
讘	0			
讙	0			
讚	0			
讛	0			
讜	0			
讝	0			
讞	0			
讟	14575			
讠	10054			
计	8492			
讣	8217			
认	8591			
讥	8525			
讦	8899			
讧	8844			
讨	8074			
让	9185			
讪	8646			
讫	0			
讬	9691			
训	8041			
议	9691			
讯	8415			
记	8921			
讲	9614			
讳	8481			
讵	8129			
讶	8217			
讷	9537			
许	9878			
讹	0			
讻	9141			
讼	10769			
讽	12364			
访	8723			
诂	8525			
诃	9394			
评	9086			
诅	8734			
识	0			
诇	8261			
诈	8987			
诉	9020			
诊	8492			
诋	8448			
诌	10846			
词	8206			
诏	0			
诐	8041			
译	8646			
诒	9361			
诓	8756			
诔	8349			
试	8569			
诖	8481			
诗	8525			
诘	8811			
诙	10736			
诚	9174			
诜	8701			
话	8261			
诞	8052			
诟	10153			
诠	11099			
诡	8041			
诣	8470			
诤	10164			
该	10681			
诧	9537			
诩	0			
诪	9350			
诫	8646			
语	9009			
诮	8074			
误	8052			
诰	8272			
诱	11407			
诲	8877			
说	9141			
诵	8327			
诶	9614			
请	8536			
诸	8602			
诹	8558			
诺	8668			
读	8668			
诼	12496			
诽	8646			
谀	8932			
谁	9515			
谂	10615			
调	11605			
谅	8866			
谇	8954			
谈	0			
谉	8041			
谊	8745			
谋	9152			
谌	12848			
谍	9031			
谐	8767			
谑	7964			
谒	8184			
谓	8030			
谔	8041			
谕	9614			
谖	10736			
谗	8514			
谙	8613			
谚	7942			
谛	8690			
谜	9537			
谝	0			
谞	8745			
谟	8734			
谠	8987			
谡	8602			
谢	9075			
谣	9889			
谤	9273			
谦	8140			
谧	10241			
谨	8415			
谪	9383			
谫	8316			
谬	8954			
谭	8624			
谮	9482			
谯	8855			
谰	8987			
谱	8184			
谲	8613			
谳	9614			
谴	8657			
谵	8712			
谶	8723			
谷	0			
谹	0			
谺	0			
谻	0			
谼	0			
谽	0			
谾	0			
谿	0			
豀	8437			
豁	0			
豃	0			
豄	0			
豅	7997			
豆	8580			
豇	0			
豈	8954			
豉	0			
豊	0			
豋	8657			
豌	0			
豍	0			
豎	0			
豏	0			
豐	0			
豑	0			
豒	0			
豓	0			
豔	8734			
豕	0			
豗	0			
豘	0			
豙	9482			
豚	0			
豛	0			
豜	0			
豝	0			
豞	12991			
豟	0			
豠	8624			
象	9174			
豢	0			
豣	0			
豤	0			
豥	0			
豦	0			
豧	0			
豨	0			
豩	9174			
豪	8041			
豫	0			
豬	0			
豭	0			
豮	0			
豯	0			
豰	0			
豱	0			
豲	8767			
豳	0			
豴	0			
豵	0			
豶	0			
豷	8074			
豸	8008			
豹	8976			
豺	0			
豼	0			
豽	0			
豾	0			
豿	0			
貀	0			
貁	8734			
貂	0			
貃	0			
貄	8921			
貅	0			
貆	0			
貇	0			
貈	9867			
貉	0			
貋	8195			
貌	0			
貍	0			
貎	0			
貏	0			
貐	0			
貑	0			
貒	0			
貓	8745			
貔	0			
貕	0			
貖	0			
貗	8195			
貘	0			
貙	0			
貚	0			
貛	0			
貜	0			
貝	0			
貞	0			
貟	0			
負	0			
財	0			
貢	0			
貣	0			
貤	0			
貥	0			
貦	0			
貧	0			
貨	0			
販	0			
貪	0			
貫	0			
責	0			
貭	0			
貮	0			
貯	0			
貰	0			
貱	0			
貲	0			
貳	0			
貴	0			
貵	0			
貶	0			
買	0			
貸	0			
貹	0			
貺	0			
費	0			
貼	0			
貽	0			
貾	0			
貿	0			
賀	0			
賁	0			
賂	0			
賃	0			
賄	0			
賅	0			
賆	0			
資	0			
賈	0			
賉	0			
賊	0			
賋	0			
賌	0			
賍	12991			
賎	0			
賏	0			
賐	0			
賑	0			
賒	0			
賓	0			
賔	0			
賕	0			
賖	0			
賗	0			
賘	0			
賙	0			
賚	0			
賛	0			
賜	0			
賝	0			
賞	0			
賟	0			
賠	0			
賡	0			
賢	0			
賣	0			
賤	0			
賥	0			
賦	0			
賧	0			
賨	0			
賩	0			
質	0			
賫	0			
賬	0			
賭	0			
賮	0			
賯	0			
賰	0			
賱	0			
賲	0			
賳	0			
賴	0			
賵	0			
賶	0			
賷	0			
賸	0			
賹	0			
賺	0			
賻	0			
購	0			
賽	0			
賾	0			
賿	0			
贀	0			
贁	0			
贂	0			
贃	0			
贄	0			
贅	0			
贆	0			
贇	0			
贈	0			
贉	0			
贊	0			
贋	0			
贌	0			
贍	0			
贎	0			
贏	0			
贐	0			
贑	0			
贒	0			
贓	0			
贔	0			
贕	0			
贖	0			
贗	0			
贘	0			
贙	0			
贚	0			
贛	0			
贜	7887			
贝	8657			
贞	8492			
负	0			
贠	8272			
贡	10362			
财	9889			
贤	9460			
败	9669			
货	9009			
贩	8657			
贪	9383			
贫	10307			
贬	8327			
贮	9416			
贯	10846			
贱	8349			
贳	8690			
贴	10791			
贵	9152			
贷	11825			
费	8745			
贼	8074			
贽	12309			
贾	9724			
赁	8668			
赃	8404			
资	8250			
赅	9053			
赆	9658			
赇	8470			
赈	8261			
赉	8767			
赊	8492			
赋	9845			
赌	9713			
赎	9372			
赏	8756			
赐	0			
赒	8448			
赓	8844			
赔	8844			
赕	8261			
赖	0			
赗	8712			
赘	8492			
赙	9119			
赚	8602			
赛	8569			
赜	8613			
赝	8624			
赞	0			
赟	8624			
赠	9185			
赡	8811			
赢	10362			
赣	8602			
赦	9086			
赧	0			
赨	0			
赩	0			
赪	8140			
赫	8415			
赭	0			
赮	0			
赯	8965			
走	0			
赱	0			
赲	9064			
赳	8492			
赴	8206			
赵	11132			
赶	0			
赸	0			
赹	0			
赺	12991			
赻	0			
赼	0			
赽	0			
赾	0			
赿	0			
趀	8712			
趁	0			
趃	8668			
趄	8712			
超	0			
趆	0			
趇	0			
趈	0			
趉	7887			
越	8701			
趋	0			
趌	0			
趍	0			
趎	0			
趏	0			
趐	8404			
趑	0			
趒	0			
趓	7986			
趔	0			
趕	0			
趖	0			
趗	0			
趘	0			
趙	0			
趚	0			
趛	0			
趜	0			
趝	0			
趞	9196			
趟	0			
趠	0			
趡	0			
趢	8591			
趣	0			
趤	0			
趥	0			
趦	0			
趧	0			
趨	0			
趩	0			
趪	0			
趫	0			
趬	0			
趭	0			
趮	0			
趯	0			
趰	9174			
趱	0			
趲	9086			
足	8580			
趴	8008			
趵	0			
趶	0			
趷	9416			
趸	8668			
趺	0			
趻	9383			
趼	0			
趽	8591			
趾	8624			
趿	0			
跀	0			
跁	0			
跂	8063			
跃	8954			
跄	0			
跅	8866			
跆	0			
跇	0			
跈	0			
跉	0			
跊	9735			
跋	8525			
跎	8943			
跏	0			
跐	9163			
跑	0			
跒	0			
跓	0			
跔	0			
跕	8591			
跖	8668			
跗	0			
跘	0			
跙	9383			
跚	8492			
跛	0			
跜	9713			
距	8206			
跟	0			
跡	0			
跢	9889			
跣	8668			
跤	0			
跥	0			
跦	0			
跧	8976			
跨	14245			
跪	0			
跭	0			
跮	8327			
路	0			
跰	0			
跱	0			
跲	8800			
跳	0			
跴	8800			
践	9174			
跷	7887			
跸	9504			
跹	9834			
跺	0			
跼	8415			
跽	0			
跾	0			
跿	0			
踀	0			
踁	0			
踂	0			
踃	0			
踄	8877			
踅	0			
踇	0			
踈	9042			
踉	9141			
踊	0			
踋	9086			
踌	0			
踎	8470			
踏	12991			
踐	0			
踑	0			
踒	0			
踓	8580			
踔	0			
踕	0			
踖	0			
踗	0			
踘	0			
踙	0			
踚	0			
踛	0			
踜	9295			
踝	10494			
踞	0			
踠	0			
踡	8448			
踢	8492			
踣	0			
踤	0			
踥	0			
踦	0			
踧	0			
踨	10505			
踩	0			
踫	8074			
踬	0			
踭	9339			
踮	8591			
踯	0			
踰	8459			
踱	0			
踲	0			
踳	0			
踴	8998			
踵	0			
踶	0			
踷	0			
踸	8569			
踹	8800			
踺	0			
踻	0			
踼	9031			
踽	0			
踾	0			
踿	8734			
蹀	9537			
蹁	8866			
蹂	0			
蹃	8745			
蹄	0			
蹅	0			
蹆	10736			
蹇	8932			
蹉	8778			
蹊	8470			
蹋	0			
蹌	0			
蹍	0			
蹎	0			
蹏	0			
蹐	8228			
蹑	9031			
蹒	0			
蹓	0			
蹔	0			
蹕	0			
蹖	0			
蹗	0			
蹘	8976			
蹙	0			
蹛	0			
蹜	0			
蹝	0			
蹞	0			
蹟	0			
蹠	0			
蹡	0			
蹢	0			
蹣	0			
蹤	0			
蹥	8151			
蹦	0			
蹨	8371			
蹩	0			
蹫	10758			
蹬	9614			
蹯	9372			
蹰	0			
蹱	9075			
蹲	8976			
蹴	0			
蹵	8184			
蹶	0			
蹷	0			
蹸	0			
蹹	0			
蹺	0			
蹻	8987			
蹼	0			
蹽	0			
蹾	9427			
蹿	8162			
躁	0			
躂	0			
躃	0			
躄	8932			
躅	0			
躆	9372			
躇	0			
躉	0			
躊	0			
躋	0			
躌	0			
躍	0			
躎	8910			
躏	7986			
躐	0			
躑	0			
躒	0			
躓	9372			
躔	0			
躕	0			
躖	0			
躗	0			
躘	0			
躙	0			
躚	0			
躛	9251			
躜	0			
躝	8602			
躞	12991			
躟	0			
躠	0			
躡	0			
躢	0			
躣	0			
躤	0			
躥	0			
躦	0			
躧	0			
躨	0			
躩	0			
躪	9174			
身	8448			
躬	0			
躭	0			
躮	8701			
躯	0			
躰	0			
躱	8459			
躲	0			
躴	0			
躵	0			
躶	0			
躷	0			
躸	0			
躹	9636			
躺	0			
躻	0			
躼	0			
躽	0			
躾	0			
躿	0			
軀	0			
軁	0			
軂	0			
軃	0			
軄	0			
軅	0			
軆	0			
軇	0			
軈	0			
軉	0			
車	0			
軋	0			
軌	0			
軍	8184			
軎	0			
軐	0			
軑	0			
軒	0			
軓	0			
軔	0			
軕	0			
軖	0			
軗	0			
軘	0			
軙	0			
軚	0			
軛	0			
軜	0			
軝	0			
軞	0			
軟	0			
軠	0			
軡	0			
転	0			
軣	0			
軤	0			
軥	0			
軦	0			
軧	0			
軨	0			
軩	0			
軪	0			
軫	0			
軬	0			
軭	0			
軮	0			
軯	0			
軰	0			
軱	0			
軲	0			
軳	0			
軴	0			
軵	0			
軶	0			
軷	0			
軸	0			
軹	0			
軺	0			
軻	0			
軼	0			
軽	0			
軾	0			
軿	0			
輀	0			
輁	0			
輂	0			
較	0			
輄	12991			
輅	0			
輆	0			
輇	0			
輈	0			
載	0			
輊	0			
輋	0			
輌	0			
輍	0			
輎	0			
輏	0			
輐	0			
輑	0			
輒	0			
輓	0			
輔	0			
輕	0			
輖	0			
輗	0			
輘	0			
輙	0			
輚	0			
輛	0			
輜	0			
輝	0			
輞	0			
輟	0			
輠	0			
輡	0			
輢	0			
輣	0			
輤	0			
輥	0			
輦	0			
輧	0			
輨	0			
輩	0			
輪	0			
輫	0			
輬	0			
輭	0			
輮	0			
輯	0			
輰	0			
輱	0			
輲	0			
輳	0			
輴	0			
輵	0			
輶	0			
輷	0			
輸	0			
輹	0			
輺	0			
輻	0			
輼	0			
輽	0			
輾	0			
輿	0			
轀	0			
轁	0			
轂	0			
轃	0			
轄	0			
轅	0			
轆	0			
轇	0			
轈	0			
轉	0			
轊	0			
轋	0			
轌	0			
轍	0			
轎	0			
轏	0			
轐	0			
轑	0			
轒	0			
轓	0			
轔	0			
轕	0			
轖	0			
轗	0			
轘	0			
轙	0			
轚	0			
轛	0			
轜	0			
轝	0			
轞	0			
轟	0			
轠	0			
轡	0			
轢	0			
轣	0			
轤	12991			
轥	8712			
车	8811			
轧	10725			
轨	0			
轪	8217			
轫	9592			
转	8030			
轭	9317			
轮	9339			
软	11055			
轰	8492			
轲	8932			
轳	8811			
轴	8591			
轵	8041			
轶	8954			
轷	9020			
轸	8327			
轹	9075			
轺	9317			
轻	8349			
轼	8228			
载	8074			
轾	8481			
轿	10153			
辁	8327			
辂	9933			
较	9009			
辅	9042			
辆	9262			
辇	7887			
辈	13519			
辉	0			
辌	16907			
辍	0			
辒	9317			
输	8371			
辔	9405			
辕	9427			
辖	9020			
辗	9845			
辘	10615			
辚	8327			
辜	0			
辝	10406			
辞	0			
辡	0			
辢	8382			
辣	0			
辤	0			
辥	0			
辦	0			
辧	10406			
辨	8459			
辫	0			
辭	0			
辮	0			
辯	9152			
辰	8635			
辱	0			
農	0			
辳	0			
辴	0			
辵	14575			
辶	0			
辷	0			
辸	8635			
边	0			
辻	0			
込	10230			
辽	0			
迀	9273			
迁	8250			
迂	0			
迃	8437			
迄	9691			
迅	0			
迆	9031			
过	0			
迉	0			
迊	0			
迋	0			
迌	0			
迍	8811			
迎	0			
迏	8877			
运	8767			
近	8129			
迓	9614			
返	8591			
迕	0			
迖	0			
迗	8877			
还	7777			
这	0			
迚	10934			
进	8789			
违	9075			
连	8954			
迟	0			
迡	9317			
迢	0			
迣	8646			
迤	9273			
迥	8943			
迦	0			
迧	7997			
迨	8272			
迩	9955			
迪	0			
迬	10032			
迭	0			
迯	9108			
述	0			
迱	0			
迲	8602			
迳	0			
迴	0			
迵	0			
迶	8690			
迷	9944			
迸	0			
迺	0			
迻	0			
迼	8877			
追	0			
迾	0			
迿	8569			
退	9141			
送	8349			
适	8844			
逃	9108			
逄	8679			
逅	8349			
逆	0			
逇	0			
逈	9867			
选	9691			
逊	7931			
逋	0			
逌	9317			
逍	0			
逎	8470			
透	8932			
逐	9658			
逑	7942			
递	8910			
途	0			
逕	8305			
逖	7997			
逗	0			
逘	0			
這	8734			
通	8712			
逛	8349			
逝	10945			
逞	8360			
造	9295			
逡	9273			
逢	0			
逤	0			
逥	8932			
逦	0			
逧	0			
逨	0			
逩	0			
逪	0			
逫	0			
逬	9174			
逭	8580			
逮	8327			
逯	0			
逰	0			
週	0			
進	0			
逳	0			
逴	9328			
逵	8393			
逶	0			
逷	8041			
逸	0			
逹	0			
逺	8074			
逻	8074			
逼	8646			
逾	0			
逿	0			
遀	10824			
遁	0			
遃	9647			
遄	0			
遅	0			
遆	8041			
遇	0			
遈	0			
遉	0			
遊	0			
運	0			
遌	8459			
遍	10274			
遏	9493			
遑	9658			
遒	7942			
道	0			
達	12991			
違	0			
遖	8646			
遗	8052			
遘	0			
遙	0			
遚	8558			
遛	0			
遜	0			
遝	0			
遞	0			
遟	0			
遠	0			
遡	8624			
遢	9614			
遣	0			
遤	9075			
遥	0			
遦	0			
遧	8184			
遨	0			
適	0			
遪	0			
遫	0			
遬	8547			
遭	8107			
遮	0			
遯	0			
遰	0			
遱	0			
遲	0			
遳	9427			
遴	9251			
遵	0			
遶	0			
遷	0			
選	0			
遹	0			
遺	0			
遻	0			
遼	8481			
遽	0			
遾	9427			
避	0			
邁	8602			
邂	8866			
邃	0			
還	0			
邅	0			
邆	0			
邇	8734			
邈	0			
邉	0			
邊	8591			
邋	0			
邌	0			
邍	0			
邎	0			
邏	0			
邐	8041			
邑	0			
邒	8206			
邓	8800			
邕	0			
邖	9273			
邗	0			
邘	8932			
邙	0			
邚	9757			
邛	0			
邜	9185			
邝	0			
邞	0			
邟	0			
邠	8789			
邡	9493			
邢	8173			
那	0			
邤	0			
邥	8338			
邦	0			
邨	0			
邩	9031			
邪	0			
邫	8250			
邬	0			
邭	9075			
邮	9273			
邯	8866			
邰	9317			
邱	0			
邲	8448			
邳	8987			
邴	8866			
邵	7887			
邶	0			
邷	8492			
邸	8602			
邹	7964			
邺	9427			
邻	0			
邽	8536			
邾	0			
邿	0			
郀	8041			
郁	0			
郂	0			
郃	8888			
郄	8074			
郅	0			
郆	10208			
郇	0			
郈	0			
郉	8668			
郊	0			
郋	0			
郌	0			
郍	11055			
郎	8987			
郐	8470			
郑	0			
郒	8877			
郓	0			
郔	0			
郕	0			
郖	9097			
郗	0			
郘	0			
郙	0			
郚	9009			
郛	8052			
郜	9174			
郝	0			
郟	0			
郠	9119			
郡	8811			
郢	0			
郣	0			
郤	0			
郥	8327			
郦	9482			
郧	7755			
部	0			
郩	0			
郪	8745			
郫	0			
郬	8030			
郭	8954			
郯	0			
郰	0			
郱	0			
郲	0			
郳	8855			
郴	0			
郵	0			
郶	0			
郷	8459			
郸	12991			
郹	0			
郺	0			
郻	0			
郼	7997			
都	9163			
郾	0			
郿	0			
鄀	0			
鄁	8030			
鄂	9240			
鄄	0			
鄅	0			
鄆	0			
鄇	0			
鄈	0			
鄉	0			
鄊	0			
鄋	0			
鄌	0			
鄍	0			
鄎	0			
鄏	0			
鄐	0			
鄑	0			
鄒	0			
鄓	0			
鄔	0			
鄕	0			
鄖	0			
鄗	0			
鄘	8437			
鄙	0			
鄛	0			
鄜	9251			
鄝	8800			
鄟	8514			
鄣	9185			
鄤	8899			
鄰	8602			
鄲	9306			
鄺	0			
酄	8932			
酆	0			
酇	0			
酈	8789			
酉	8679			
酊	9658			
酋	8668			
酌	8371			
配	8261			
酎	8646			
酏	8514			
酐	0			
酑	9317			
酒	0			
酔	0			
酕	0			
酖	8987			
酗	0			
酘	0			
酙	8932			
酚	0			
酜	8877			
酝	8426			
酞	0			
酟	0			
酠	11869			
酡	8327			
酤	9196			
酥	0			
酦	0			
酧	0			
酨	10186			
酩	9086			
酬	9031			
酮	12815			
酯	9009			
酲	11935			
酴	10901			
酷	8206			
酹	0			
酻	0			
酼	12650			
酽	0			
醀	0			
醁	0			
醂	0			
醃	0			
醄	8525			
醅	9988			
醇	0			
醈	8679			
醉	0			
醊	14465			
醋	12991			
醏	13783			
醐	0			
醓	0			
醔	0			
醕	0			
醖	0			
醗	0			
醘	0			
醙	8690			
醚	10153			
醛	0			
醜	0			
醝	0			
醞	0			
醟	0			
醠	0			
醡	11407			
醢	0			
醥	0			
醦	0			
醧	0			
醨	0			
醩	8844			
醪	0			
醬	11957			
醭	0			
醱	0			
醲	0			
醳	9922			
醴	0			
醷	0			
醸	0			
醹	9867			
醺	9988			
醼	8349			
释	10010			
釋	8393			
野	9042			
量	10428			
釐	0			
針	0			
釧	0			
釨	0			
釩	0			
釪	0			
釫	0			
釬	0			
釭	0			
釮	0			
釯	0			
釰	0			
釱	0			
釲	0			
釳	0			
釴	0			
釵	0			
釶	0			
釷	0			
釸	0			
釹	0			
釺	0			
釻	0			
釼	0			
釽	0			
釾	0			
釿	0			
鈀	0			
鈁	0			
鈂	0			
鈃	0			
鈄	0			
鈅	12991			
鈆	0			
鈇	0			
鈈	0			
鈉	0			
鈊	0			
鈋	0			
鈌	0			
鈍	0			
鈎	0			
鈏	0			
鈐	0			
鈑	0			
鈒	0			
鈓	0			
鈔	0			
鈕	0			
鈖	0			
鈗	0			
鈘	0			
鈙	0			
鈚	0			
鈛	0			
鈜	0			
鈝	0			
鈞	0			
鈟	0			
鈠	0			
鈡	0			
鈢	0			
鈣	0			
鈤	0			
鈥	0			
鉇	0			
鉈	0			
鉉	0			
鉊	0			
鉋	0			
鉌	0			
鉍	0			
鉎	0			
鉏	0			
鉐	0			
鉑	0			
鉒	0			
鉓	0			
鉔	0			
鉕	0			
鉖	0			
鉗	0			
鉘	0			
鉙	0			
鉚	0			
鉛	0			
鉜	0			
鉝	0			
鉞	0			
鉟	0			
鉠	0			
鉡	0			
鉢	0			
鉣	0			
鉤	0			
鉥	12991			
鉦	0			
鉧	0			
鉨	0			
鉩	0			
鉪	0			
鉫	0			
鉬	0			
鉭	0			
鉮	0			
鉯	0			
鉰	0			
鉱	0			
鉲	0			
鉳	8800			
鉴	0			
鉶	0			
鉷	0			
鉸	0			
鉹	0			
鉺	0			
鉻	0			
鉼	0			
鉽	0			
鉾	0			
鉿	0			
銀	0			
銁	0			
銂	0			
銃	0			
銄	0			
銅	9757			
銈	0			
銏	0			
銩	0			
銪	0			
銫	0			
銬	0			
銭	9482			
銮	0			
銯	0			
銰	0			
銱	0			
銲	0			
銳	0			
銴	0			
銵	0			
銶	0			
銷	0			
銸	0			
銹	0			
銺	0			
銻	0			
銼	0			
銽	0			
銾	0			
銿	0			
鋀	0			
鋁	0			
鋂	0			
鋃	0			
鋄	0			
鋅	0			
鋆	0			
鋇	8074			
鋈	0			
鋉	12991			
鋊	0			
鋋	0			
鋌	0			
鋍	0			
鋎	0			
鋏	0			
鋐	0			
鋑	0			
鋒	0			
鋓	0			
鋔	0			
鋕	0			
鋖	0			
鋗	0			
鋘	0			
鋙	0			
鋚	0			
鋛	0			
鋜	0			
鋝	0			
鋞	0			
鋟	0			
鋠	0			
鋡	0			
鋢	0			
鋣	0			
鋤	0			
鋥	0			
鋦	0			
鋧	0			
鋨	0			
鋩	0			
錋	0			
錌	0			
錍	0			
錎	0			
錏	0			
錐	0			
錑	0			
錒	0			
錓	0			
錔	0			
錕	0			
錖	0			
錗	0			
錘	0			
錙	0			
錚	0			
錛	0			
錜	0			
錝	0			
錞	0			
錟	0			
錠	0			
錡	0			
錢	0			
錣	0			
錤	0			
錥	0			
錦	0			
錧	0			
錨	0			
錩	12991			
錪	0			
錫	0			
錬	0			
錭	0			
錮	0			
錯	0			
錰	0			
錱	0			
録	0			
錳	0			
錴	0			
錵	0			
錶	0			
錷	0			
錸	0			
錹	0			
錺	0			
錻	0			
錼	0			
錽	8624			
錾	0			
錿	0			
鍀	0			
鍁	0			
鍂	0			
鍃	0			
鍄	0			
鍅	0			
鍆	0			
鍇	0			
鍈	0			
鍉	8745			
鍊	0			
鍫	0			
鍭	0			
鍮	0			
鍯	0			
鍰	0			
鍱	0			
鍲	0			
鍳	0			
鍴	0			
鍵	0			
鍶	0			
鍷	0			
鍸	0			
鍹	0			
鍺	0			
鍻	0			
鍼	0			
鍽	0			
鍾	0			
鍿	0			
鎀	0			
鎁	0			
鎂	0			
鎃	0			
鎄	0			
鎅	0			
鎆	0			
鎇	0			
鎈	0			
鎉	0			
鎊	0			
鎋	12991			
鎌	0			
鎍	0			
鎎	8976			
鎏	0			
鎐	0			
鎑	0			
鎒	0			
鎓	0			
鎔	0			
鎕	0			
鎖	0			
鎗	0			
鎘	0			
鎙	0			
鎚	0			
鎛	0			
鎜	0			
鎝	0			
鎞	0			
鎟	0			
鎠	0			
鎡	0			
鎢	0			
鎣	0			
鎤	0			
鎥	0			
鎦	0			
鎧	0			
鎨	0			
鎩	0			
鎪	0			
鎫	7832			
鎬	0			
鏋	0			
鏏	0			
鏐	0			
鏑	0			
鏒	0			
鏓	0			
鏔	0			
鏕	8184			
鏖	0			
鏗	0			
鏘	0			
鏙	0			
鏚	0			
鏛	0			
鏜	0			
鏝	0			
鏞	0			
鏟	0			
鏠	0			
鏡	0			
鏢	0			
鏣	0			
鏤	0			
鏥	0			
鏦	0			
鏧	0			
鏨	0			
鏩	0			
鏪	0			
鏫	0			
鏬	0			
鏭	0			
鏮	12991			
鏯	0			
鏰	0			
鏱	0			
鏲	0			
鏳	0			
鏴	0			
鏵	0			
鏶	0			
鏷	0			
鏸	0			
鏹	0			
鏺	0			
鏻	0			
鏼	0			
鏽	0			
鏾	0			
鏿	0			
鐀	0			
鐁	0			
鐂	0			
鐃	0			
鐄	0			
鐅	0			
鐆	0			
鐇	0			
鐈	0			
鐉	0			
鐊	0			
鐋	0			
鐌	0			
鐍	0			
鐎	0			
鐰	0			
鐱	0			
鐲	0			
鐳	0			
鐴	0			
鐵	0			
鐶	0			
鐷	0			
鐸	0			
鐹	0			
鐺	0			
鐻	0			
鐼	0			
鐽	7887			
鐾	0			
鐿	0			
鑀	0			
鑁	0			
鑂	0			
鑃	0			
鑄	0			
鑅	0			
鑆	0			
鑇	0			
鑈	0			
鑉	0			
鑊	0			
鑋	0			
鑌	0			
鑍	0			
鑎	0			
鑏	12991			
鑐	0			
鑑	0			
鑒	0			
鑓	0			
鑔	0			
鑕	0			
鑖	0			
鑗	0			
鑘	0			
鑙	0			
鑚	0			
鑛	0			
鑜	0			
鑝	0			
鑞	0			
鑟	0			
鑠	0			
鑡	0			
鑢	0			
鑣	0			
鑤	0			
鑥	0			
鑦	0			
鑧	0			
鑨	0			
鑩	0			
鑪	9724			
鑫	0			
鑬	0			
鑭	0			
鑮	0			
鑯	14575			
鑰	8525			
钆	8646			
钇	8657			
针	8492			
钉	8393			
钊	8580			
钋	8976			
钌	8910			
钍	9273			
钎	9218			
钏	9383			
钐	9614			
钑	10142			
钓	8899			
钕	8712			
钖	9504			
钘	8426			
钛	8481			
钜	10923			
钝	8657			
钟	8404			
钠	7887			
钡	10780			
钢	9614			
钤	8470			
钥	9911			
钦	10285			
钧	8239			
钩	8877			
钪	8789			
钫	8602			
钬	8943			
钭	8877			
钮	8415			
钯	8041			
钰	9614			
钱	8657			
钲	9614			
钳	8723			
钴	8129			
钵	8492			
钶	8899			
钷	7755			
钸	8492			
钹	8063			
钺	9251			
钻	8261			
钼	8954			
钽	10593			
钾	9075			
铀	8976			
铁	8492			
铂	10879			
铃	9273			
铅	8778			
铆	8349			
铇	9482			
铉	8525			
铊	7887			
铋	8899			
铌	8745			
铍	8459			
铎	8635			
铏	8844			
铑	8272			
铒	8789			
铓	9009			
铖	9372			
铗	8393			
铘	8987			
铙	8712			
铚	9031			
铜	9042			
铝	8558			
铞	8943			
铟	9130			
铠	8811			
铡	8536			
铢	9460			
铣	9438			
铤	8591			
铥	9174			
铦	10153			
铨	10615			
铩	12430			
铫	14311			
铮	19261			
铲	9768			
铷	10340			
铹	11671			
铻	11341			
铿	9262			
锁	21098			
锂	15092			
锉	15906			
锍	8448			
锑	20504			
锒	12562			
锘	18117			
锛	8118			
锢	8074			
锣	9295			
锤	8877			
锥	9526			
锦	9152			
锨	9757			
锩	8437			
锪	8844			
锫	8954			
锬	8492			
锭	12617			
键	8404			
锱	8888			
锲	0			
锳	9130			
锴	9130			
锵	8910			
锶	8030			
锷	8888			
锸	9174			
锹	8657			
锺	11044			
锻	0			
锽	9724			
锾	8030			
锿	9460			
镀	8261			
镂	0			
镃	8492			
镄	8525			
镅	8195			
镆	8470			
镇	0			
镈	8206			
镉	8228			
镊	0			
镋	9416			
镌	8228			
镍	8954			
镎	8976			
镏	12034			
镐	8943			
镓	8767			
镔	0			
镕	8371			
镖	9339			
镗	8338			
镘	8074			
镙	0			
镚	8800			
镛	8602			
镜	8129			
镝	9086			
镞	9482			
镟	0			
镠	8954			
镡	8184			
镢	10692			
镣	8932			
镥	9075			
镦	8855			
镧	8987			
镨	9427			
镩	9471			
镪	8206			
镫	8349			
镬	8756			
镭	8668			
镯	9075			
镰	8041			
镱	9185			
镲	8371			
镳	0			
镴	0			
镵	8800			
镶	0			
長	0			
镸	0			
镹	0			
镺	0			
镻	0			
镼	0			
镽	0			
镾	9251			
长	0			
門	0			
閁	0			
閂	0			
閃	0			
閄	0			
閅	0			
閆	0			
閇	0			
閈	0			
閉	0			
閊	0			
開	12991			
閌	0			
閍	0			
閎	0			
閏	0			
閐	0			
閑	0			
閒	0			
間	0			
閔	0			
閕	0			
閖	0			
閗	0			
閘	0			
閙	0			
閚	0			
閛	0			
閜	0			
閝	0			
閞	0			
閟	0			
閠	0			
閡	0			
関	0			
閣	0			
閤	0			
閥	0			
閦	0			
閧	0			
閨	0			
閩	0			
閪	0			
閫	0			
闍	0			
闎	0			
闏	0			
闐	0			
闑	0			
闒	0			
闓	0			
闔	0			
闕	0			
闖	0			
闗	0			
闘	0			
闙	0			
闚	0			
闛	0			
關	0			
闝	0			
闞	0			
闟	0			
闠	0			
闡	0			
闢	0			
闣	0			
闤	0			
闥	0			
闦	0			
闧	8789			
门	9658			
闩	9768			
闪	9163			
闫	0			
闬	9240			
闭	9922			
闯	9163			
闰	8789			
闱	9889			
闲	9416			
闳	10857			
间	9020			
闶	8448			
闷	8811			
闸	8404			
闹	10219			
闺	8470			
闼	8624			
闽	8239			
闾	0			
闿	9064			
阀	12903			
阁	9064			
阄	8063			
阅	8998			
阆	0			
阇	8041			
阈	8800			
阉	8954			
阊	8921			
阋	8855			
阌	9218			
阍	9163			
阎	8030			
阏	10560			
阐	8591			
阒	0			
阓	8415			
阔	8833			
阕	8833			
阖	9405			
阗	12991			
阘	8833			
阙	8789			
阚	0			
阛	8492			
阜	14575			
阝	0			
阞	8503			
队	9273			
阡	8074			
阢	0			
阣	0			
阤	0			
阥	0			
阦	0			
阧	0			
阨	0			
阩	8789			
阪	0			
阫	0			
阬	0			
阭	9339			
阮	0			
阯	0			
阰	9152			
阱	9130			
防	8998			
阳	8943			
阴	8470			
阵	8239			
阶	0			
阸	0			
阹	0			
阺	9086			
阻	8382			
阼	8822			
阽	0			
阾	8162			
阿	8525			
陀	0			
陁	8074			
陂	0			
陃	8492			
附	9658			
际	8998			
陇	10868			
陈	0			
陊	8261			
陋	8195			
陌	8404			
降	0			
陎	0			
陏	9306			
限	0			
陑	0			
陒	0			
陓	8250			
陔	9768			
陕	0			
陖	0			
陗	9262			
陘	8547			
陠	8976			
院	10109			
陣	9482			
陨	9889			
险	8844			
陪	8602			
陫	9295			
陭	8745			
陳	10967			
陵	9306			
陷	8646			
陸	8998			
隆	8393			
隇	9273			
隉	0			
隌	9493			
隍	0			
階	9009			
随	9251			
隐	0			
隑	0			
隒	0			
隓	8206			
隔	0			
隖	9328			
隗	7832			
隘	8921			
隙	0			
隚	0			
際	8327			
障	0			
隝	0			
隞	0			
隟	0			
隠	0			
隡	0			
隢	0			
隣	0			
隤	0			
隥	0			
隦	8866			
隧	0			
隨	0			
隩	0			
險	0			
隫	0			
隬	0			
隭	0			
隮	0			
隯	9460			
隰	0			
隱	0			
隲	8811			
隳	0			
隴	0			
隵	8327			
隶	0			
隷	12991			
隸	9053			
隹	0			
隻	10219			
隼	9240			
隽	9086			
难	0			
隿	8833			
雀	8613			
雁	0			
雂	0			
雃	9779			
雄	8646			
雅	8954			
集	8118			
雇	8074			
雉	0			
雊	0			
雋	10439			
雌	8668			
雎	9372			
雏	0			
雑	7821			
雒	0			
雓	0			
雔	8734			
雕	0			
雗	0			
雘	0			
雙	0			
雚	0			
雛	0			
雜	0			
雝	0			
雞	0			
雟	9086			
雠	0			
雡	0			
離	0			
難	0			
雤	0			
雥	0			
雦	0			
雧	8646			
雨	10043			
雩	0			
雫	16929			
雬	8074			
雺	9174			
雿	10582			
霁	11044			
霅	9779			
霈	13431			
霊	11220			
霔	9427			
霝	0			
霟	0			
霢	0			
霣	0			
霤	0			
霥	0			
霦	0			
霧	0			
霨	0			
霩	9251			
霪	0			
霬	8415			
霭	0			
霯	9889			
霰	8327			
露	0			
霳	0			
霴	0			
霵	0			
霶	0			
霷	9724			
霸	0			
霺	0			
霻	0			
霼	0			
霽	8778			
霾	0			
靀	0			
靁	0			
靂	0			
靃	0			
靄	0			
靅	0			
靆	0			
靇	12991			
靈	0			
靉	0			
靊	0			
靋	0			
靌	0			
靍	0			
靎	0			
靏	0			
靐	0			
靑	9317			
青	8602			
靓	0			
靕	8602			
靖	0			
靗	0			
靘	8602			
静	0			
靚	8822			
靛	0			
靝	8668			
非	8635			
靠	8690			
靡	8657			
面	0			
靣	0			
靤	7964			
靥	0			
靦	0			
靧	0			
靨	8206			
革	0			
靫	0			
靬	0			
靭	0			
靮	0			
靯	0			
靰	0			
靱	10296			
靲	14113			
靵	8514			
鞌	15004			
鞎	0			
鞙	0			
鞟	8668			
鞠	0			
鞢	8866			
鞣	0			
鞥	0			
鞦	0			
鞧	0			
鞨	0			
鞩	0			
鞪	8668			
鞫	8635			
鞭	8998			
鞯	0			
鞱	8239			
鞲	7887			
鞴	0			
鞶	0			
鞷	0			
鞸	0			
鞹	0			
鞺	0			
鞻	0			
鞼	0			
鞽	0			
鞾	0			
鞿	0			
韀	0			
韁	0			
韂	0			
韃	0			
韄	12991			
韅	0			
韆	0			
韇	0			
韈	0			
韉	0			
韊	0			
韋	0			
韌	0			
韍	0			
韎	0			
韏	0			
韐	0			
韑	0			
韒	0			
韓	0			
韔	0			
韕	0			
韖	0			
韗	0			
韘	0			
韙	0			
韚	0			
韛	0			
韜	0			
韝	0			
韞	0			
韟	0			
韠	0			
韡	0			
韢	0			
韣	8789			
韤	8217			
韧	9273			
韨	16478			
韪	8877			
韴	9416			
韶	0			
韷	0			
預	0			
頑	0			
頒	0			
頓	0			
頔	0			
頕	0			
頖	0			
頗	0			
領	0			
頙	0			
頚	0			
頛	0			
頜	0			
頝	0			
頞	0			
頟	0			
頠	0			
頡	0			
頢	0			
頣	0			
頤	0			
頥	0			
頦	0			
頧	0			
頨	0			
頩	0			
頪	0			
頫	0			
頬	0			
頭	0			
頮	12991			
頯	0			
頰	0			
頱	0			
頲	0			
頳	0			
頴	0			
頵	0			
頶	0			
頷	0			
頸	0			
頹	0			
頺	0			
頻	0			
頼	0			
頽	0			
頾	0			
頿	0			
顀	0			
顁	0			
顂	0			
顃	0			
顄	0			
顅	0			
顆	0			
顇	0			
顈	0			
顉	0			
顊	0			
顋	0			
題	0			
額	0			
顎	0			
顰	0			
顱	0			
顲	0			
顳	0			
顴	7964			
页	9042			
顶	9614			
顷	8932			
顸	8624			
项	9768			
顺	9174			
须	9174			
顼	9020			
顽	13233			
顾	10648			
颁	9130			
颃	8041			
预	8932			
颅	10890			
领	9152			
颈	10505			
颉	9515			
颌	10010			
颏	9383			
频	0			
颒	9042			
颓	8756			
颔	8811			
颖	10494			
颗	0			
颙	13013			
颚	19272			
额	16643			
颤	0			
風	0			
颩	0			
颪	0			
颫	0			
颬	0			
颭	0			
颮	0			
颯	0			
颰	0			
颱	0			
颲	0			
颳	0			
颴	0			
颵	0			
颶	0			
颷	0			
颸	0			
颹	0			
颺	0			
颻	12991			
颼	0			
颽	0			
颾	0			
颿	0			
飀	0			
飁	0			
飂	0			
飃	0			
飄	0			
飅	0			
飆	0			
飇	0			
飈	0			
飉	0			
飊	0			
飋	0			
飌	0			
飍	8932			
风	0			
飐	12045			
飑	9108			
飕	0			
飗	9075			
飘	10285			
飙	0			
飜	0			
飝	10318			
飞	0			
飠	0			
飡	0			
飢	0			
飣	0			
飤	11924			
飥	0			
飩	0			
餉	0			
養	0			
餋	0			
餌	8613			
餍	0			
餎	0			
餏	9108			
餐	0			
餒	0			
餓	0			
餔	0			
餕	0			
餖	0			
餗	0			
餘	0			
餙	0			
餚	0			
餛	0			
餜	0			
餝	0			
餞	0			
餟	0			
餠	0			
餡	0			
餢	0			
餣	0			
餤	0			
餥	0			
餦	0			
餧	0			
館	0			
餩	12991			
餪	0			
餫	0			
餬	0			
餭	8547			
餮	0			
餯	0			
餰	0			
餱	0			
餲	0			
餳	0			
餴	0			
餵	0			
餶	0			
餷	0			
餸	0			
餹	0			
餺	0			
餻	0			
餼	0			
餽	0			
餾	0			
餿	0			
饀	0			
饁	0			
饂	0			
饃	0			
饄	0			
饅	0			
饆	0			
饇	0			
饈	0			
饉	8800			
饊	8514			
饕	16401			
饖	18348			
饦	8591			
饬	9009			
饭	9251			
饮	8800			
饯	8349			
饰	8613			
饱	8734			
饲	8646			
饳	9966			
饵	9130			
饷	13112			
饸	9493			
饾	8734			
馁	9559			
馂	9306			
馅	11022			
馆	8855			
馈	9108			
馉	9372			
馋	8745			
馍	0			
馎	10428			
馏	9526			
馑	8877			
馒	9647			
馓	9119			
馔	9141			
馕	9471			
首	9328			
馗	8195			
馘	8800			
香	0			
馚	0			
馛	0			
馜	0			
馝	0			
馞	0			
馟	0			
馠	0			
馡	0			
馢	0			
馣	0			
馤	8492			
馥	0			
馧	9724			
馨	0			
馩	0			
馪	0			
馫	0			
馬	0			
馭	0			
馮	0			
馯	0			
馰	0			
馱	0			
馲	0			
馳	0			
馴	0			
馵	0			
馶	0			
馷	0			
馸	0			
馹	12991			
馺	0			
馻	0			
馼	0			
馽	0			
馾	0			
馿	0			
駀	0			
駁	0			
駂	0			
駃	0			
駄	0			
駅	0			
駆	0			
駇	0			
駈	0			
駉	0			
駊	0			
駋	0			
駌	0			
駍	0			
駎	0			
駏	0			
駐	0			
駑	0			
駒	0			
駓	0			
駔	0			
駕	0			
駖	0			
駗	0			
駘	0			
駙	0			
駻	0			
駼	0			
駽	0			
駾	0			
駿	0			
騀	0			
騁	0			
騂	0			
騃	0			
騄	0			
騅	0			
騆	0			
騇	0			
騈	0			
騉	0			
騊	0			
騋	0			
騌	0			
騍	0			
騎	0			
騏	0			
騐	0			
騑	0			
騒	0			
験	0			
騔	0			
騕	0			
騖	0			
騗	0			
騘	0			
騙	12991			
騚	0			
騛	0			
騜	0			
騝	0			
騞	0			
騟	0			
騠	0			
騡	0			
騢	0			
騣	0			
騤	0			
騥	0			
騦	0			
騧	0			
騨	0			
騩	0			
騪	0			
騫	0			
騬	0			
騭	0			
騮	0			
騯	0			
騰	0			
騱	0			
騲	0			
騳	0			
騴	0			
騵	0			
騶	0			
騷	0			
騸	0			
騹	0			
驛	0			
驜	0			
驝	0			
驞	0			
驟	0			
驠	0			
驡	0			
驢	0			
驣	0			
驤	0			
驥	0			
驦	0			
驧	0			
驨	0			
驩	0			
驪	0			
驫	8745			
马	8041			
驭	8525			
驮	10208			
驯	10714			
驰	0			
驲	8492			
驳	9042			
驴	9031			
驵	8734			
驶	8734			
驷	8492			
驸	10230			
驹	8327			
驻	8525			
驼	9075			
驽	9669			
驾	7997			
骀	9317			
骁	8195			
骂	0			
骃	8668			
骄	9174			
骅	7821			
骆	8624			
骇	9537			
骈	0			
骉	8932			
骊	10516			
骋	0			
骍	0			
骎	9119			
骏	9042			
骐	9042			
骑	8360			
骒	8877			
骓	0			
骔	0			
骕	9108			
骖	9020			
骗	8074			
骘	0			
骙	9053			
骚	8074			
骛	7832			
骜	8976			
骝	11341			
骞	9075			
骠	8074			
骡	9306			
骢	9372			
骣	8261			
骤	8415			
骥	0			
骦	8800			
骧	8723			
骨	0			
骪	0			
骫	0			
骬	0			
骭	12991			
骮	0			
骯	9823			
骰	0			
骳	0			
骴	0			
骵	12804			
骶	0			
骹	9229			
骺	8206			
骼	0			
骽	0			
骾	0			
骿	7887			
髀	8492			
髁	9064			
髂	0			
髃	0			
髄	8811			
髅	0			
髆	0			
髇	0			
髈	0			
髉	0			
髊	9284			
髋	8591			
髌	0			
髍	0			
髎	0			
髏	0			
髐	8668			
髑	0			
髒	9273			
髓	0			
體	0			
髕	0			
髖	0			
髗	8250			
高	0			
髚	0			
髛	0			
髜	8371			
髝	9427			
髠	8778			
髢	9317			
髧	8404			
髬	9064			
髮	8921			
髰	8415			
髺	8811			
髼	0			
鬄	10153			
鬈	0			
鬉	0			
鬊	0			
鬋	0			
鬌	0			
鬍	0			
鬎	9064			
鬏	0			
鬐	0			
鬑	0			
鬒	8591			
鬓	0			
鬔	0			
鬕	0			
鬖	0			
鬗	0			
鬘	0			
鬙	0			
鬚	0			
鬛	0			
鬜	0			
鬝	0			
鬞	9724			
鬟	0			
鬠	0			
鬡	0			
鬢	7986			
鬣	0			
鬤	0			
鬥	0			
鬦	0			
鬧	0			
鬨	0			
鬩	0			
鬪	0			
鬫	12991			
鬬	0			
鬭	0			
鬮	8811			
鬯	0			
鬰	0			
鬱	8206			
鬲	0			
鬳	0			
鬴	0			
鬵	0			
鬶	0			
鬷	0			
鬸	0			
鬹	0			
鬺	8041			
鬻	8855			
鬼	0			
鬾	0			
鬿	0			
魀	13849			
魁	8426			
魄	8008			
魅	0			
魆	9163			
魇	9317			
魈	9559			
魉	0			
魊	0			
魋	0			
魌	8789			
魍	0			
魎	8184			
魏	0			
魐	8712			
魑	0			
魒	0			
魓	8745			
魔	0			
魕	0			
魖	0			
魗	0			
魘	0			
魙	0			
魚	0			
魛	0			
魽	0			
魾	0			
魿	0			
鮀	0			
鮁	0			
鮂	0			
鮃	0			
鮄	0			
鮅	0			
鮆	0			
鮇	0			
鮈	0			
鮉	0			
鮊	0			
鮋	0			
鮌	0			
鮍	0			
鮎	0			
鮏	0			
鮐	0			
鮑	0			
鮒	0			
鮓	0			
鮔	0			
鮕	0			
鮖	0			
鮗	0			
鮘	0			
鮙	0			
鮚	0			
鮛	12991			
鮜	0			
鮝	0			
鮞	0			
鮟	0			
鮠	0			
鮡	0			
鮢	0			
鮣	0			
鮤	0			
鮥	0			
鮦	0			
鮧	0			
鮨	0			
鮩	0			
鮪	0			
鮫	0			
鮬	0			
鮭	0			
鮮	0			
鮯	0			
鮰	0			
鮱	0			
鮲	0			
鮳	0			
鮴	0			
鮵	0			
鮶	0			
鮷	0			
鮸	0			
鮹	0			
鮺	0			
鮻	0			
鯝	0			
鯞	0			
鯟	0			
鯠	0			
鯡	0			
鯢	0			
鯣	0			
鯤	0			
鯥	0			
鯦	0			
鯧	0			
鯨	0			
鯩	0			
鯪	0			
鯫	0			
鯬	0			
鯭	0			
鯮	0			
鯯	0			
鯰	0			
鯱	0			
鯲	0			
鯳	0			
鯴	0			
鯵	0			
鯶	0			
鯷	0			
鯸	0			
鯹	0			
鯺	0			
鯻	12991			
鯼	0			
鯽	0			
鯾	0			
鯿	0			
鰀	0			
鰁	0			
鰂	0			
鰃	0			
鰄	0			
鰅	0			
鰆	0			
鰇	0			
鰈	0			
鰉	0			
鰊	0			
鰋	0			
鰌	0			
鰍	0			
鰎	0			
鰏	0			
鰐	0			
鰑	0			
鰒	0			
鰓	0			
鰔	0			
鰕	0			
鰖	0			
鰗	0			
鰘	0			
鰙	0			
鰚	0			
鰛	0			
鰽	0			
鰾	0			
鰿	0			
鱀	0			
鱁	0			
鱂	0			
鱃	0			
鱄	0			
鱅	0			
鱆	0			
鱇	0			
鱈	0			
鱉	0			
鱊	0			
鱋	0			
鱌	0			
鱍	0			
鱎	0			
鱏	0			
鱐	0			
鱑	0			
鱒	0			
鱓	0			
鱔	0			
鱕	0			
鱖	0			
鱗	0			
鱘	0			
鱙	0			
鱚	0			
鱛	12991			
鱜	0			
鱝	0			
鱞	0			
鱟	0			
鱠	0			
鱡	0			
鱢	0			
鱣	0			
鱤	0			
鱥	0			
鱦	0			
鱧	0			
鱨	0			
鱩	0			
鱪	0			
鱫	0			
鱬	0			
鱭	0			
鱮	0			
鱯	0			
鱰	0			
鱱	0			
鱲	0			
鱳	0			
鱴	0			
鱵	0			
鱶	0			
鱷	0			
鱸	0			
鱹	0			
鱺	8646			
鱻	9075			
鱽	8932			
鲀	9130			
鲂	7876			
鲃	9394			
鲆	9262			
鲇	8932			
鲈	8492			
鲉	8008			
鲌	8679			
鲎	8866			
鲏	8547			
鲑	8525			
鲒	8789			
鲓	8272			
鲕	8415			
鲖	8668			
鲛	9504			
鲜	9130			
鲝	10208			
鲟	8811			
鲠	8932			
鲡	9075			
鲢	8998			
鲣	10098			
鲤	9317			
鲦	9295			
鲧	8965			
鲨	9174			
鲩	8415			
鲪	9317			
鲬	9306			
鲮	8602			
鲯	8668			
鲱	9427			
鲲	8954			
鲳	8118			
鲴	8899			
鲵	9262			
鲶	8734			
鲷	8789			
鲸	8481			
鲹	8404			
鲻	8756			
鲼	8734			
鲽	8767			
鲾	8030			
鳄	9317			
鳅	8492			
鳆	9493			
鳇	8635			
鳈	9053			
鳋	45595			
鳌	0			
鳤	0			
鳥	0			
鳦	0			
鳧	0			
鳨	0			
鳩	0			
鳪	0			
鳫	0			
鳬	0			
鳭	0			
鳮	0			
鳯	0			
鳰	0			
鳱	0			
鳲	0			
鳳	0			
鳴	0			
鳵	0			
鳶	0			
鳷	0			
鳸	0			
鳹	0			
鳺	0			
鳻	0			
鳼	0			
鳽	0			
鳾	0			
鳿	0			
鴀	0			
鴁	0			
鴂	12991			
鴃	0			
鴄	0			
鴅	0			
鴆	0			
鴇	0			
鴈	0			
鴉	0			
鴊	0			
鴋	0			
鴌	0			
鴍	0			
鴎	0			
鴏	0			
鴐	0			
鴑	0			
鴒	0			
鴓	0			
鴔	0			
鴕	0			
鴖	0			
鴗	0			
鴘	0			
鴙	0			
鴚	0			
鴛	0			
鴜	0			
鴝	0			
鴞	0			
鴟	0			
鴠	0			
鴡	0			
鴢	0			
鵄	0			
鵅	0			
鵆	0			
鵇	0			
鵈	0			
鵉	0			
鵊	0			
鵋	0			
鵌	0			
鵍	0			
鵎	0			
鵏	0			
鵐	0			
鵑	0			
鵒	0			
鵓	0			
鵔	0			
鵕	0			
鵖	0			
鵗	0			
鵘	0			
鵙	0			
鵚	0			
鵛	0			
鵜	0			
鵝	0			
鵞	0			
鵟	0			
鵠	0			
鵡	0			
鵢	12991			
鵣	0			
鵤	0			
鵥	0			
鵦	0			
鵧	0			
鵨	0			
鵩	0			
鵪	0			
鵫	0			
鵬	0			
鵭	0			
鵮	0			
鵯	0			
鵰	0			
鵱	0			
鵲	0			
鵳	0			
鵴	0			
鵵	0			
鵶	0			
鵷	0			
鵸	0			
鵹	0			
鵺	0			
鵻	0			
鵼	0			
鵽	0			
鵾	0			
鵿	0			
鶀	0			
鶁	0			
鶂	0			
鶤	0			
鶥	0			
鶦	0			
鶧	0			
鶨	0			
鶩	0			
鶪	0			
鶫	0			
鶬	0			
鶭	0			
鶮	0			
鶯	0			
鶰	0			
鶱	0			
鶲	0			
鶳	0			
鶴	0			
鶵	0			
鶶	0			
鶷	0			
鶸	0			
鶹	0			
鶺	0			
鶻	0			
鶼	0			
鶽	0			
鶾	0			
鶿	0			
鷀	0			
鷁	0			
鷂	12991			
鷃	0			
鷄	0			
鷅	0			
鷆	0			
鷇	0			
鷈	0			
鷉	0			
鷊	0			
鷋	0			
鷌	0			
鷍	0			
鷎	0			
鷏	0			
鷐	0			
鷑	0			
鷒	0			
鷓	0			
鷔	0			
鷕	0			
鷖	0			
鷗	0			
鷘	0			
鷙	0			
鷚	0			
鷛	0			
鷜	0			
鷝	0			
鷞	0			
鷟	0			
鷠	0			
鷡	0			
鷢	0			
鸄	0			
鸅	0			
鸆	0			
鸇	0			
鸈	0			
鸉	0			
鸊	0			
鸋	0			
鸌	0			
鸍	0			
鸎	0			
鸏	0			
鸐	0			
鸑	0			
鸒	0			
鸓	0			
鸔	0			
鸕	0			
鸖	0			
鸗	0			
鸘	0			
鸙	0			
鸚	0			
鸛	0			
鸜	0			
鸝	0			
鸞	8822			
鸟	10593			
鸠	11286			
鸢	0			
鸤	8019			
鸥	8305			
鸦	0			
鸧	18524			
鸨	0			
鸮	8657			
鸯	0			
鸰	12529			
鸱	12991			
鸴	8525			
鸵	17028			
鸶	0			
鸼	12804			
鸽	15158			
鹁	9196			
鹅	9889			
鹇	8745			
鹈	8591			
鹉	8833			
鹊	8734			
鹋	8514			
鹌	0			
鹍	8074			
鹎	8965			
鹏	0			
鹐	9988			
鹑	0			
鹒	0			
鹓	0			
鹔	9350			
鹕	0			
鹖	8030			
鹗	9350			
鹘	9196			
鹚	8525			
鹛	8074			
鹜	0			
鹝	8470			
鹞	0			
鹟	0			
鹠	0			
鹡	0			
鹢	8998			
鹣	8360			
鹤	8514			
鹦	7942			
鹧	8558			
鹨	8976			
鹩	8668			
鹪	8800			
鹫	8041			
鹬	8327			
鹭	0			
鹮	0			
鹯	8514			
鹰	8745			
鹱	0			
鹲	8646			
鹳	0			
鹴	0			
鹵	0			
鹶	0			
鹷	0			
鹸	0			
鹹	0			
鹺	0			
鹻	0			
鹼	0			
鹽	10131			
鹾	0			
麀	8954			
麁	8690			
麃	9152			
麈	8690			
麉	9042			
麌	8327			
麓	8602			
麔	9427			
麞	8195			
麠	0			
麧	0			
麬	0			
麭	0			
麮	0			
麯	0			
麰	0			
麱	0			
麲	0			
麳	8701			
麴	0			
麵	0			
麶	0			
麷	8668			
麸	0			
麹	0			
麺	8745			
麻	0			
麼	8745			
麽	8811			
麾	0			
麿	0			
黀	0			
黁	0			
黂	0			
黃	9493			
黄	0			
黆	0			
黇	0			
黈	9416			
黉	0			
黊	0			
黋	0			
黌	9713			
黍	10054			
黎	8888			
黑	0			
黓	9614			
黔	0			
黕	0			
黖	12991			
黗	8195			
默	0			
黙	0			
黚	7997			
黛	8932			
黜	8789			
黝	0			
點	8250			
黟	9427			
黠	0			
黡	8591			
黢	0			
黣	0			
黤	9614			
黥	0			
黦	8932			
黧	0			
黨	8668			
黩	9438			
黪	0			
黫	0			
黬	0			
黭	0			
黮	8294			
黯	0			
黰	0			
黱	0			
黲	0			
黳	0			
黴	0			
黵	0			
黶	0			
黷	0			
黸	8591			
黹	0			
黺	9009			
黻	9009			
黼	0			
黽	9174			
黾	0			
鼀	0			
鼁	0			
鼂	0			
鼃	0			
鼄	0			
鼅	13211			
鼆	8404			
鼏	10307			
鼑	8745			
鼘	9713			
鼚	9273			
鼡	8272			
鼣	8591			
鼭	0			
鼰	0			
鼳	0			
鼴	0			
鼵	0			
鼶	9097			
鼷	0			
鼸	9163			
鼹	0			
鼺	8437			
鼻	9658			
鼽	8932			
鼾	0			
鼿	0			
齀	0			
齁	0			
齂	0			
齃	0			
齄	0			
齅	0			
齆	0			
齇	0			
齈	0			
齉	0			
齊	0			
齋	0			
齌	0			
齍	0			
齎	0			
齏	8800			
齐	8591			
齑	0			
齓	0			
齔	0			
齕	0			
齖	0			
齗	0			
齘	0			
齙	12991			
齚	0			
齛	0			
齜	0			
齝	0			
齞	0			
齟	0			
齠	0			
齡	0			
齢	0			
齣	0			
齤	0			
齥	0			
齦	0			
齧	0			
齨	0			
齩	0			
齪	0			
齫	0			
齬	0			
齭	0			
齮	0			
齯	0			
齰	0			
齱	0			
齲	0			
齳	0			
齴	0			
齵	0			
齶	0			
齷	0			
齸	32186			
齹	12089			
龌	8943			
龛	9570			
龜	0			
龡	0			
龧	0			
龨	0			
龩	0			
龪	0			
龫	0			
龬	0			
龭	0			
龮	0			
龯	0			
龰	0			
龱	0			
龲	0			
龳	0			
	0			
	0			
	0			
	0			
	0			
	0			
	0			
	0			
龼	0			
龽	0			
龾	0			
龿	0			
鿀	0			
鿁	0			
鿂	0			
鿃	0			
鿄	0			
鿅	0			
鿆	0			
鿇	0			
鿈	0			
鿉	0			
鿊	0			
鿋	0			
鿌	0			
鿍	0			
鿎	0			
鿏	0			
鿐	0			
鿑	0			
鿒	0			
鿓	0			
鿔	0			
鿕	0			
鿖	0			
鿗	0			
鿘	0			
鿙	0			
鿚	0			
鿛	0			
鿜	0			
鿝	0			
鿞	0			
鿟	0			
鿠	0			
鿡	0			
鿢	0			
鿣	0			
鿤	0			
鿥	0			
鿦	0			
鿧	0			
鿨	0			
鿩	0			
鿪	0			
鿫	0			
鿬	0			
鿭	0			
鿮	0			
鿯	0			
鿰	0			
鿱	0			
鿲	0			
鿳	0			
鿴	0			
鿵	0			
鿶	0			
鿷	0			
鿸	0			
鿹	0			
鿺	0			
鿻	0			
鿼	0			
鿽	0			
鿾	0			
鿿	0			
